
driver.elf:     file format elf32-avr

Sections:
Idx Name          Size      VMA       LMA       File off  Algn
  0 .text         00003130  00000000  00000000  00000094  2**1
                  CONTENTS, ALLOC, LOAD, READONLY, CODE
  1 .data         00000008  00800060  00003130  000031c4  2**0
                  CONTENTS, ALLOC, LOAD, DATA
  2 .bss          00000017  00800068  00800068  000031cc  2**0
                  ALLOC
  3 .stab         000030e4  00000000  00000000  000031cc  2**2
                  CONTENTS, READONLY, DEBUGGING
  4 .stabstr      000011f3  00000000  00000000  000062b0  2**0
                  CONTENTS, READONLY, DEBUGGING
  5 .debug_aranges 00000140  00000000  00000000  000074a3  2**0
                  CONTENTS, READONLY, DEBUGGING
  6 .debug_pubnames 00000170  00000000  00000000  000075e3  2**0
                  CONTENTS, READONLY, DEBUGGING
  7 .debug_info   00001c49  00000000  00000000  00007753  2**0
                  CONTENTS, READONLY, DEBUGGING
  8 .debug_abbrev 00000eeb  00000000  00000000  0000939c  2**0
                  CONTENTS, READONLY, DEBUGGING
  9 .debug_line   00000dad  00000000  00000000  0000a287  2**0
                  CONTENTS, READONLY, DEBUGGING
 10 .debug_frame  00000160  00000000  00000000  0000b034  2**2
                  CONTENTS, READONLY, DEBUGGING
 11 .debug_str    0000028d  00000000  00000000  0000b194  2**0
                  CONTENTS, READONLY, DEBUGGING
 12 .debug_loc    000007ce  00000000  00000000  0000b421  2**0
                  CONTENTS, READONLY, DEBUGGING
 13 .debug_ranges 00000050  00000000  00000000  0000bbef  2**0
                  CONTENTS, READONLY, DEBUGGING

Disassembly of section .text:

00000000 <__vectors>:
       0:	0c 94 2a 00 	jmp	0x54	; 0x54 <__ctors_end>
       4:	0c 94 15 08 	jmp	0x102a	; 0x102a <__vector_1>
       8:	0c 94 48 08 	jmp	0x1090	; 0x1090 <__vector_2>
       c:	0c 94 7b 08 	jmp	0x10f6	; 0x10f6 <__vector_3>
      10:	0c 94 47 00 	jmp	0x8e	; 0x8e <__bad_interrupt>
      14:	0c 94 47 00 	jmp	0x8e	; 0x8e <__bad_interrupt>
      18:	0c 94 47 00 	jmp	0x8e	; 0x8e <__bad_interrupt>
      1c:	0c 94 47 00 	jmp	0x8e	; 0x8e <__bad_interrupt>
      20:	0c 94 47 00 	jmp	0x8e	; 0x8e <__bad_interrupt>
      24:	0c 94 47 00 	jmp	0x8e	; 0x8e <__bad_interrupt>
      28:	0c 94 dd 06 	jmp	0xdba	; 0xdba <__vector_10>
      2c:	0c 94 45 07 	jmp	0xe8a	; 0xe8a <__vector_11>
      30:	0c 94 47 00 	jmp	0x8e	; 0x8e <__bad_interrupt>
      34:	0c 94 47 00 	jmp	0x8e	; 0x8e <__bad_interrupt>
      38:	0c 94 47 00 	jmp	0x8e	; 0x8e <__bad_interrupt>
      3c:	0c 94 47 00 	jmp	0x8e	; 0x8e <__bad_interrupt>
      40:	0c 94 47 00 	jmp	0x8e	; 0x8e <__bad_interrupt>
      44:	0c 94 47 00 	jmp	0x8e	; 0x8e <__bad_interrupt>
      48:	0c 94 47 00 	jmp	0x8e	; 0x8e <__bad_interrupt>
      4c:	0c 94 47 00 	jmp	0x8e	; 0x8e <__bad_interrupt>
      50:	0c 94 47 00 	jmp	0x8e	; 0x8e <__bad_interrupt>

00000054 <__ctors_end>:
      54:	11 24       	eor	r1, r1
      56:	1f be       	out	0x3f, r1	; 63
      58:	cf e5       	ldi	r28, 0x5F	; 95
      5a:	d8 e0       	ldi	r29, 0x08	; 8
      5c:	de bf       	out	0x3e, r29	; 62
      5e:	cd bf       	out	0x3d, r28	; 61

00000060 <__do_clear_bss>:
      60:	10 e0       	ldi	r17, 0x00	; 0
      62:	a8 e6       	ldi	r26, 0x68	; 104
      64:	b0 e0       	ldi	r27, 0x00	; 0
      66:	01 c0       	rjmp	.+2      	; 0x6a <.do_clear_bss_start>

00000068 <.do_clear_bss_loop>:
      68:	1d 92       	st	X+, r1

0000006a <.do_clear_bss_start>:
      6a:	af 37       	cpi	r26, 0x7F	; 127
      6c:	b1 07       	cpc	r27, r17
      6e:	e1 f7       	brne	.-8      	; 0x68 <.do_clear_bss_loop>

00000070 <__do_copy_data>:
      70:	10 e0       	ldi	r17, 0x00	; 0
      72:	a0 e6       	ldi	r26, 0x60	; 96
      74:	b0 e0       	ldi	r27, 0x00	; 0
      76:	e0 e3       	ldi	r30, 0x30	; 48
      78:	f1 e3       	ldi	r31, 0x31	; 49
      7a:	02 c0       	rjmp	.+4      	; 0x80 <.do_copy_data_start>

0000007c <.do_copy_data_loop>:
      7c:	05 90       	lpm	r0, Z+
      7e:	0d 92       	st	X+, r0

00000080 <.do_copy_data_start>:
      80:	a8 36       	cpi	r26, 0x68	; 104
      82:	b1 07       	cpc	r27, r17
      84:	d9 f7       	brne	.-10     	; 0x7c <.do_copy_data_loop>
      86:	0e 94 1d 18 	call	0x303a	; 0x303a <main>
      8a:	0c 94 96 18 	jmp	0x312c	; 0x312c <_exit>

0000008e <__bad_interrupt>:
      8e:	0c 94 00 00 	jmp	0	; 0x0 <__vectors>

00000092 <__fixunssfsi>:
      92:	ef 92       	push	r14
      94:	ff 92       	push	r15
      96:	0f 93       	push	r16
      98:	1f 93       	push	r17
      9a:	7b 01       	movw	r14, r22
      9c:	8c 01       	movw	r16, r24
      9e:	20 e0       	ldi	r18, 0x00	; 0
      a0:	30 e0       	ldi	r19, 0x00	; 0
      a2:	40 e0       	ldi	r20, 0x00	; 0
      a4:	5f e4       	ldi	r21, 0x4F	; 79
      a6:	0e 94 49 03 	call	0x692	; 0x692 <__gesf2>
      aa:	88 23       	and	r24, r24
      ac:	8c f0       	brlt	.+34     	; 0xd0 <__fixunssfsi+0x3e>
      ae:	c8 01       	movw	r24, r16
      b0:	b7 01       	movw	r22, r14
      b2:	20 e0       	ldi	r18, 0x00	; 0
      b4:	30 e0       	ldi	r19, 0x00	; 0
      b6:	40 e0       	ldi	r20, 0x00	; 0
      b8:	5f e4       	ldi	r21, 0x4F	; 79
      ba:	0e 94 c1 01 	call	0x382	; 0x382 <__subsf3>
      be:	0e 94 a9 03 	call	0x752	; 0x752 <__fixsfsi>
      c2:	9b 01       	movw	r18, r22
      c4:	ac 01       	movw	r20, r24
      c6:	20 50       	subi	r18, 0x00	; 0
      c8:	30 40       	sbci	r19, 0x00	; 0
      ca:	40 40       	sbci	r20, 0x00	; 0
      cc:	50 48       	sbci	r21, 0x80	; 128
      ce:	06 c0       	rjmp	.+12     	; 0xdc <__fixunssfsi+0x4a>
      d0:	c8 01       	movw	r24, r16
      d2:	b7 01       	movw	r22, r14
      d4:	0e 94 a9 03 	call	0x752	; 0x752 <__fixsfsi>
      d8:	9b 01       	movw	r18, r22
      da:	ac 01       	movw	r20, r24
      dc:	b9 01       	movw	r22, r18
      de:	ca 01       	movw	r24, r20
      e0:	1f 91       	pop	r17
      e2:	0f 91       	pop	r16
      e4:	ff 90       	pop	r15
      e6:	ef 90       	pop	r14
      e8:	08 95       	ret

000000ea <_fpadd_parts>:
      ea:	a0 e0       	ldi	r26, 0x00	; 0
      ec:	b0 e0       	ldi	r27, 0x00	; 0
      ee:	eb e7       	ldi	r30, 0x7B	; 123
      f0:	f0 e0       	ldi	r31, 0x00	; 0
      f2:	0c 94 5f 18 	jmp	0x30be	; 0x30be <__prologue_saves__>
      f6:	dc 01       	movw	r26, r24
      f8:	2b 01       	movw	r4, r22
      fa:	fa 01       	movw	r30, r20
      fc:	9c 91       	ld	r25, X
      fe:	92 30       	cpi	r25, 0x02	; 2
     100:	08 f4       	brcc	.+2      	; 0x104 <_fpadd_parts+0x1a>
     102:	39 c1       	rjmp	.+626    	; 0x376 <_fpadd_parts+0x28c>
     104:	eb 01       	movw	r28, r22
     106:	88 81       	ld	r24, Y
     108:	82 30       	cpi	r24, 0x02	; 2
     10a:	08 f4       	brcc	.+2      	; 0x10e <_fpadd_parts+0x24>
     10c:	33 c1       	rjmp	.+614    	; 0x374 <_fpadd_parts+0x28a>
     10e:	94 30       	cpi	r25, 0x04	; 4
     110:	69 f4       	brne	.+26     	; 0x12c <_fpadd_parts+0x42>
     112:	84 30       	cpi	r24, 0x04	; 4
     114:	09 f0       	breq	.+2      	; 0x118 <_fpadd_parts+0x2e>
     116:	2f c1       	rjmp	.+606    	; 0x376 <_fpadd_parts+0x28c>
     118:	11 96       	adiw	r26, 0x01	; 1
     11a:	9c 91       	ld	r25, X
     11c:	11 97       	sbiw	r26, 0x01	; 1
     11e:	89 81       	ldd	r24, Y+1	; 0x01
     120:	98 17       	cp	r25, r24
     122:	09 f4       	brne	.+2      	; 0x126 <_fpadd_parts+0x3c>
     124:	28 c1       	rjmp	.+592    	; 0x376 <_fpadd_parts+0x28c>
     126:	a0 e6       	ldi	r26, 0x60	; 96
     128:	b0 e0       	ldi	r27, 0x00	; 0
     12a:	25 c1       	rjmp	.+586    	; 0x376 <_fpadd_parts+0x28c>
     12c:	84 30       	cpi	r24, 0x04	; 4
     12e:	09 f4       	brne	.+2      	; 0x132 <_fpadd_parts+0x48>
     130:	21 c1       	rjmp	.+578    	; 0x374 <_fpadd_parts+0x28a>
     132:	82 30       	cpi	r24, 0x02	; 2
     134:	a9 f4       	brne	.+42     	; 0x160 <_fpadd_parts+0x76>
     136:	92 30       	cpi	r25, 0x02	; 2
     138:	09 f0       	breq	.+2      	; 0x13c <_fpadd_parts+0x52>
     13a:	1d c1       	rjmp	.+570    	; 0x376 <_fpadd_parts+0x28c>
     13c:	9a 01       	movw	r18, r20
     13e:	ad 01       	movw	r20, r26
     140:	88 e0       	ldi	r24, 0x08	; 8
     142:	ea 01       	movw	r28, r20
     144:	09 90       	ld	r0, Y+
     146:	ae 01       	movw	r20, r28
     148:	e9 01       	movw	r28, r18
     14a:	09 92       	st	Y+, r0
     14c:	9e 01       	movw	r18, r28
     14e:	81 50       	subi	r24, 0x01	; 1
     150:	c1 f7       	brne	.-16     	; 0x142 <_fpadd_parts+0x58>
     152:	e2 01       	movw	r28, r4
     154:	89 81       	ldd	r24, Y+1	; 0x01
     156:	11 96       	adiw	r26, 0x01	; 1
     158:	9c 91       	ld	r25, X
     15a:	89 23       	and	r24, r25
     15c:	81 83       	std	Z+1, r24	; 0x01
     15e:	08 c1       	rjmp	.+528    	; 0x370 <_fpadd_parts+0x286>
     160:	92 30       	cpi	r25, 0x02	; 2
     162:	09 f4       	brne	.+2      	; 0x166 <_fpadd_parts+0x7c>
     164:	07 c1       	rjmp	.+526    	; 0x374 <_fpadd_parts+0x28a>
     166:	12 96       	adiw	r26, 0x02	; 2
     168:	2d 90       	ld	r2, X+
     16a:	3c 90       	ld	r3, X
     16c:	13 97       	sbiw	r26, 0x03	; 3
     16e:	eb 01       	movw	r28, r22
     170:	8a 81       	ldd	r24, Y+2	; 0x02
     172:	9b 81       	ldd	r25, Y+3	; 0x03
     174:	14 96       	adiw	r26, 0x04	; 4
     176:	ad 90       	ld	r10, X+
     178:	bd 90       	ld	r11, X+
     17a:	cd 90       	ld	r12, X+
     17c:	dc 90       	ld	r13, X
     17e:	17 97       	sbiw	r26, 0x07	; 7
     180:	ec 80       	ldd	r14, Y+4	; 0x04
     182:	fd 80       	ldd	r15, Y+5	; 0x05
     184:	0e 81       	ldd	r16, Y+6	; 0x06
     186:	1f 81       	ldd	r17, Y+7	; 0x07
     188:	91 01       	movw	r18, r2
     18a:	28 1b       	sub	r18, r24
     18c:	39 0b       	sbc	r19, r25
     18e:	b9 01       	movw	r22, r18
     190:	37 ff       	sbrs	r19, 7
     192:	04 c0       	rjmp	.+8      	; 0x19c <_fpadd_parts+0xb2>
     194:	66 27       	eor	r22, r22
     196:	77 27       	eor	r23, r23
     198:	62 1b       	sub	r22, r18
     19a:	73 0b       	sbc	r23, r19
     19c:	60 32       	cpi	r22, 0x20	; 32
     19e:	71 05       	cpc	r23, r1
     1a0:	0c f0       	brlt	.+2      	; 0x1a4 <_fpadd_parts+0xba>
     1a2:	61 c0       	rjmp	.+194    	; 0x266 <_fpadd_parts+0x17c>
     1a4:	12 16       	cp	r1, r18
     1a6:	13 06       	cpc	r1, r19
     1a8:	6c f5       	brge	.+90     	; 0x204 <_fpadd_parts+0x11a>
     1aa:	37 01       	movw	r6, r14
     1ac:	48 01       	movw	r8, r16
     1ae:	06 2e       	mov	r0, r22
     1b0:	04 c0       	rjmp	.+8      	; 0x1ba <_fpadd_parts+0xd0>
     1b2:	96 94       	lsr	r9
     1b4:	87 94       	ror	r8
     1b6:	77 94       	ror	r7
     1b8:	67 94       	ror	r6
     1ba:	0a 94       	dec	r0
     1bc:	d2 f7       	brpl	.-12     	; 0x1b2 <_fpadd_parts+0xc8>
     1be:	21 e0       	ldi	r18, 0x01	; 1
     1c0:	30 e0       	ldi	r19, 0x00	; 0
     1c2:	40 e0       	ldi	r20, 0x00	; 0
     1c4:	50 e0       	ldi	r21, 0x00	; 0
     1c6:	04 c0       	rjmp	.+8      	; 0x1d0 <_fpadd_parts+0xe6>
     1c8:	22 0f       	add	r18, r18
     1ca:	33 1f       	adc	r19, r19
     1cc:	44 1f       	adc	r20, r20
     1ce:	55 1f       	adc	r21, r21
     1d0:	6a 95       	dec	r22
     1d2:	d2 f7       	brpl	.-12     	; 0x1c8 <_fpadd_parts+0xde>
     1d4:	21 50       	subi	r18, 0x01	; 1
     1d6:	30 40       	sbci	r19, 0x00	; 0
     1d8:	40 40       	sbci	r20, 0x00	; 0
     1da:	50 40       	sbci	r21, 0x00	; 0
     1dc:	2e 21       	and	r18, r14
     1de:	3f 21       	and	r19, r15
     1e0:	40 23       	and	r20, r16
     1e2:	51 23       	and	r21, r17
     1e4:	21 15       	cp	r18, r1
     1e6:	31 05       	cpc	r19, r1
     1e8:	41 05       	cpc	r20, r1
     1ea:	51 05       	cpc	r21, r1
     1ec:	21 f0       	breq	.+8      	; 0x1f6 <_fpadd_parts+0x10c>
     1ee:	21 e0       	ldi	r18, 0x01	; 1
     1f0:	30 e0       	ldi	r19, 0x00	; 0
     1f2:	40 e0       	ldi	r20, 0x00	; 0
     1f4:	50 e0       	ldi	r21, 0x00	; 0
     1f6:	79 01       	movw	r14, r18
     1f8:	8a 01       	movw	r16, r20
     1fa:	e6 28       	or	r14, r6
     1fc:	f7 28       	or	r15, r7
     1fe:	08 29       	or	r16, r8
     200:	19 29       	or	r17, r9
     202:	3c c0       	rjmp	.+120    	; 0x27c <_fpadd_parts+0x192>
     204:	23 2b       	or	r18, r19
     206:	d1 f1       	breq	.+116    	; 0x27c <_fpadd_parts+0x192>
     208:	26 0e       	add	r2, r22
     20a:	37 1e       	adc	r3, r23
     20c:	35 01       	movw	r6, r10
     20e:	46 01       	movw	r8, r12
     210:	06 2e       	mov	r0, r22
     212:	04 c0       	rjmp	.+8      	; 0x21c <_fpadd_parts+0x132>
     214:	96 94       	lsr	r9
     216:	87 94       	ror	r8
     218:	77 94       	ror	r7
     21a:	67 94       	ror	r6
     21c:	0a 94       	dec	r0
     21e:	d2 f7       	brpl	.-12     	; 0x214 <_fpadd_parts+0x12a>
     220:	21 e0       	ldi	r18, 0x01	; 1
     222:	30 e0       	ldi	r19, 0x00	; 0
     224:	40 e0       	ldi	r20, 0x00	; 0
     226:	50 e0       	ldi	r21, 0x00	; 0
     228:	04 c0       	rjmp	.+8      	; 0x232 <_fpadd_parts+0x148>
     22a:	22 0f       	add	r18, r18
     22c:	33 1f       	adc	r19, r19
     22e:	44 1f       	adc	r20, r20
     230:	55 1f       	adc	r21, r21
     232:	6a 95       	dec	r22
     234:	d2 f7       	brpl	.-12     	; 0x22a <_fpadd_parts+0x140>
     236:	21 50       	subi	r18, 0x01	; 1
     238:	30 40       	sbci	r19, 0x00	; 0
     23a:	40 40       	sbci	r20, 0x00	; 0
     23c:	50 40       	sbci	r21, 0x00	; 0
     23e:	2a 21       	and	r18, r10
     240:	3b 21       	and	r19, r11
     242:	4c 21       	and	r20, r12
     244:	5d 21       	and	r21, r13
     246:	21 15       	cp	r18, r1
     248:	31 05       	cpc	r19, r1
     24a:	41 05       	cpc	r20, r1
     24c:	51 05       	cpc	r21, r1
     24e:	21 f0       	breq	.+8      	; 0x258 <_fpadd_parts+0x16e>
     250:	21 e0       	ldi	r18, 0x01	; 1
     252:	30 e0       	ldi	r19, 0x00	; 0
     254:	40 e0       	ldi	r20, 0x00	; 0
     256:	50 e0       	ldi	r21, 0x00	; 0
     258:	59 01       	movw	r10, r18
     25a:	6a 01       	movw	r12, r20
     25c:	a6 28       	or	r10, r6
     25e:	b7 28       	or	r11, r7
     260:	c8 28       	or	r12, r8
     262:	d9 28       	or	r13, r9
     264:	0b c0       	rjmp	.+22     	; 0x27c <_fpadd_parts+0x192>
     266:	82 15       	cp	r24, r2
     268:	93 05       	cpc	r25, r3
     26a:	2c f0       	brlt	.+10     	; 0x276 <_fpadd_parts+0x18c>
     26c:	1c 01       	movw	r2, r24
     26e:	aa 24       	eor	r10, r10
     270:	bb 24       	eor	r11, r11
     272:	65 01       	movw	r12, r10
     274:	03 c0       	rjmp	.+6      	; 0x27c <_fpadd_parts+0x192>
     276:	ee 24       	eor	r14, r14
     278:	ff 24       	eor	r15, r15
     27a:	87 01       	movw	r16, r14
     27c:	11 96       	adiw	r26, 0x01	; 1
     27e:	9c 91       	ld	r25, X
     280:	d2 01       	movw	r26, r4
     282:	11 96       	adiw	r26, 0x01	; 1
     284:	8c 91       	ld	r24, X
     286:	98 17       	cp	r25, r24
     288:	09 f4       	brne	.+2      	; 0x28c <_fpadd_parts+0x1a2>
     28a:	45 c0       	rjmp	.+138    	; 0x316 <_fpadd_parts+0x22c>
     28c:	99 23       	and	r25, r25
     28e:	39 f0       	breq	.+14     	; 0x29e <_fpadd_parts+0x1b4>
     290:	a8 01       	movw	r20, r16
     292:	97 01       	movw	r18, r14
     294:	2a 19       	sub	r18, r10
     296:	3b 09       	sbc	r19, r11
     298:	4c 09       	sbc	r20, r12
     29a:	5d 09       	sbc	r21, r13
     29c:	06 c0       	rjmp	.+12     	; 0x2aa <_fpadd_parts+0x1c0>
     29e:	a6 01       	movw	r20, r12
     2a0:	95 01       	movw	r18, r10
     2a2:	2e 19       	sub	r18, r14
     2a4:	3f 09       	sbc	r19, r15
     2a6:	40 0b       	sbc	r20, r16
     2a8:	51 0b       	sbc	r21, r17
     2aa:	57 fd       	sbrc	r21, 7
     2ac:	08 c0       	rjmp	.+16     	; 0x2be <_fpadd_parts+0x1d4>
     2ae:	11 82       	std	Z+1, r1	; 0x01
     2b0:	33 82       	std	Z+3, r3	; 0x03
     2b2:	22 82       	std	Z+2, r2	; 0x02
     2b4:	24 83       	std	Z+4, r18	; 0x04
     2b6:	35 83       	std	Z+5, r19	; 0x05
     2b8:	46 83       	std	Z+6, r20	; 0x06
     2ba:	57 83       	std	Z+7, r21	; 0x07
     2bc:	1d c0       	rjmp	.+58     	; 0x2f8 <_fpadd_parts+0x20e>
     2be:	81 e0       	ldi	r24, 0x01	; 1
     2c0:	81 83       	std	Z+1, r24	; 0x01
     2c2:	33 82       	std	Z+3, r3	; 0x03
     2c4:	22 82       	std	Z+2, r2	; 0x02
     2c6:	88 27       	eor	r24, r24
     2c8:	99 27       	eor	r25, r25
     2ca:	dc 01       	movw	r26, r24
     2cc:	82 1b       	sub	r24, r18
     2ce:	93 0b       	sbc	r25, r19
     2d0:	a4 0b       	sbc	r26, r20
     2d2:	b5 0b       	sbc	r27, r21
     2d4:	84 83       	std	Z+4, r24	; 0x04
     2d6:	95 83       	std	Z+5, r25	; 0x05
     2d8:	a6 83       	std	Z+6, r26	; 0x06
     2da:	b7 83       	std	Z+7, r27	; 0x07
     2dc:	0d c0       	rjmp	.+26     	; 0x2f8 <_fpadd_parts+0x20e>
     2de:	22 0f       	add	r18, r18
     2e0:	33 1f       	adc	r19, r19
     2e2:	44 1f       	adc	r20, r20
     2e4:	55 1f       	adc	r21, r21
     2e6:	24 83       	std	Z+4, r18	; 0x04
     2e8:	35 83       	std	Z+5, r19	; 0x05
     2ea:	46 83       	std	Z+6, r20	; 0x06
     2ec:	57 83       	std	Z+7, r21	; 0x07
     2ee:	82 81       	ldd	r24, Z+2	; 0x02
     2f0:	93 81       	ldd	r25, Z+3	; 0x03
     2f2:	01 97       	sbiw	r24, 0x01	; 1
     2f4:	93 83       	std	Z+3, r25	; 0x03
     2f6:	82 83       	std	Z+2, r24	; 0x02
     2f8:	24 81       	ldd	r18, Z+4	; 0x04
     2fa:	35 81       	ldd	r19, Z+5	; 0x05
     2fc:	46 81       	ldd	r20, Z+6	; 0x06
     2fe:	57 81       	ldd	r21, Z+7	; 0x07
     300:	da 01       	movw	r26, r20
     302:	c9 01       	movw	r24, r18
     304:	01 97       	sbiw	r24, 0x01	; 1
     306:	a1 09       	sbc	r26, r1
     308:	b1 09       	sbc	r27, r1
     30a:	8f 5f       	subi	r24, 0xFF	; 255
     30c:	9f 4f       	sbci	r25, 0xFF	; 255
     30e:	af 4f       	sbci	r26, 0xFF	; 255
     310:	bf 43       	sbci	r27, 0x3F	; 63
     312:	28 f3       	brcs	.-54     	; 0x2de <_fpadd_parts+0x1f4>
     314:	0b c0       	rjmp	.+22     	; 0x32c <_fpadd_parts+0x242>
     316:	91 83       	std	Z+1, r25	; 0x01
     318:	33 82       	std	Z+3, r3	; 0x03
     31a:	22 82       	std	Z+2, r2	; 0x02
     31c:	ea 0c       	add	r14, r10
     31e:	fb 1c       	adc	r15, r11
     320:	0c 1d       	adc	r16, r12
     322:	1d 1d       	adc	r17, r13
     324:	e4 82       	std	Z+4, r14	; 0x04
     326:	f5 82       	std	Z+5, r15	; 0x05
     328:	06 83       	std	Z+6, r16	; 0x06
     32a:	17 83       	std	Z+7, r17	; 0x07
     32c:	83 e0       	ldi	r24, 0x03	; 3
     32e:	80 83       	st	Z, r24
     330:	24 81       	ldd	r18, Z+4	; 0x04
     332:	35 81       	ldd	r19, Z+5	; 0x05
     334:	46 81       	ldd	r20, Z+6	; 0x06
     336:	57 81       	ldd	r21, Z+7	; 0x07
     338:	57 ff       	sbrs	r21, 7
     33a:	1a c0       	rjmp	.+52     	; 0x370 <_fpadd_parts+0x286>
     33c:	c9 01       	movw	r24, r18
     33e:	aa 27       	eor	r26, r26
     340:	97 fd       	sbrc	r25, 7
     342:	a0 95       	com	r26
     344:	ba 2f       	mov	r27, r26
     346:	81 70       	andi	r24, 0x01	; 1
     348:	90 70       	andi	r25, 0x00	; 0
     34a:	a0 70       	andi	r26, 0x00	; 0
     34c:	b0 70       	andi	r27, 0x00	; 0
     34e:	56 95       	lsr	r21
     350:	47 95       	ror	r20
     352:	37 95       	ror	r19
     354:	27 95       	ror	r18
     356:	82 2b       	or	r24, r18
     358:	93 2b       	or	r25, r19
     35a:	a4 2b       	or	r26, r20
     35c:	b5 2b       	or	r27, r21
     35e:	84 83       	std	Z+4, r24	; 0x04
     360:	95 83       	std	Z+5, r25	; 0x05
     362:	a6 83       	std	Z+6, r26	; 0x06
     364:	b7 83       	std	Z+7, r27	; 0x07
     366:	82 81       	ldd	r24, Z+2	; 0x02
     368:	93 81       	ldd	r25, Z+3	; 0x03
     36a:	01 96       	adiw	r24, 0x01	; 1
     36c:	93 83       	std	Z+3, r25	; 0x03
     36e:	82 83       	std	Z+2, r24	; 0x02
     370:	df 01       	movw	r26, r30
     372:	01 c0       	rjmp	.+2      	; 0x376 <_fpadd_parts+0x28c>
     374:	d2 01       	movw	r26, r4
     376:	cd 01       	movw	r24, r26
     378:	cd b7       	in	r28, 0x3d	; 61
     37a:	de b7       	in	r29, 0x3e	; 62
     37c:	e2 e1       	ldi	r30, 0x12	; 18
     37e:	0c 94 7b 18 	jmp	0x30f6	; 0x30f6 <__epilogue_restores__>

00000382 <__subsf3>:
     382:	a0 e2       	ldi	r26, 0x20	; 32
     384:	b0 e0       	ldi	r27, 0x00	; 0
     386:	e7 ec       	ldi	r30, 0xC7	; 199
     388:	f1 e0       	ldi	r31, 0x01	; 1
     38a:	0c 94 6b 18 	jmp	0x30d6	; 0x30d6 <__prologue_saves__+0x18>
     38e:	69 83       	std	Y+1, r22	; 0x01
     390:	7a 83       	std	Y+2, r23	; 0x02
     392:	8b 83       	std	Y+3, r24	; 0x03
     394:	9c 83       	std	Y+4, r25	; 0x04
     396:	2d 83       	std	Y+5, r18	; 0x05
     398:	3e 83       	std	Y+6, r19	; 0x06
     39a:	4f 83       	std	Y+7, r20	; 0x07
     39c:	58 87       	std	Y+8, r21	; 0x08
     39e:	e9 e0       	ldi	r30, 0x09	; 9
     3a0:	ee 2e       	mov	r14, r30
     3a2:	f1 2c       	mov	r15, r1
     3a4:	ec 0e       	add	r14, r28
     3a6:	fd 1e       	adc	r15, r29
     3a8:	ce 01       	movw	r24, r28
     3aa:	01 96       	adiw	r24, 0x01	; 1
     3ac:	b7 01       	movw	r22, r14
     3ae:	0e 94 d2 04 	call	0x9a4	; 0x9a4 <__unpack_f>
     3b2:	8e 01       	movw	r16, r28
     3b4:	0f 5e       	subi	r16, 0xEF	; 239
     3b6:	1f 4f       	sbci	r17, 0xFF	; 255
     3b8:	ce 01       	movw	r24, r28
     3ba:	05 96       	adiw	r24, 0x05	; 5
     3bc:	b8 01       	movw	r22, r16
     3be:	0e 94 d2 04 	call	0x9a4	; 0x9a4 <__unpack_f>
     3c2:	8a 89       	ldd	r24, Y+18	; 0x12
     3c4:	91 e0       	ldi	r25, 0x01	; 1
     3c6:	89 27       	eor	r24, r25
     3c8:	8a 8b       	std	Y+18, r24	; 0x12
     3ca:	c7 01       	movw	r24, r14
     3cc:	b8 01       	movw	r22, r16
     3ce:	ae 01       	movw	r20, r28
     3d0:	47 5e       	subi	r20, 0xE7	; 231
     3d2:	5f 4f       	sbci	r21, 0xFF	; 255
     3d4:	0e 94 75 00 	call	0xea	; 0xea <_fpadd_parts>
     3d8:	0e 94 fd 03 	call	0x7fa	; 0x7fa <__pack_f>
     3dc:	a0 96       	adiw	r28, 0x20	; 32
     3de:	e6 e0       	ldi	r30, 0x06	; 6
     3e0:	0c 94 87 18 	jmp	0x310e	; 0x310e <__epilogue_restores__+0x18>

000003e4 <__addsf3>:
     3e4:	a0 e2       	ldi	r26, 0x20	; 32
     3e6:	b0 e0       	ldi	r27, 0x00	; 0
     3e8:	e8 ef       	ldi	r30, 0xF8	; 248
     3ea:	f1 e0       	ldi	r31, 0x01	; 1
     3ec:	0c 94 6b 18 	jmp	0x30d6	; 0x30d6 <__prologue_saves__+0x18>
     3f0:	69 83       	std	Y+1, r22	; 0x01
     3f2:	7a 83       	std	Y+2, r23	; 0x02
     3f4:	8b 83       	std	Y+3, r24	; 0x03
     3f6:	9c 83       	std	Y+4, r25	; 0x04
     3f8:	2d 83       	std	Y+5, r18	; 0x05
     3fa:	3e 83       	std	Y+6, r19	; 0x06
     3fc:	4f 83       	std	Y+7, r20	; 0x07
     3fe:	58 87       	std	Y+8, r21	; 0x08
     400:	f9 e0       	ldi	r31, 0x09	; 9
     402:	ef 2e       	mov	r14, r31
     404:	f1 2c       	mov	r15, r1
     406:	ec 0e       	add	r14, r28
     408:	fd 1e       	adc	r15, r29
     40a:	ce 01       	movw	r24, r28
     40c:	01 96       	adiw	r24, 0x01	; 1
     40e:	b7 01       	movw	r22, r14
     410:	0e 94 d2 04 	call	0x9a4	; 0x9a4 <__unpack_f>
     414:	8e 01       	movw	r16, r28
     416:	0f 5e       	subi	r16, 0xEF	; 239
     418:	1f 4f       	sbci	r17, 0xFF	; 255
     41a:	ce 01       	movw	r24, r28
     41c:	05 96       	adiw	r24, 0x05	; 5
     41e:	b8 01       	movw	r22, r16
     420:	0e 94 d2 04 	call	0x9a4	; 0x9a4 <__unpack_f>
     424:	c7 01       	movw	r24, r14
     426:	b8 01       	movw	r22, r16
     428:	ae 01       	movw	r20, r28
     42a:	47 5e       	subi	r20, 0xE7	; 231
     42c:	5f 4f       	sbci	r21, 0xFF	; 255
     42e:	0e 94 75 00 	call	0xea	; 0xea <_fpadd_parts>
     432:	0e 94 fd 03 	call	0x7fa	; 0x7fa <__pack_f>
     436:	a0 96       	adiw	r28, 0x20	; 32
     438:	e6 e0       	ldi	r30, 0x06	; 6
     43a:	0c 94 87 18 	jmp	0x310e	; 0x310e <__epilogue_restores__+0x18>

0000043e <__mulsf3>:
     43e:	a0 e2       	ldi	r26, 0x20	; 32
     440:	b0 e0       	ldi	r27, 0x00	; 0
     442:	e5 e2       	ldi	r30, 0x25	; 37
     444:	f2 e0       	ldi	r31, 0x02	; 2
     446:	0c 94 5f 18 	jmp	0x30be	; 0x30be <__prologue_saves__>
     44a:	69 83       	std	Y+1, r22	; 0x01
     44c:	7a 83       	std	Y+2, r23	; 0x02
     44e:	8b 83       	std	Y+3, r24	; 0x03
     450:	9c 83       	std	Y+4, r25	; 0x04
     452:	2d 83       	std	Y+5, r18	; 0x05
     454:	3e 83       	std	Y+6, r19	; 0x06
     456:	4f 83       	std	Y+7, r20	; 0x07
     458:	58 87       	std	Y+8, r21	; 0x08
     45a:	ce 01       	movw	r24, r28
     45c:	01 96       	adiw	r24, 0x01	; 1
     45e:	be 01       	movw	r22, r28
     460:	67 5f       	subi	r22, 0xF7	; 247
     462:	7f 4f       	sbci	r23, 0xFF	; 255
     464:	0e 94 d2 04 	call	0x9a4	; 0x9a4 <__unpack_f>
     468:	ce 01       	movw	r24, r28
     46a:	05 96       	adiw	r24, 0x05	; 5
     46c:	be 01       	movw	r22, r28
     46e:	6f 5e       	subi	r22, 0xEF	; 239
     470:	7f 4f       	sbci	r23, 0xFF	; 255
     472:	0e 94 d2 04 	call	0x9a4	; 0x9a4 <__unpack_f>
     476:	99 85       	ldd	r25, Y+9	; 0x09
     478:	92 30       	cpi	r25, 0x02	; 2
     47a:	88 f0       	brcs	.+34     	; 0x49e <__mulsf3+0x60>
     47c:	89 89       	ldd	r24, Y+17	; 0x11
     47e:	82 30       	cpi	r24, 0x02	; 2
     480:	c8 f0       	brcs	.+50     	; 0x4b4 <__mulsf3+0x76>
     482:	94 30       	cpi	r25, 0x04	; 4
     484:	19 f4       	brne	.+6      	; 0x48c <__mulsf3+0x4e>
     486:	82 30       	cpi	r24, 0x02	; 2
     488:	51 f4       	brne	.+20     	; 0x49e <__mulsf3+0x60>
     48a:	04 c0       	rjmp	.+8      	; 0x494 <__mulsf3+0x56>
     48c:	84 30       	cpi	r24, 0x04	; 4
     48e:	29 f4       	brne	.+10     	; 0x49a <__mulsf3+0x5c>
     490:	92 30       	cpi	r25, 0x02	; 2
     492:	81 f4       	brne	.+32     	; 0x4b4 <__mulsf3+0x76>
     494:	80 e6       	ldi	r24, 0x60	; 96
     496:	90 e0       	ldi	r25, 0x00	; 0
     498:	c6 c0       	rjmp	.+396    	; 0x626 <__mulsf3+0x1e8>
     49a:	92 30       	cpi	r25, 0x02	; 2
     49c:	49 f4       	brne	.+18     	; 0x4b0 <__mulsf3+0x72>
     49e:	20 e0       	ldi	r18, 0x00	; 0
     4a0:	9a 85       	ldd	r25, Y+10	; 0x0a
     4a2:	8a 89       	ldd	r24, Y+18	; 0x12
     4a4:	98 13       	cpse	r25, r24
     4a6:	21 e0       	ldi	r18, 0x01	; 1
     4a8:	2a 87       	std	Y+10, r18	; 0x0a
     4aa:	ce 01       	movw	r24, r28
     4ac:	09 96       	adiw	r24, 0x09	; 9
     4ae:	bb c0       	rjmp	.+374    	; 0x626 <__mulsf3+0x1e8>
     4b0:	82 30       	cpi	r24, 0x02	; 2
     4b2:	49 f4       	brne	.+18     	; 0x4c6 <__mulsf3+0x88>
     4b4:	20 e0       	ldi	r18, 0x00	; 0
     4b6:	9a 85       	ldd	r25, Y+10	; 0x0a
     4b8:	8a 89       	ldd	r24, Y+18	; 0x12
     4ba:	98 13       	cpse	r25, r24
     4bc:	21 e0       	ldi	r18, 0x01	; 1
     4be:	2a 8b       	std	Y+18, r18	; 0x12
     4c0:	ce 01       	movw	r24, r28
     4c2:	41 96       	adiw	r24, 0x11	; 17
     4c4:	b0 c0       	rjmp	.+352    	; 0x626 <__mulsf3+0x1e8>
     4c6:	2d 84       	ldd	r2, Y+13	; 0x0d
     4c8:	3e 84       	ldd	r3, Y+14	; 0x0e
     4ca:	4f 84       	ldd	r4, Y+15	; 0x0f
     4cc:	58 88       	ldd	r5, Y+16	; 0x10
     4ce:	6d 88       	ldd	r6, Y+21	; 0x15
     4d0:	7e 88       	ldd	r7, Y+22	; 0x16
     4d2:	8f 88       	ldd	r8, Y+23	; 0x17
     4d4:	98 8c       	ldd	r9, Y+24	; 0x18
     4d6:	ee 24       	eor	r14, r14
     4d8:	ff 24       	eor	r15, r15
     4da:	87 01       	movw	r16, r14
     4dc:	aa 24       	eor	r10, r10
     4de:	bb 24       	eor	r11, r11
     4e0:	65 01       	movw	r12, r10
     4e2:	40 e0       	ldi	r20, 0x00	; 0
     4e4:	50 e0       	ldi	r21, 0x00	; 0
     4e6:	60 e0       	ldi	r22, 0x00	; 0
     4e8:	70 e0       	ldi	r23, 0x00	; 0
     4ea:	e0 e0       	ldi	r30, 0x00	; 0
     4ec:	f0 e0       	ldi	r31, 0x00	; 0
     4ee:	c1 01       	movw	r24, r2
     4f0:	81 70       	andi	r24, 0x01	; 1
     4f2:	90 70       	andi	r25, 0x00	; 0
     4f4:	89 2b       	or	r24, r25
     4f6:	e9 f0       	breq	.+58     	; 0x532 <__mulsf3+0xf4>
     4f8:	e6 0c       	add	r14, r6
     4fa:	f7 1c       	adc	r15, r7
     4fc:	08 1d       	adc	r16, r8
     4fe:	19 1d       	adc	r17, r9
     500:	9a 01       	movw	r18, r20
     502:	ab 01       	movw	r20, r22
     504:	2a 0d       	add	r18, r10
     506:	3b 1d       	adc	r19, r11
     508:	4c 1d       	adc	r20, r12
     50a:	5d 1d       	adc	r21, r13
     50c:	80 e0       	ldi	r24, 0x00	; 0
     50e:	90 e0       	ldi	r25, 0x00	; 0
     510:	a0 e0       	ldi	r26, 0x00	; 0
     512:	b0 e0       	ldi	r27, 0x00	; 0
     514:	e6 14       	cp	r14, r6
     516:	f7 04       	cpc	r15, r7
     518:	08 05       	cpc	r16, r8
     51a:	19 05       	cpc	r17, r9
     51c:	20 f4       	brcc	.+8      	; 0x526 <__mulsf3+0xe8>
     51e:	81 e0       	ldi	r24, 0x01	; 1
     520:	90 e0       	ldi	r25, 0x00	; 0
     522:	a0 e0       	ldi	r26, 0x00	; 0
     524:	b0 e0       	ldi	r27, 0x00	; 0
     526:	ba 01       	movw	r22, r20
     528:	a9 01       	movw	r20, r18
     52a:	48 0f       	add	r20, r24
     52c:	59 1f       	adc	r21, r25
     52e:	6a 1f       	adc	r22, r26
     530:	7b 1f       	adc	r23, r27
     532:	aa 0c       	add	r10, r10
     534:	bb 1c       	adc	r11, r11
     536:	cc 1c       	adc	r12, r12
     538:	dd 1c       	adc	r13, r13
     53a:	97 fe       	sbrs	r9, 7
     53c:	08 c0       	rjmp	.+16     	; 0x54e <__mulsf3+0x110>
     53e:	81 e0       	ldi	r24, 0x01	; 1
     540:	90 e0       	ldi	r25, 0x00	; 0
     542:	a0 e0       	ldi	r26, 0x00	; 0
     544:	b0 e0       	ldi	r27, 0x00	; 0
     546:	a8 2a       	or	r10, r24
     548:	b9 2a       	or	r11, r25
     54a:	ca 2a       	or	r12, r26
     54c:	db 2a       	or	r13, r27
     54e:	31 96       	adiw	r30, 0x01	; 1
     550:	e0 32       	cpi	r30, 0x20	; 32
     552:	f1 05       	cpc	r31, r1
     554:	49 f0       	breq	.+18     	; 0x568 <__mulsf3+0x12a>
     556:	66 0c       	add	r6, r6
     558:	77 1c       	adc	r7, r7
     55a:	88 1c       	adc	r8, r8
     55c:	99 1c       	adc	r9, r9
     55e:	56 94       	lsr	r5
     560:	47 94       	ror	r4
     562:	37 94       	ror	r3
     564:	27 94       	ror	r2
     566:	c3 cf       	rjmp	.-122    	; 0x4ee <__mulsf3+0xb0>
     568:	fa 85       	ldd	r31, Y+10	; 0x0a
     56a:	ea 89       	ldd	r30, Y+18	; 0x12
     56c:	2b 89       	ldd	r18, Y+19	; 0x13
     56e:	3c 89       	ldd	r19, Y+20	; 0x14
     570:	8b 85       	ldd	r24, Y+11	; 0x0b
     572:	9c 85       	ldd	r25, Y+12	; 0x0c
     574:	28 0f       	add	r18, r24
     576:	39 1f       	adc	r19, r25
     578:	2e 5f       	subi	r18, 0xFE	; 254
     57a:	3f 4f       	sbci	r19, 0xFF	; 255
     57c:	17 c0       	rjmp	.+46     	; 0x5ac <__mulsf3+0x16e>
     57e:	ca 01       	movw	r24, r20
     580:	81 70       	andi	r24, 0x01	; 1
     582:	90 70       	andi	r25, 0x00	; 0
     584:	89 2b       	or	r24, r25
     586:	61 f0       	breq	.+24     	; 0x5a0 <__mulsf3+0x162>
     588:	16 95       	lsr	r17
     58a:	07 95       	ror	r16
     58c:	f7 94       	ror	r15
     58e:	e7 94       	ror	r14
     590:	80 e0       	ldi	r24, 0x00	; 0
     592:	90 e0       	ldi	r25, 0x00	; 0
     594:	a0 e0       	ldi	r26, 0x00	; 0
     596:	b0 e8       	ldi	r27, 0x80	; 128
     598:	e8 2a       	or	r14, r24
     59a:	f9 2a       	or	r15, r25
     59c:	0a 2b       	or	r16, r26
     59e:	1b 2b       	or	r17, r27
     5a0:	76 95       	lsr	r23
     5a2:	67 95       	ror	r22
     5a4:	57 95       	ror	r21
     5a6:	47 95       	ror	r20
     5a8:	2f 5f       	subi	r18, 0xFF	; 255
     5aa:	3f 4f       	sbci	r19, 0xFF	; 255
     5ac:	77 fd       	sbrc	r23, 7
     5ae:	e7 cf       	rjmp	.-50     	; 0x57e <__mulsf3+0x140>
     5b0:	0c c0       	rjmp	.+24     	; 0x5ca <__mulsf3+0x18c>
     5b2:	44 0f       	add	r20, r20
     5b4:	55 1f       	adc	r21, r21
     5b6:	66 1f       	adc	r22, r22
     5b8:	77 1f       	adc	r23, r23
     5ba:	17 fd       	sbrc	r17, 7
     5bc:	41 60       	ori	r20, 0x01	; 1
     5be:	ee 0c       	add	r14, r14
     5c0:	ff 1c       	adc	r15, r15
     5c2:	00 1f       	adc	r16, r16
     5c4:	11 1f       	adc	r17, r17
     5c6:	21 50       	subi	r18, 0x01	; 1
     5c8:	30 40       	sbci	r19, 0x00	; 0
     5ca:	40 30       	cpi	r20, 0x00	; 0
     5cc:	90 e0       	ldi	r25, 0x00	; 0
     5ce:	59 07       	cpc	r21, r25
     5d0:	90 e0       	ldi	r25, 0x00	; 0
     5d2:	69 07       	cpc	r22, r25
     5d4:	90 e4       	ldi	r25, 0x40	; 64
     5d6:	79 07       	cpc	r23, r25
     5d8:	60 f3       	brcs	.-40     	; 0x5b2 <__mulsf3+0x174>
     5da:	2b 8f       	std	Y+27, r18	; 0x1b
     5dc:	3c 8f       	std	Y+28, r19	; 0x1c
     5de:	db 01       	movw	r26, r22
     5e0:	ca 01       	movw	r24, r20
     5e2:	8f 77       	andi	r24, 0x7F	; 127
     5e4:	90 70       	andi	r25, 0x00	; 0
     5e6:	a0 70       	andi	r26, 0x00	; 0
     5e8:	b0 70       	andi	r27, 0x00	; 0
     5ea:	80 34       	cpi	r24, 0x40	; 64
     5ec:	91 05       	cpc	r25, r1
     5ee:	a1 05       	cpc	r26, r1
     5f0:	b1 05       	cpc	r27, r1
     5f2:	61 f4       	brne	.+24     	; 0x60c <__mulsf3+0x1ce>
     5f4:	47 fd       	sbrc	r20, 7
     5f6:	0a c0       	rjmp	.+20     	; 0x60c <__mulsf3+0x1ce>
     5f8:	e1 14       	cp	r14, r1
     5fa:	f1 04       	cpc	r15, r1
     5fc:	01 05       	cpc	r16, r1
     5fe:	11 05       	cpc	r17, r1
     600:	29 f0       	breq	.+10     	; 0x60c <__mulsf3+0x1ce>
     602:	40 5c       	subi	r20, 0xC0	; 192
     604:	5f 4f       	sbci	r21, 0xFF	; 255
     606:	6f 4f       	sbci	r22, 0xFF	; 255
     608:	7f 4f       	sbci	r23, 0xFF	; 255
     60a:	40 78       	andi	r20, 0x80	; 128
     60c:	1a 8e       	std	Y+26, r1	; 0x1a
     60e:	fe 17       	cp	r31, r30
     610:	11 f0       	breq	.+4      	; 0x616 <__mulsf3+0x1d8>
     612:	81 e0       	ldi	r24, 0x01	; 1
     614:	8a 8f       	std	Y+26, r24	; 0x1a
     616:	4d 8f       	std	Y+29, r20	; 0x1d
     618:	5e 8f       	std	Y+30, r21	; 0x1e
     61a:	6f 8f       	std	Y+31, r22	; 0x1f
     61c:	78 a3       	std	Y+32, r23	; 0x20
     61e:	83 e0       	ldi	r24, 0x03	; 3
     620:	89 8f       	std	Y+25, r24	; 0x19
     622:	ce 01       	movw	r24, r28
     624:	49 96       	adiw	r24, 0x19	; 25
     626:	0e 94 fd 03 	call	0x7fa	; 0x7fa <__pack_f>
     62a:	a0 96       	adiw	r28, 0x20	; 32
     62c:	e2 e1       	ldi	r30, 0x12	; 18
     62e:	0c 94 7b 18 	jmp	0x30f6	; 0x30f6 <__epilogue_restores__>

00000632 <__gtsf2>:
     632:	a8 e1       	ldi	r26, 0x18	; 24
     634:	b0 e0       	ldi	r27, 0x00	; 0
     636:	ef e1       	ldi	r30, 0x1F	; 31
     638:	f3 e0       	ldi	r31, 0x03	; 3
     63a:	0c 94 6b 18 	jmp	0x30d6	; 0x30d6 <__prologue_saves__+0x18>
     63e:	69 83       	std	Y+1, r22	; 0x01
     640:	7a 83       	std	Y+2, r23	; 0x02
     642:	8b 83       	std	Y+3, r24	; 0x03
     644:	9c 83       	std	Y+4, r25	; 0x04
     646:	2d 83       	std	Y+5, r18	; 0x05
     648:	3e 83       	std	Y+6, r19	; 0x06
     64a:	4f 83       	std	Y+7, r20	; 0x07
     64c:	58 87       	std	Y+8, r21	; 0x08
     64e:	89 e0       	ldi	r24, 0x09	; 9
     650:	e8 2e       	mov	r14, r24
     652:	f1 2c       	mov	r15, r1
     654:	ec 0e       	add	r14, r28
     656:	fd 1e       	adc	r15, r29
     658:	ce 01       	movw	r24, r28
     65a:	01 96       	adiw	r24, 0x01	; 1
     65c:	b7 01       	movw	r22, r14
     65e:	0e 94 d2 04 	call	0x9a4	; 0x9a4 <__unpack_f>
     662:	8e 01       	movw	r16, r28
     664:	0f 5e       	subi	r16, 0xEF	; 239
     666:	1f 4f       	sbci	r17, 0xFF	; 255
     668:	ce 01       	movw	r24, r28
     66a:	05 96       	adiw	r24, 0x05	; 5
     66c:	b8 01       	movw	r22, r16
     66e:	0e 94 d2 04 	call	0x9a4	; 0x9a4 <__unpack_f>
     672:	89 85       	ldd	r24, Y+9	; 0x09
     674:	82 30       	cpi	r24, 0x02	; 2
     676:	40 f0       	brcs	.+16     	; 0x688 <__gtsf2+0x56>
     678:	89 89       	ldd	r24, Y+17	; 0x11
     67a:	82 30       	cpi	r24, 0x02	; 2
     67c:	28 f0       	brcs	.+10     	; 0x688 <__gtsf2+0x56>
     67e:	c7 01       	movw	r24, r14
     680:	b8 01       	movw	r22, r16
     682:	0e 94 4a 05 	call	0xa94	; 0xa94 <__fpcmp_parts_f>
     686:	01 c0       	rjmp	.+2      	; 0x68a <__gtsf2+0x58>
     688:	8f ef       	ldi	r24, 0xFF	; 255
     68a:	68 96       	adiw	r28, 0x18	; 24
     68c:	e6 e0       	ldi	r30, 0x06	; 6
     68e:	0c 94 87 18 	jmp	0x310e	; 0x310e <__epilogue_restores__+0x18>

00000692 <__gesf2>:
     692:	a8 e1       	ldi	r26, 0x18	; 24
     694:	b0 e0       	ldi	r27, 0x00	; 0
     696:	ef e4       	ldi	r30, 0x4F	; 79
     698:	f3 e0       	ldi	r31, 0x03	; 3
     69a:	0c 94 6b 18 	jmp	0x30d6	; 0x30d6 <__prologue_saves__+0x18>
     69e:	69 83       	std	Y+1, r22	; 0x01
     6a0:	7a 83       	std	Y+2, r23	; 0x02
     6a2:	8b 83       	std	Y+3, r24	; 0x03
     6a4:	9c 83       	std	Y+4, r25	; 0x04
     6a6:	2d 83       	std	Y+5, r18	; 0x05
     6a8:	3e 83       	std	Y+6, r19	; 0x06
     6aa:	4f 83       	std	Y+7, r20	; 0x07
     6ac:	58 87       	std	Y+8, r21	; 0x08
     6ae:	89 e0       	ldi	r24, 0x09	; 9
     6b0:	e8 2e       	mov	r14, r24
     6b2:	f1 2c       	mov	r15, r1
     6b4:	ec 0e       	add	r14, r28
     6b6:	fd 1e       	adc	r15, r29
     6b8:	ce 01       	movw	r24, r28
     6ba:	01 96       	adiw	r24, 0x01	; 1
     6bc:	b7 01       	movw	r22, r14
     6be:	0e 94 d2 04 	call	0x9a4	; 0x9a4 <__unpack_f>
     6c2:	8e 01       	movw	r16, r28
     6c4:	0f 5e       	subi	r16, 0xEF	; 239
     6c6:	1f 4f       	sbci	r17, 0xFF	; 255
     6c8:	ce 01       	movw	r24, r28
     6ca:	05 96       	adiw	r24, 0x05	; 5
     6cc:	b8 01       	movw	r22, r16
     6ce:	0e 94 d2 04 	call	0x9a4	; 0x9a4 <__unpack_f>
     6d2:	89 85       	ldd	r24, Y+9	; 0x09
     6d4:	82 30       	cpi	r24, 0x02	; 2
     6d6:	40 f0       	brcs	.+16     	; 0x6e8 <__gesf2+0x56>
     6d8:	89 89       	ldd	r24, Y+17	; 0x11
     6da:	82 30       	cpi	r24, 0x02	; 2
     6dc:	28 f0       	brcs	.+10     	; 0x6e8 <__gesf2+0x56>
     6de:	c7 01       	movw	r24, r14
     6e0:	b8 01       	movw	r22, r16
     6e2:	0e 94 4a 05 	call	0xa94	; 0xa94 <__fpcmp_parts_f>
     6e6:	01 c0       	rjmp	.+2      	; 0x6ea <__gesf2+0x58>
     6e8:	8f ef       	ldi	r24, 0xFF	; 255
     6ea:	68 96       	adiw	r28, 0x18	; 24
     6ec:	e6 e0       	ldi	r30, 0x06	; 6
     6ee:	0c 94 87 18 	jmp	0x310e	; 0x310e <__epilogue_restores__+0x18>

000006f2 <__ltsf2>:
     6f2:	a8 e1       	ldi	r26, 0x18	; 24
     6f4:	b0 e0       	ldi	r27, 0x00	; 0
     6f6:	ef e7       	ldi	r30, 0x7F	; 127
     6f8:	f3 e0       	ldi	r31, 0x03	; 3
     6fa:	0c 94 6b 18 	jmp	0x30d6	; 0x30d6 <__prologue_saves__+0x18>
     6fe:	69 83       	std	Y+1, r22	; 0x01
     700:	7a 83       	std	Y+2, r23	; 0x02
     702:	8b 83       	std	Y+3, r24	; 0x03
     704:	9c 83       	std	Y+4, r25	; 0x04
     706:	2d 83       	std	Y+5, r18	; 0x05
     708:	3e 83       	std	Y+6, r19	; 0x06
     70a:	4f 83       	std	Y+7, r20	; 0x07
     70c:	58 87       	std	Y+8, r21	; 0x08
     70e:	89 e0       	ldi	r24, 0x09	; 9
     710:	e8 2e       	mov	r14, r24
     712:	f1 2c       	mov	r15, r1
     714:	ec 0e       	add	r14, r28
     716:	fd 1e       	adc	r15, r29
     718:	ce 01       	movw	r24, r28
     71a:	01 96       	adiw	r24, 0x01	; 1
     71c:	b7 01       	movw	r22, r14
     71e:	0e 94 d2 04 	call	0x9a4	; 0x9a4 <__unpack_f>
     722:	8e 01       	movw	r16, r28
     724:	0f 5e       	subi	r16, 0xEF	; 239
     726:	1f 4f       	sbci	r17, 0xFF	; 255
     728:	ce 01       	movw	r24, r28
     72a:	05 96       	adiw	r24, 0x05	; 5
     72c:	b8 01       	movw	r22, r16
     72e:	0e 94 d2 04 	call	0x9a4	; 0x9a4 <__unpack_f>
     732:	89 85       	ldd	r24, Y+9	; 0x09
     734:	82 30       	cpi	r24, 0x02	; 2
     736:	40 f0       	brcs	.+16     	; 0x748 <__ltsf2+0x56>
     738:	89 89       	ldd	r24, Y+17	; 0x11
     73a:	82 30       	cpi	r24, 0x02	; 2
     73c:	28 f0       	brcs	.+10     	; 0x748 <__ltsf2+0x56>
     73e:	c7 01       	movw	r24, r14
     740:	b8 01       	movw	r22, r16
     742:	0e 94 4a 05 	call	0xa94	; 0xa94 <__fpcmp_parts_f>
     746:	01 c0       	rjmp	.+2      	; 0x74a <__ltsf2+0x58>
     748:	81 e0       	ldi	r24, 0x01	; 1
     74a:	68 96       	adiw	r28, 0x18	; 24
     74c:	e6 e0       	ldi	r30, 0x06	; 6
     74e:	0c 94 87 18 	jmp	0x310e	; 0x310e <__epilogue_restores__+0x18>

00000752 <__fixsfsi>:
     752:	ac e0       	ldi	r26, 0x0C	; 12
     754:	b0 e0       	ldi	r27, 0x00	; 0
     756:	ef ea       	ldi	r30, 0xAF	; 175
     758:	f3 e0       	ldi	r31, 0x03	; 3
     75a:	0c 94 6f 18 	jmp	0x30de	; 0x30de <__prologue_saves__+0x20>
     75e:	69 83       	std	Y+1, r22	; 0x01
     760:	7a 83       	std	Y+2, r23	; 0x02
     762:	8b 83       	std	Y+3, r24	; 0x03
     764:	9c 83       	std	Y+4, r25	; 0x04
     766:	ce 01       	movw	r24, r28
     768:	01 96       	adiw	r24, 0x01	; 1
     76a:	be 01       	movw	r22, r28
     76c:	6b 5f       	subi	r22, 0xFB	; 251
     76e:	7f 4f       	sbci	r23, 0xFF	; 255
     770:	0e 94 d2 04 	call	0x9a4	; 0x9a4 <__unpack_f>
     774:	8d 81       	ldd	r24, Y+5	; 0x05
     776:	82 30       	cpi	r24, 0x02	; 2
     778:	61 f1       	breq	.+88     	; 0x7d2 <__fixsfsi+0x80>
     77a:	82 30       	cpi	r24, 0x02	; 2
     77c:	50 f1       	brcs	.+84     	; 0x7d2 <__fixsfsi+0x80>
     77e:	84 30       	cpi	r24, 0x04	; 4
     780:	21 f4       	brne	.+8      	; 0x78a <__fixsfsi+0x38>
     782:	8e 81       	ldd	r24, Y+6	; 0x06
     784:	88 23       	and	r24, r24
     786:	51 f1       	breq	.+84     	; 0x7dc <__fixsfsi+0x8a>
     788:	2e c0       	rjmp	.+92     	; 0x7e6 <__fixsfsi+0x94>
     78a:	2f 81       	ldd	r18, Y+7	; 0x07
     78c:	38 85       	ldd	r19, Y+8	; 0x08
     78e:	37 fd       	sbrc	r19, 7
     790:	20 c0       	rjmp	.+64     	; 0x7d2 <__fixsfsi+0x80>
     792:	6e 81       	ldd	r22, Y+6	; 0x06
     794:	2f 31       	cpi	r18, 0x1F	; 31
     796:	31 05       	cpc	r19, r1
     798:	1c f0       	brlt	.+6      	; 0x7a0 <__fixsfsi+0x4e>
     79a:	66 23       	and	r22, r22
     79c:	f9 f0       	breq	.+62     	; 0x7dc <__fixsfsi+0x8a>
     79e:	23 c0       	rjmp	.+70     	; 0x7e6 <__fixsfsi+0x94>
     7a0:	8e e1       	ldi	r24, 0x1E	; 30
     7a2:	90 e0       	ldi	r25, 0x00	; 0
     7a4:	82 1b       	sub	r24, r18
     7a6:	93 0b       	sbc	r25, r19
     7a8:	29 85       	ldd	r18, Y+9	; 0x09
     7aa:	3a 85       	ldd	r19, Y+10	; 0x0a
     7ac:	4b 85       	ldd	r20, Y+11	; 0x0b
     7ae:	5c 85       	ldd	r21, Y+12	; 0x0c
     7b0:	04 c0       	rjmp	.+8      	; 0x7ba <__fixsfsi+0x68>
     7b2:	56 95       	lsr	r21
     7b4:	47 95       	ror	r20
     7b6:	37 95       	ror	r19
     7b8:	27 95       	ror	r18
     7ba:	8a 95       	dec	r24
     7bc:	d2 f7       	brpl	.-12     	; 0x7b2 <__fixsfsi+0x60>
     7be:	66 23       	and	r22, r22
     7c0:	b1 f0       	breq	.+44     	; 0x7ee <__fixsfsi+0x9c>
     7c2:	50 95       	com	r21
     7c4:	40 95       	com	r20
     7c6:	30 95       	com	r19
     7c8:	21 95       	neg	r18
     7ca:	3f 4f       	sbci	r19, 0xFF	; 255
     7cc:	4f 4f       	sbci	r20, 0xFF	; 255
     7ce:	5f 4f       	sbci	r21, 0xFF	; 255
     7d0:	0e c0       	rjmp	.+28     	; 0x7ee <__fixsfsi+0x9c>
     7d2:	20 e0       	ldi	r18, 0x00	; 0
     7d4:	30 e0       	ldi	r19, 0x00	; 0
     7d6:	40 e0       	ldi	r20, 0x00	; 0
     7d8:	50 e0       	ldi	r21, 0x00	; 0
     7da:	09 c0       	rjmp	.+18     	; 0x7ee <__fixsfsi+0x9c>
     7dc:	2f ef       	ldi	r18, 0xFF	; 255
     7de:	3f ef       	ldi	r19, 0xFF	; 255
     7e0:	4f ef       	ldi	r20, 0xFF	; 255
     7e2:	5f e7       	ldi	r21, 0x7F	; 127
     7e4:	04 c0       	rjmp	.+8      	; 0x7ee <__fixsfsi+0x9c>
     7e6:	20 e0       	ldi	r18, 0x00	; 0
     7e8:	30 e0       	ldi	r19, 0x00	; 0
     7ea:	40 e0       	ldi	r20, 0x00	; 0
     7ec:	50 e8       	ldi	r21, 0x80	; 128
     7ee:	b9 01       	movw	r22, r18
     7f0:	ca 01       	movw	r24, r20
     7f2:	2c 96       	adiw	r28, 0x0c	; 12
     7f4:	e2 e0       	ldi	r30, 0x02	; 2
     7f6:	0c 94 8b 18 	jmp	0x3116	; 0x3116 <__epilogue_restores__+0x20>

000007fa <__pack_f>:
     7fa:	df 92       	push	r13
     7fc:	ef 92       	push	r14
     7fe:	ff 92       	push	r15
     800:	0f 93       	push	r16
     802:	1f 93       	push	r17
     804:	fc 01       	movw	r30, r24
     806:	e4 80       	ldd	r14, Z+4	; 0x04
     808:	f5 80       	ldd	r15, Z+5	; 0x05
     80a:	06 81       	ldd	r16, Z+6	; 0x06
     80c:	17 81       	ldd	r17, Z+7	; 0x07
     80e:	d1 80       	ldd	r13, Z+1	; 0x01
     810:	80 81       	ld	r24, Z
     812:	82 30       	cpi	r24, 0x02	; 2
     814:	48 f4       	brcc	.+18     	; 0x828 <__pack_f+0x2e>
     816:	80 e0       	ldi	r24, 0x00	; 0
     818:	90 e0       	ldi	r25, 0x00	; 0
     81a:	a0 e1       	ldi	r26, 0x10	; 16
     81c:	b0 e0       	ldi	r27, 0x00	; 0
     81e:	e8 2a       	or	r14, r24
     820:	f9 2a       	or	r15, r25
     822:	0a 2b       	or	r16, r26
     824:	1b 2b       	or	r17, r27
     826:	a5 c0       	rjmp	.+330    	; 0x972 <__stack+0x113>
     828:	84 30       	cpi	r24, 0x04	; 4
     82a:	09 f4       	brne	.+2      	; 0x82e <__pack_f+0x34>
     82c:	9f c0       	rjmp	.+318    	; 0x96c <__stack+0x10d>
     82e:	82 30       	cpi	r24, 0x02	; 2
     830:	21 f4       	brne	.+8      	; 0x83a <__pack_f+0x40>
     832:	ee 24       	eor	r14, r14
     834:	ff 24       	eor	r15, r15
     836:	87 01       	movw	r16, r14
     838:	05 c0       	rjmp	.+10     	; 0x844 <__pack_f+0x4a>
     83a:	e1 14       	cp	r14, r1
     83c:	f1 04       	cpc	r15, r1
     83e:	01 05       	cpc	r16, r1
     840:	11 05       	cpc	r17, r1
     842:	19 f4       	brne	.+6      	; 0x84a <__pack_f+0x50>
     844:	e0 e0       	ldi	r30, 0x00	; 0
     846:	f0 e0       	ldi	r31, 0x00	; 0
     848:	96 c0       	rjmp	.+300    	; 0x976 <__stack+0x117>
     84a:	62 81       	ldd	r22, Z+2	; 0x02
     84c:	73 81       	ldd	r23, Z+3	; 0x03
     84e:	9f ef       	ldi	r25, 0xFF	; 255
     850:	62 38       	cpi	r22, 0x82	; 130
     852:	79 07       	cpc	r23, r25
     854:	0c f0       	brlt	.+2      	; 0x858 <__pack_f+0x5e>
     856:	5b c0       	rjmp	.+182    	; 0x90e <__stack+0xaf>
     858:	22 e8       	ldi	r18, 0x82	; 130
     85a:	3f ef       	ldi	r19, 0xFF	; 255
     85c:	26 1b       	sub	r18, r22
     85e:	37 0b       	sbc	r19, r23
     860:	2a 31       	cpi	r18, 0x1A	; 26
     862:	31 05       	cpc	r19, r1
     864:	2c f0       	brlt	.+10     	; 0x870 <__stack+0x11>
     866:	20 e0       	ldi	r18, 0x00	; 0
     868:	30 e0       	ldi	r19, 0x00	; 0
     86a:	40 e0       	ldi	r20, 0x00	; 0
     86c:	50 e0       	ldi	r21, 0x00	; 0
     86e:	2a c0       	rjmp	.+84     	; 0x8c4 <__stack+0x65>
     870:	b8 01       	movw	r22, r16
     872:	a7 01       	movw	r20, r14
     874:	02 2e       	mov	r0, r18
     876:	04 c0       	rjmp	.+8      	; 0x880 <__stack+0x21>
     878:	76 95       	lsr	r23
     87a:	67 95       	ror	r22
     87c:	57 95       	ror	r21
     87e:	47 95       	ror	r20
     880:	0a 94       	dec	r0
     882:	d2 f7       	brpl	.-12     	; 0x878 <__stack+0x19>
     884:	81 e0       	ldi	r24, 0x01	; 1
     886:	90 e0       	ldi	r25, 0x00	; 0
     888:	a0 e0       	ldi	r26, 0x00	; 0
     88a:	b0 e0       	ldi	r27, 0x00	; 0
     88c:	04 c0       	rjmp	.+8      	; 0x896 <__stack+0x37>
     88e:	88 0f       	add	r24, r24
     890:	99 1f       	adc	r25, r25
     892:	aa 1f       	adc	r26, r26
     894:	bb 1f       	adc	r27, r27
     896:	2a 95       	dec	r18
     898:	d2 f7       	brpl	.-12     	; 0x88e <__stack+0x2f>
     89a:	01 97       	sbiw	r24, 0x01	; 1
     89c:	a1 09       	sbc	r26, r1
     89e:	b1 09       	sbc	r27, r1
     8a0:	8e 21       	and	r24, r14
     8a2:	9f 21       	and	r25, r15
     8a4:	a0 23       	and	r26, r16
     8a6:	b1 23       	and	r27, r17
     8a8:	00 97       	sbiw	r24, 0x00	; 0
     8aa:	a1 05       	cpc	r26, r1
     8ac:	b1 05       	cpc	r27, r1
     8ae:	21 f0       	breq	.+8      	; 0x8b8 <__stack+0x59>
     8b0:	81 e0       	ldi	r24, 0x01	; 1
     8b2:	90 e0       	ldi	r25, 0x00	; 0
     8b4:	a0 e0       	ldi	r26, 0x00	; 0
     8b6:	b0 e0       	ldi	r27, 0x00	; 0
     8b8:	9a 01       	movw	r18, r20
     8ba:	ab 01       	movw	r20, r22
     8bc:	28 2b       	or	r18, r24
     8be:	39 2b       	or	r19, r25
     8c0:	4a 2b       	or	r20, r26
     8c2:	5b 2b       	or	r21, r27
     8c4:	da 01       	movw	r26, r20
     8c6:	c9 01       	movw	r24, r18
     8c8:	8f 77       	andi	r24, 0x7F	; 127
     8ca:	90 70       	andi	r25, 0x00	; 0
     8cc:	a0 70       	andi	r26, 0x00	; 0
     8ce:	b0 70       	andi	r27, 0x00	; 0
     8d0:	80 34       	cpi	r24, 0x40	; 64
     8d2:	91 05       	cpc	r25, r1
     8d4:	a1 05       	cpc	r26, r1
     8d6:	b1 05       	cpc	r27, r1
     8d8:	39 f4       	brne	.+14     	; 0x8e8 <__stack+0x89>
     8da:	27 ff       	sbrs	r18, 7
     8dc:	09 c0       	rjmp	.+18     	; 0x8f0 <__stack+0x91>
     8de:	20 5c       	subi	r18, 0xC0	; 192
     8e0:	3f 4f       	sbci	r19, 0xFF	; 255
     8e2:	4f 4f       	sbci	r20, 0xFF	; 255
     8e4:	5f 4f       	sbci	r21, 0xFF	; 255
     8e6:	04 c0       	rjmp	.+8      	; 0x8f0 <__stack+0x91>
     8e8:	21 5c       	subi	r18, 0xC1	; 193
     8ea:	3f 4f       	sbci	r19, 0xFF	; 255
     8ec:	4f 4f       	sbci	r20, 0xFF	; 255
     8ee:	5f 4f       	sbci	r21, 0xFF	; 255
     8f0:	e0 e0       	ldi	r30, 0x00	; 0
     8f2:	f0 e0       	ldi	r31, 0x00	; 0
     8f4:	20 30       	cpi	r18, 0x00	; 0
     8f6:	a0 e0       	ldi	r26, 0x00	; 0
     8f8:	3a 07       	cpc	r19, r26
     8fa:	a0 e0       	ldi	r26, 0x00	; 0
     8fc:	4a 07       	cpc	r20, r26
     8fe:	a0 e4       	ldi	r26, 0x40	; 64
     900:	5a 07       	cpc	r21, r26
     902:	10 f0       	brcs	.+4      	; 0x908 <__stack+0xa9>
     904:	e1 e0       	ldi	r30, 0x01	; 1
     906:	f0 e0       	ldi	r31, 0x00	; 0
     908:	79 01       	movw	r14, r18
     90a:	8a 01       	movw	r16, r20
     90c:	27 c0       	rjmp	.+78     	; 0x95c <__stack+0xfd>
     90e:	60 38       	cpi	r22, 0x80	; 128
     910:	71 05       	cpc	r23, r1
     912:	64 f5       	brge	.+88     	; 0x96c <__stack+0x10d>
     914:	fb 01       	movw	r30, r22
     916:	e1 58       	subi	r30, 0x81	; 129
     918:	ff 4f       	sbci	r31, 0xFF	; 255
     91a:	d8 01       	movw	r26, r16
     91c:	c7 01       	movw	r24, r14
     91e:	8f 77       	andi	r24, 0x7F	; 127
     920:	90 70       	andi	r25, 0x00	; 0
     922:	a0 70       	andi	r26, 0x00	; 0
     924:	b0 70       	andi	r27, 0x00	; 0
     926:	80 34       	cpi	r24, 0x40	; 64
     928:	91 05       	cpc	r25, r1
     92a:	a1 05       	cpc	r26, r1
     92c:	b1 05       	cpc	r27, r1
     92e:	39 f4       	brne	.+14     	; 0x93e <__stack+0xdf>
     930:	e7 fe       	sbrs	r14, 7
     932:	0d c0       	rjmp	.+26     	; 0x94e <__stack+0xef>
     934:	80 e4       	ldi	r24, 0x40	; 64
     936:	90 e0       	ldi	r25, 0x00	; 0
     938:	a0 e0       	ldi	r26, 0x00	; 0
     93a:	b0 e0       	ldi	r27, 0x00	; 0
     93c:	04 c0       	rjmp	.+8      	; 0x946 <__stack+0xe7>
     93e:	8f e3       	ldi	r24, 0x3F	; 63
     940:	90 e0       	ldi	r25, 0x00	; 0
     942:	a0 e0       	ldi	r26, 0x00	; 0
     944:	b0 e0       	ldi	r27, 0x00	; 0
     946:	e8 0e       	add	r14, r24
     948:	f9 1e       	adc	r15, r25
     94a:	0a 1f       	adc	r16, r26
     94c:	1b 1f       	adc	r17, r27
     94e:	17 ff       	sbrs	r17, 7
     950:	05 c0       	rjmp	.+10     	; 0x95c <__stack+0xfd>
     952:	16 95       	lsr	r17
     954:	07 95       	ror	r16
     956:	f7 94       	ror	r15
     958:	e7 94       	ror	r14
     95a:	31 96       	adiw	r30, 0x01	; 1
     95c:	87 e0       	ldi	r24, 0x07	; 7
     95e:	16 95       	lsr	r17
     960:	07 95       	ror	r16
     962:	f7 94       	ror	r15
     964:	e7 94       	ror	r14
     966:	8a 95       	dec	r24
     968:	d1 f7       	brne	.-12     	; 0x95e <__stack+0xff>
     96a:	05 c0       	rjmp	.+10     	; 0x976 <__stack+0x117>
     96c:	ee 24       	eor	r14, r14
     96e:	ff 24       	eor	r15, r15
     970:	87 01       	movw	r16, r14
     972:	ef ef       	ldi	r30, 0xFF	; 255
     974:	f0 e0       	ldi	r31, 0x00	; 0
     976:	6e 2f       	mov	r22, r30
     978:	67 95       	ror	r22
     97a:	66 27       	eor	r22, r22
     97c:	67 95       	ror	r22
     97e:	90 2f       	mov	r25, r16
     980:	9f 77       	andi	r25, 0x7F	; 127
     982:	d7 94       	ror	r13
     984:	dd 24       	eor	r13, r13
     986:	d7 94       	ror	r13
     988:	8e 2f       	mov	r24, r30
     98a:	86 95       	lsr	r24
     98c:	49 2f       	mov	r20, r25
     98e:	46 2b       	or	r20, r22
     990:	58 2f       	mov	r21, r24
     992:	5d 29       	or	r21, r13
     994:	b7 01       	movw	r22, r14
     996:	ca 01       	movw	r24, r20
     998:	1f 91       	pop	r17
     99a:	0f 91       	pop	r16
     99c:	ff 90       	pop	r15
     99e:	ef 90       	pop	r14
     9a0:	df 90       	pop	r13
     9a2:	08 95       	ret

000009a4 <__unpack_f>:
     9a4:	fc 01       	movw	r30, r24
     9a6:	db 01       	movw	r26, r22
     9a8:	40 81       	ld	r20, Z
     9aa:	51 81       	ldd	r21, Z+1	; 0x01
     9ac:	22 81       	ldd	r18, Z+2	; 0x02
     9ae:	62 2f       	mov	r22, r18
     9b0:	6f 77       	andi	r22, 0x7F	; 127
     9b2:	70 e0       	ldi	r23, 0x00	; 0
     9b4:	22 1f       	adc	r18, r18
     9b6:	22 27       	eor	r18, r18
     9b8:	22 1f       	adc	r18, r18
     9ba:	93 81       	ldd	r25, Z+3	; 0x03
     9bc:	89 2f       	mov	r24, r25
     9be:	88 0f       	add	r24, r24
     9c0:	82 2b       	or	r24, r18
     9c2:	28 2f       	mov	r18, r24
     9c4:	30 e0       	ldi	r19, 0x00	; 0
     9c6:	99 1f       	adc	r25, r25
     9c8:	99 27       	eor	r25, r25
     9ca:	99 1f       	adc	r25, r25
     9cc:	11 96       	adiw	r26, 0x01	; 1
     9ce:	9c 93       	st	X, r25
     9d0:	11 97       	sbiw	r26, 0x01	; 1
     9d2:	21 15       	cp	r18, r1
     9d4:	31 05       	cpc	r19, r1
     9d6:	a9 f5       	brne	.+106    	; 0xa42 <__unpack_f+0x9e>
     9d8:	41 15       	cp	r20, r1
     9da:	51 05       	cpc	r21, r1
     9dc:	61 05       	cpc	r22, r1
     9de:	71 05       	cpc	r23, r1
     9e0:	11 f4       	brne	.+4      	; 0x9e6 <__unpack_f+0x42>
     9e2:	82 e0       	ldi	r24, 0x02	; 2
     9e4:	37 c0       	rjmp	.+110    	; 0xa54 <__unpack_f+0xb0>
     9e6:	82 e8       	ldi	r24, 0x82	; 130
     9e8:	9f ef       	ldi	r25, 0xFF	; 255
     9ea:	13 96       	adiw	r26, 0x03	; 3
     9ec:	9c 93       	st	X, r25
     9ee:	8e 93       	st	-X, r24
     9f0:	12 97       	sbiw	r26, 0x02	; 2
     9f2:	9a 01       	movw	r18, r20
     9f4:	ab 01       	movw	r20, r22
     9f6:	67 e0       	ldi	r22, 0x07	; 7
     9f8:	22 0f       	add	r18, r18
     9fa:	33 1f       	adc	r19, r19
     9fc:	44 1f       	adc	r20, r20
     9fe:	55 1f       	adc	r21, r21
     a00:	6a 95       	dec	r22
     a02:	d1 f7       	brne	.-12     	; 0x9f8 <__unpack_f+0x54>
     a04:	83 e0       	ldi	r24, 0x03	; 3
     a06:	8c 93       	st	X, r24
     a08:	0d c0       	rjmp	.+26     	; 0xa24 <__unpack_f+0x80>
     a0a:	22 0f       	add	r18, r18
     a0c:	33 1f       	adc	r19, r19
     a0e:	44 1f       	adc	r20, r20
     a10:	55 1f       	adc	r21, r21
     a12:	12 96       	adiw	r26, 0x02	; 2
     a14:	8d 91       	ld	r24, X+
     a16:	9c 91       	ld	r25, X
     a18:	13 97       	sbiw	r26, 0x03	; 3
     a1a:	01 97       	sbiw	r24, 0x01	; 1
     a1c:	13 96       	adiw	r26, 0x03	; 3
     a1e:	9c 93       	st	X, r25
     a20:	8e 93       	st	-X, r24
     a22:	12 97       	sbiw	r26, 0x02	; 2
     a24:	20 30       	cpi	r18, 0x00	; 0
     a26:	80 e0       	ldi	r24, 0x00	; 0
     a28:	38 07       	cpc	r19, r24
     a2a:	80 e0       	ldi	r24, 0x00	; 0
     a2c:	48 07       	cpc	r20, r24
     a2e:	80 e4       	ldi	r24, 0x40	; 64
     a30:	58 07       	cpc	r21, r24
     a32:	58 f3       	brcs	.-42     	; 0xa0a <__unpack_f+0x66>
     a34:	14 96       	adiw	r26, 0x04	; 4
     a36:	2d 93       	st	X+, r18
     a38:	3d 93       	st	X+, r19
     a3a:	4d 93       	st	X+, r20
     a3c:	5c 93       	st	X, r21
     a3e:	17 97       	sbiw	r26, 0x07	; 7
     a40:	08 95       	ret
     a42:	2f 3f       	cpi	r18, 0xFF	; 255
     a44:	31 05       	cpc	r19, r1
     a46:	79 f4       	brne	.+30     	; 0xa66 <__unpack_f+0xc2>
     a48:	41 15       	cp	r20, r1
     a4a:	51 05       	cpc	r21, r1
     a4c:	61 05       	cpc	r22, r1
     a4e:	71 05       	cpc	r23, r1
     a50:	19 f4       	brne	.+6      	; 0xa58 <__unpack_f+0xb4>
     a52:	84 e0       	ldi	r24, 0x04	; 4
     a54:	8c 93       	st	X, r24
     a56:	08 95       	ret
     a58:	64 ff       	sbrs	r22, 4
     a5a:	03 c0       	rjmp	.+6      	; 0xa62 <__unpack_f+0xbe>
     a5c:	81 e0       	ldi	r24, 0x01	; 1
     a5e:	8c 93       	st	X, r24
     a60:	12 c0       	rjmp	.+36     	; 0xa86 <__unpack_f+0xe2>
     a62:	1c 92       	st	X, r1
     a64:	10 c0       	rjmp	.+32     	; 0xa86 <__unpack_f+0xe2>
     a66:	2f 57       	subi	r18, 0x7F	; 127
     a68:	30 40       	sbci	r19, 0x00	; 0
     a6a:	13 96       	adiw	r26, 0x03	; 3
     a6c:	3c 93       	st	X, r19
     a6e:	2e 93       	st	-X, r18
     a70:	12 97       	sbiw	r26, 0x02	; 2
     a72:	83 e0       	ldi	r24, 0x03	; 3
     a74:	8c 93       	st	X, r24
     a76:	87 e0       	ldi	r24, 0x07	; 7
     a78:	44 0f       	add	r20, r20
     a7a:	55 1f       	adc	r21, r21
     a7c:	66 1f       	adc	r22, r22
     a7e:	77 1f       	adc	r23, r23
     a80:	8a 95       	dec	r24
     a82:	d1 f7       	brne	.-12     	; 0xa78 <__unpack_f+0xd4>
     a84:	70 64       	ori	r23, 0x40	; 64
     a86:	14 96       	adiw	r26, 0x04	; 4
     a88:	4d 93       	st	X+, r20
     a8a:	5d 93       	st	X+, r21
     a8c:	6d 93       	st	X+, r22
     a8e:	7c 93       	st	X, r23
     a90:	17 97       	sbiw	r26, 0x07	; 7
     a92:	08 95       	ret

00000a94 <__fpcmp_parts_f>:
     a94:	1f 93       	push	r17
     a96:	dc 01       	movw	r26, r24
     a98:	fb 01       	movw	r30, r22
     a9a:	9c 91       	ld	r25, X
     a9c:	92 30       	cpi	r25, 0x02	; 2
     a9e:	08 f4       	brcc	.+2      	; 0xaa2 <__fpcmp_parts_f+0xe>
     aa0:	47 c0       	rjmp	.+142    	; 0xb30 <__fpcmp_parts_f+0x9c>
     aa2:	80 81       	ld	r24, Z
     aa4:	82 30       	cpi	r24, 0x02	; 2
     aa6:	08 f4       	brcc	.+2      	; 0xaaa <__fpcmp_parts_f+0x16>
     aa8:	43 c0       	rjmp	.+134    	; 0xb30 <__fpcmp_parts_f+0x9c>
     aaa:	94 30       	cpi	r25, 0x04	; 4
     aac:	51 f4       	brne	.+20     	; 0xac2 <__fpcmp_parts_f+0x2e>
     aae:	11 96       	adiw	r26, 0x01	; 1
     ab0:	1c 91       	ld	r17, X
     ab2:	84 30       	cpi	r24, 0x04	; 4
     ab4:	99 f5       	brne	.+102    	; 0xb1c <__fpcmp_parts_f+0x88>
     ab6:	81 81       	ldd	r24, Z+1	; 0x01
     ab8:	68 2f       	mov	r22, r24
     aba:	70 e0       	ldi	r23, 0x00	; 0
     abc:	61 1b       	sub	r22, r17
     abe:	71 09       	sbc	r23, r1
     ac0:	3f c0       	rjmp	.+126    	; 0xb40 <__fpcmp_parts_f+0xac>
     ac2:	84 30       	cpi	r24, 0x04	; 4
     ac4:	21 f0       	breq	.+8      	; 0xace <__fpcmp_parts_f+0x3a>
     ac6:	92 30       	cpi	r25, 0x02	; 2
     ac8:	31 f4       	brne	.+12     	; 0xad6 <__fpcmp_parts_f+0x42>
     aca:	82 30       	cpi	r24, 0x02	; 2
     acc:	b9 f1       	breq	.+110    	; 0xb3c <__fpcmp_parts_f+0xa8>
     ace:	81 81       	ldd	r24, Z+1	; 0x01
     ad0:	88 23       	and	r24, r24
     ad2:	89 f1       	breq	.+98     	; 0xb36 <__fpcmp_parts_f+0xa2>
     ad4:	2d c0       	rjmp	.+90     	; 0xb30 <__fpcmp_parts_f+0x9c>
     ad6:	11 96       	adiw	r26, 0x01	; 1
     ad8:	1c 91       	ld	r17, X
     ada:	11 97       	sbiw	r26, 0x01	; 1
     adc:	82 30       	cpi	r24, 0x02	; 2
     ade:	f1 f0       	breq	.+60     	; 0xb1c <__fpcmp_parts_f+0x88>
     ae0:	81 81       	ldd	r24, Z+1	; 0x01
     ae2:	18 17       	cp	r17, r24
     ae4:	d9 f4       	brne	.+54     	; 0xb1c <__fpcmp_parts_f+0x88>
     ae6:	12 96       	adiw	r26, 0x02	; 2
     ae8:	2d 91       	ld	r18, X+
     aea:	3c 91       	ld	r19, X
     aec:	13 97       	sbiw	r26, 0x03	; 3
     aee:	82 81       	ldd	r24, Z+2	; 0x02
     af0:	93 81       	ldd	r25, Z+3	; 0x03
     af2:	82 17       	cp	r24, r18
     af4:	93 07       	cpc	r25, r19
     af6:	94 f0       	brlt	.+36     	; 0xb1c <__fpcmp_parts_f+0x88>
     af8:	28 17       	cp	r18, r24
     afa:	39 07       	cpc	r19, r25
     afc:	bc f0       	brlt	.+46     	; 0xb2c <__fpcmp_parts_f+0x98>
     afe:	14 96       	adiw	r26, 0x04	; 4
     b00:	8d 91       	ld	r24, X+
     b02:	9d 91       	ld	r25, X+
     b04:	0d 90       	ld	r0, X+
     b06:	bc 91       	ld	r27, X
     b08:	a0 2d       	mov	r26, r0
     b0a:	24 81       	ldd	r18, Z+4	; 0x04
     b0c:	35 81       	ldd	r19, Z+5	; 0x05
     b0e:	46 81       	ldd	r20, Z+6	; 0x06
     b10:	57 81       	ldd	r21, Z+7	; 0x07
     b12:	28 17       	cp	r18, r24
     b14:	39 07       	cpc	r19, r25
     b16:	4a 07       	cpc	r20, r26
     b18:	5b 07       	cpc	r21, r27
     b1a:	18 f4       	brcc	.+6      	; 0xb22 <__fpcmp_parts_f+0x8e>
     b1c:	11 23       	and	r17, r17
     b1e:	41 f0       	breq	.+16     	; 0xb30 <__fpcmp_parts_f+0x9c>
     b20:	0a c0       	rjmp	.+20     	; 0xb36 <__fpcmp_parts_f+0xa2>
     b22:	82 17       	cp	r24, r18
     b24:	93 07       	cpc	r25, r19
     b26:	a4 07       	cpc	r26, r20
     b28:	b5 07       	cpc	r27, r21
     b2a:	40 f4       	brcc	.+16     	; 0xb3c <__fpcmp_parts_f+0xa8>
     b2c:	11 23       	and	r17, r17
     b2e:	19 f0       	breq	.+6      	; 0xb36 <__fpcmp_parts_f+0xa2>
     b30:	61 e0       	ldi	r22, 0x01	; 1
     b32:	70 e0       	ldi	r23, 0x00	; 0
     b34:	05 c0       	rjmp	.+10     	; 0xb40 <__fpcmp_parts_f+0xac>
     b36:	6f ef       	ldi	r22, 0xFF	; 255
     b38:	7f ef       	ldi	r23, 0xFF	; 255
     b3a:	02 c0       	rjmp	.+4      	; 0xb40 <__fpcmp_parts_f+0xac>
     b3c:	60 e0       	ldi	r22, 0x00	; 0
     b3e:	70 e0       	ldi	r23, 0x00	; 0
     b40:	cb 01       	movw	r24, r22
     b42:	1f 91       	pop	r17
     b44:	08 95       	ret

00000b46 <MTIMERS_vInit>:

static u8 G_u8Timer0Preload = 0 ;
static u32 G_u32IntervalCount = 0 ;

void MTIMERS_vInit()
{
     b46:	df 93       	push	r29
     b48:	cf 93       	push	r28
     b4a:	cd b7       	in	r28, 0x3d	; 61
     b4c:	de b7       	in	r29, 0x3e	; 62
#if TIMER0_STATE == ENABLE

	#if TIMER0_MODE  == NORMAL_OVERFLOW
		CLEAR_BIT(TCCR0, WGM01);
     b4e:	a3 e5       	ldi	r26, 0x53	; 83
     b50:	b0 e0       	ldi	r27, 0x00	; 0
     b52:	e3 e5       	ldi	r30, 0x53	; 83
     b54:	f0 e0       	ldi	r31, 0x00	; 0
     b56:	80 81       	ld	r24, Z
     b58:	87 7f       	andi	r24, 0xF7	; 247
     b5a:	8c 93       	st	X, r24
		CLEAR_BIT(TCCR0, WGM00);
     b5c:	a3 e5       	ldi	r26, 0x53	; 83
     b5e:	b0 e0       	ldi	r27, 0x00	; 0
     b60:	e3 e5       	ldi	r30, 0x53	; 83
     b62:	f0 e0       	ldi	r31, 0x00	; 0
     b64:	80 81       	ld	r24, Z
     b66:	8f 7b       	andi	r24, 0xBF	; 191
     b68:	8c 93       	st	X, r24
			CLEAR_BIT(TCCR0, COM01);
		#endif
	#endif

#if  INTERRUPT_CONTROL == ENABLE
	MTIMERS_vEnableInterrupt(TIM_0,TIMER0_MODE);
     b6a:	80 e0       	ldi	r24, 0x00	; 0
     b6c:	60 e0       	ldi	r22, 0x00	; 0
     b6e:	0e 94 2d 06 	call	0xc5a	; 0xc5a <MTIMERS_vEnableInterrupt>

#endif
	// STOP TIMER0
	CLEAR_BIT(TCCR0, CS00);
     b72:	a3 e5       	ldi	r26, 0x53	; 83
     b74:	b0 e0       	ldi	r27, 0x00	; 0
     b76:	e3 e5       	ldi	r30, 0x53	; 83
     b78:	f0 e0       	ldi	r31, 0x00	; 0
     b7a:	80 81       	ld	r24, Z
     b7c:	8e 7f       	andi	r24, 0xFE	; 254
     b7e:	8c 93       	st	X, r24
	CLEAR_BIT(TCCR0, CS01);
     b80:	a3 e5       	ldi	r26, 0x53	; 83
     b82:	b0 e0       	ldi	r27, 0x00	; 0
     b84:	e3 e5       	ldi	r30, 0x53	; 83
     b86:	f0 e0       	ldi	r31, 0x00	; 0
     b88:	80 81       	ld	r24, Z
     b8a:	8d 7f       	andi	r24, 0xFD	; 253
     b8c:	8c 93       	st	X, r24
	CLEAR_BIT(TCCR0, CS02);
     b8e:	a3 e5       	ldi	r26, 0x53	; 83
     b90:	b0 e0       	ldi	r27, 0x00	; 0
     b92:	e3 e5       	ldi	r30, 0x53	; 83
     b94:	f0 e0       	ldi	r31, 0x00	; 0
     b96:	80 81       	ld	r24, Z
     b98:	8b 7f       	andi	r24, 0xFB	; 251
     b9a:	8c 93       	st	X, r24
#endif

}
     b9c:	cf 91       	pop	r28
     b9e:	df 91       	pop	r29
     ba0:	08 95       	ret

00000ba2 <MTIMERS_vStartTimer>:

void MTIMERS_vStartTimer(u8 A_u8TimerID)
{
     ba2:	df 93       	push	r29
     ba4:	cf 93       	push	r28
     ba6:	0f 92       	push	r0
     ba8:	cd b7       	in	r28, 0x3d	; 61
     baa:	de b7       	in	r29, 0x3e	; 62
     bac:	89 83       	std	Y+1, r24	; 0x01
	if ( A_u8TimerID==TIM_0)
     bae:	89 81       	ldd	r24, Y+1	; 0x01
     bb0:	88 23       	and	r24, r24
     bb2:	41 f4       	brne	.+16     	; 0xbc4 <MTIMERS_vStartTimer+0x22>
	{
	TCCR0 = (TCCR0 & 0XF8) | (CLK_SELLECT_PRESCALER_TIM0 & 0x07); // Anding with 0x07 is safety to change only the numbers of the first three bits
     bb4:	a3 e5       	ldi	r26, 0x53	; 83
     bb6:	b0 e0       	ldi	r27, 0x00	; 0
     bb8:	e3 e5       	ldi	r30, 0x53	; 83
     bba:	f0 e0       	ldi	r31, 0x00	; 0
     bbc:	80 81       	ld	r24, Z
     bbe:	88 7f       	andi	r24, 0xF8	; 248
     bc0:	82 60       	ori	r24, 0x02	; 2
     bc2:	8c 93       	st	X, r24
	}
}
     bc4:	0f 90       	pop	r0
     bc6:	cf 91       	pop	r28
     bc8:	df 91       	pop	r29
     bca:	08 95       	ret

00000bcc <MTIMERS_vStopTimer>:
void MTIMERS_vStopTimer(u8 A_u8TimerID)
{
     bcc:	df 93       	push	r29
     bce:	cf 93       	push	r28
     bd0:	0f 92       	push	r0
     bd2:	cd b7       	in	r28, 0x3d	; 61
     bd4:	de b7       	in	r29, 0x3e	; 62
     bd6:	89 83       	std	Y+1, r24	; 0x01
	if ( A_u8TimerID==TIM_0)
     bd8:	89 81       	ldd	r24, Y+1	; 0x01
     bda:	88 23       	and	r24, r24
     bdc:	39 f4       	brne	.+14     	; 0xbec <MTIMERS_vStopTimer+0x20>
	{
	TCCR0 = (TCCR0 & 0XF8) | (0x00 & 0x07);
     bde:	a3 e5       	ldi	r26, 0x53	; 83
     be0:	b0 e0       	ldi	r27, 0x00	; 0
     be2:	e3 e5       	ldi	r30, 0x53	; 83
     be4:	f0 e0       	ldi	r31, 0x00	; 0
     be6:	80 81       	ld	r24, Z
     be8:	88 7f       	andi	r24, 0xF8	; 248
     bea:	8c 93       	st	X, r24

	}
}
     bec:	0f 90       	pop	r0
     bee:	cf 91       	pop	r28
     bf0:	df 91       	pop	r29
     bf2:	08 95       	ret

00000bf4 <MTIMERS_vSetPreloadValue>:
//OVF
void MTIMERS_vSetPreloadValue(u8 A_u8TimerID,u16 A_u16Preload)
{
     bf4:	df 93       	push	r29
     bf6:	cf 93       	push	r28
     bf8:	00 d0       	rcall	.+0      	; 0xbfa <MTIMERS_vSetPreloadValue+0x6>
     bfa:	0f 92       	push	r0
     bfc:	cd b7       	in	r28, 0x3d	; 61
     bfe:	de b7       	in	r29, 0x3e	; 62
     c00:	89 83       	std	Y+1, r24	; 0x01
     c02:	7b 83       	std	Y+3, r23	; 0x03
     c04:	6a 83       	std	Y+2, r22	; 0x02
	switch (A_u8TimerID)
     c06:	89 81       	ldd	r24, Y+1	; 0x01
     c08:	88 2f       	mov	r24, r24
     c0a:	90 e0       	ldi	r25, 0x00	; 0
     c0c:	00 97       	sbiw	r24, 0x00	; 0
     c0e:	39 f4       	brne	.+14     	; 0xc1e <MTIMERS_vSetPreloadValue+0x2a>
	{
	case TIM_0 :
		TCNT0 = (u8) A_u16Preload ;
     c10:	e2 e5       	ldi	r30, 0x52	; 82
     c12:	f0 e0       	ldi	r31, 0x00	; 0
     c14:	8a 81       	ldd	r24, Y+2	; 0x02
     c16:	80 83       	st	Z, r24
		G_u8Timer0Preload = (u8) A_u16Preload ;
     c18:	8a 81       	ldd	r24, Y+2	; 0x02
     c1a:	80 93 6c 00 	sts	0x006C, r24
		break;
	}

}
     c1e:	0f 90       	pop	r0
     c20:	0f 90       	pop	r0
     c22:	0f 90       	pop	r0
     c24:	cf 91       	pop	r28
     c26:	df 91       	pop	r29
     c28:	08 95       	ret

00000c2a <MTIMERS_vSetCompareMatch>:

//CTC
void MTIMERS_vSetCompareMatch(u8 A_u8TimerID,u16 A_u16OCR_val)
{
     c2a:	df 93       	push	r29
     c2c:	cf 93       	push	r28
     c2e:	00 d0       	rcall	.+0      	; 0xc30 <MTIMERS_vSetCompareMatch+0x6>
     c30:	0f 92       	push	r0
     c32:	cd b7       	in	r28, 0x3d	; 61
     c34:	de b7       	in	r29, 0x3e	; 62
     c36:	89 83       	std	Y+1, r24	; 0x01
     c38:	7b 83       	std	Y+3, r23	; 0x03
     c3a:	6a 83       	std	Y+2, r22	; 0x02
	switch (A_u8TimerID)
     c3c:	89 81       	ldd	r24, Y+1	; 0x01
     c3e:	88 2f       	mov	r24, r24
     c40:	90 e0       	ldi	r25, 0x00	; 0
     c42:	00 97       	sbiw	r24, 0x00	; 0
     c44:	21 f4       	brne	.+8      	; 0xc4e <MTIMERS_vSetCompareMatch+0x24>
	{
	case TIM_0 :
		OCR0 = (u8) A_u16OCR_val ;
     c46:	ec e5       	ldi	r30, 0x5C	; 92
     c48:	f0 e0       	ldi	r31, 0x00	; 0
     c4a:	8a 81       	ldd	r24, Y+2	; 0x02
     c4c:	80 83       	st	Z, r24
		break;
	}
}
     c4e:	0f 90       	pop	r0
     c50:	0f 90       	pop	r0
     c52:	0f 90       	pop	r0
     c54:	cf 91       	pop	r28
     c56:	df 91       	pop	r29
     c58:	08 95       	ret

00000c5a <MTIMERS_vEnableInterrupt>:

void MTIMERS_vEnableInterrupt(u8 A_u8TimerID,u8 A_u8TimerMode)
{
     c5a:	df 93       	push	r29
     c5c:	cf 93       	push	r28
     c5e:	00 d0       	rcall	.+0      	; 0xc60 <MTIMERS_vEnableInterrupt+0x6>
     c60:	00 d0       	rcall	.+0      	; 0xc62 <MTIMERS_vEnableInterrupt+0x8>
     c62:	cd b7       	in	r28, 0x3d	; 61
     c64:	de b7       	in	r29, 0x3e	; 62
     c66:	89 83       	std	Y+1, r24	; 0x01
     c68:	6a 83       	std	Y+2, r22	; 0x02
	if ( A_u8TimerID == TIM_0)
     c6a:	89 81       	ldd	r24, Y+1	; 0x01
     c6c:	88 23       	and	r24, r24
     c6e:	f1 f4       	brne	.+60     	; 0xcac <MTIMERS_vEnableInterrupt+0x52>
		{
			switch (A_u8TimerMode)
     c70:	8a 81       	ldd	r24, Y+2	; 0x02
     c72:	28 2f       	mov	r18, r24
     c74:	30 e0       	ldi	r19, 0x00	; 0
     c76:	3c 83       	std	Y+4, r19	; 0x04
     c78:	2b 83       	std	Y+3, r18	; 0x03
     c7a:	8b 81       	ldd	r24, Y+3	; 0x03
     c7c:	9c 81       	ldd	r25, Y+4	; 0x04
     c7e:	00 97       	sbiw	r24, 0x00	; 0
     c80:	31 f0       	breq	.+12     	; 0xc8e <MTIMERS_vEnableInterrupt+0x34>
     c82:	2b 81       	ldd	r18, Y+3	; 0x03
     c84:	3c 81       	ldd	r19, Y+4	; 0x04
     c86:	21 30       	cpi	r18, 0x01	; 1
     c88:	31 05       	cpc	r19, r1
     c8a:	49 f0       	breq	.+18     	; 0xc9e <MTIMERS_vEnableInterrupt+0x44>
     c8c:	0f c0       	rjmp	.+30     	; 0xcac <MTIMERS_vEnableInterrupt+0x52>
			{
			case  NORMAL_OVERFLOW :
				SET_BIT(TIMSK,0);
     c8e:	a9 e5       	ldi	r26, 0x59	; 89
     c90:	b0 e0       	ldi	r27, 0x00	; 0
     c92:	e9 e5       	ldi	r30, 0x59	; 89
     c94:	f0 e0       	ldi	r31, 0x00	; 0
     c96:	80 81       	ld	r24, Z
     c98:	81 60       	ori	r24, 0x01	; 1
     c9a:	8c 93       	st	X, r24
     c9c:	07 c0       	rjmp	.+14     	; 0xcac <MTIMERS_vEnableInterrupt+0x52>
				break;

			case  CTC :
				SET_BIT(TIMSK,1);
     c9e:	a9 e5       	ldi	r26, 0x59	; 89
     ca0:	b0 e0       	ldi	r27, 0x00	; 0
     ca2:	e9 e5       	ldi	r30, 0x59	; 89
     ca4:	f0 e0       	ldi	r31, 0x00	; 0
     ca6:	80 81       	ld	r24, Z
     ca8:	82 60       	ori	r24, 0x02	; 2
     caa:	8c 93       	st	X, r24
				break;
			}

		}
}
     cac:	0f 90       	pop	r0
     cae:	0f 90       	pop	r0
     cb0:	0f 90       	pop	r0
     cb2:	0f 90       	pop	r0
     cb4:	cf 91       	pop	r28
     cb6:	df 91       	pop	r29
     cb8:	08 95       	ret

00000cba <MTIMERS_vDisableInterrupt>:
void MTIMERS_vDisableInterrupt(u8 A_u8TimerID,u8 A_u8TimerMode)
{
     cba:	df 93       	push	r29
     cbc:	cf 93       	push	r28
     cbe:	00 d0       	rcall	.+0      	; 0xcc0 <MTIMERS_vDisableInterrupt+0x6>
     cc0:	00 d0       	rcall	.+0      	; 0xcc2 <MTIMERS_vDisableInterrupt+0x8>
     cc2:	cd b7       	in	r28, 0x3d	; 61
     cc4:	de b7       	in	r29, 0x3e	; 62
     cc6:	89 83       	std	Y+1, r24	; 0x01
     cc8:	6a 83       	std	Y+2, r22	; 0x02
	if ( A_u8TimerID == TIM_0)
     cca:	89 81       	ldd	r24, Y+1	; 0x01
     ccc:	88 23       	and	r24, r24
     cce:	f1 f4       	brne	.+60     	; 0xd0c <MTIMERS_vDisableInterrupt+0x52>
		{
			switch (A_u8TimerMode)
     cd0:	8a 81       	ldd	r24, Y+2	; 0x02
     cd2:	28 2f       	mov	r18, r24
     cd4:	30 e0       	ldi	r19, 0x00	; 0
     cd6:	3c 83       	std	Y+4, r19	; 0x04
     cd8:	2b 83       	std	Y+3, r18	; 0x03
     cda:	8b 81       	ldd	r24, Y+3	; 0x03
     cdc:	9c 81       	ldd	r25, Y+4	; 0x04
     cde:	00 97       	sbiw	r24, 0x00	; 0
     ce0:	31 f0       	breq	.+12     	; 0xcee <MTIMERS_vDisableInterrupt+0x34>
     ce2:	2b 81       	ldd	r18, Y+3	; 0x03
     ce4:	3c 81       	ldd	r19, Y+4	; 0x04
     ce6:	21 30       	cpi	r18, 0x01	; 1
     ce8:	31 05       	cpc	r19, r1
     cea:	49 f0       	breq	.+18     	; 0xcfe <MTIMERS_vDisableInterrupt+0x44>
     cec:	0f c0       	rjmp	.+30     	; 0xd0c <MTIMERS_vDisableInterrupt+0x52>
			{
			case  NORMAL_OVERFLOW :
				CLEAR_BIT(TIMSK,0);
     cee:	a9 e5       	ldi	r26, 0x59	; 89
     cf0:	b0 e0       	ldi	r27, 0x00	; 0
     cf2:	e9 e5       	ldi	r30, 0x59	; 89
     cf4:	f0 e0       	ldi	r31, 0x00	; 0
     cf6:	80 81       	ld	r24, Z
     cf8:	8e 7f       	andi	r24, 0xFE	; 254
     cfa:	8c 93       	st	X, r24
     cfc:	07 c0       	rjmp	.+14     	; 0xd0c <MTIMERS_vDisableInterrupt+0x52>
				break;

			case  CTC :
				CLEAR_BIT(TIMSK,1);
     cfe:	a9 e5       	ldi	r26, 0x59	; 89
     d00:	b0 e0       	ldi	r27, 0x00	; 0
     d02:	e9 e5       	ldi	r30, 0x59	; 89
     d04:	f0 e0       	ldi	r31, 0x00	; 0
     d06:	80 81       	ld	r24, Z
     d08:	8d 7f       	andi	r24, 0xFD	; 253
     d0a:	8c 93       	st	X, r24
				break;
			}

		}
}
     d0c:	0f 90       	pop	r0
     d0e:	0f 90       	pop	r0
     d10:	0f 90       	pop	r0
     d12:	0f 90       	pop	r0
     d14:	cf 91       	pop	r28
     d16:	df 91       	pop	r29
     d18:	08 95       	ret

00000d1a <MTIMERS_vSetInterval_OVF>:

void MTIMERS_vSetInterval_OVF(void(*Fptr)(void),u32 A_u32Intervalcount)
{
     d1a:	df 93       	push	r29
     d1c:	cf 93       	push	r28
     d1e:	00 d0       	rcall	.+0      	; 0xd20 <MTIMERS_vSetInterval_OVF+0x6>
     d20:	00 d0       	rcall	.+0      	; 0xd22 <MTIMERS_vSetInterval_OVF+0x8>
     d22:	00 d0       	rcall	.+0      	; 0xd24 <MTIMERS_vSetInterval_OVF+0xa>
     d24:	cd b7       	in	r28, 0x3d	; 61
     d26:	de b7       	in	r29, 0x3e	; 62
     d28:	9a 83       	std	Y+2, r25	; 0x02
     d2a:	89 83       	std	Y+1, r24	; 0x01
     d2c:	4b 83       	std	Y+3, r20	; 0x03
     d2e:	5c 83       	std	Y+4, r21	; 0x04
     d30:	6d 83       	std	Y+5, r22	; 0x05
     d32:	7e 83       	std	Y+6, r23	; 0x06
	 G_u32IntervalCount = A_u32Intervalcount ;
     d34:	8b 81       	ldd	r24, Y+3	; 0x03
     d36:	9c 81       	ldd	r25, Y+4	; 0x04
     d38:	ad 81       	ldd	r26, Y+5	; 0x05
     d3a:	be 81       	ldd	r27, Y+6	; 0x06
     d3c:	80 93 6d 00 	sts	0x006D, r24
     d40:	90 93 6e 00 	sts	0x006E, r25
     d44:	a0 93 6f 00 	sts	0x006F, r26
     d48:	b0 93 70 00 	sts	0x0070, r27
	 G_TIMER_OVF_CB = Fptr ;
     d4c:	89 81       	ldd	r24, Y+1	; 0x01
     d4e:	9a 81       	ldd	r25, Y+2	; 0x02
     d50:	90 93 69 00 	sts	0x0069, r25
     d54:	80 93 68 00 	sts	0x0068, r24

}
     d58:	26 96       	adiw	r28, 0x06	; 6
     d5a:	0f b6       	in	r0, 0x3f	; 63
     d5c:	f8 94       	cli
     d5e:	de bf       	out	0x3e, r29	; 62
     d60:	0f be       	out	0x3f, r0	; 63
     d62:	cd bf       	out	0x3d, r28	; 61
     d64:	cf 91       	pop	r28
     d66:	df 91       	pop	r29
     d68:	08 95       	ret

00000d6a <MTIMERS_vSetInterval_CTC>:

void MTIMERS_vSetInterval_CTC(void(*Fptr)(void),u32 A_u32Intervalcount)
{
     d6a:	df 93       	push	r29
     d6c:	cf 93       	push	r28
     d6e:	00 d0       	rcall	.+0      	; 0xd70 <MTIMERS_vSetInterval_CTC+0x6>
     d70:	00 d0       	rcall	.+0      	; 0xd72 <MTIMERS_vSetInterval_CTC+0x8>
     d72:	00 d0       	rcall	.+0      	; 0xd74 <MTIMERS_vSetInterval_CTC+0xa>
     d74:	cd b7       	in	r28, 0x3d	; 61
     d76:	de b7       	in	r29, 0x3e	; 62
     d78:	9a 83       	std	Y+2, r25	; 0x02
     d7a:	89 83       	std	Y+1, r24	; 0x01
     d7c:	4b 83       	std	Y+3, r20	; 0x03
     d7e:	5c 83       	std	Y+4, r21	; 0x04
     d80:	6d 83       	std	Y+5, r22	; 0x05
     d82:	7e 83       	std	Y+6, r23	; 0x06
	 G_u32IntervalCount = A_u32Intervalcount ;
     d84:	8b 81       	ldd	r24, Y+3	; 0x03
     d86:	9c 81       	ldd	r25, Y+4	; 0x04
     d88:	ad 81       	ldd	r26, Y+5	; 0x05
     d8a:	be 81       	ldd	r27, Y+6	; 0x06
     d8c:	80 93 6d 00 	sts	0x006D, r24
     d90:	90 93 6e 00 	sts	0x006E, r25
     d94:	a0 93 6f 00 	sts	0x006F, r26
     d98:	b0 93 70 00 	sts	0x0070, r27
	G_TIMER_CTC_CB = Fptr ;
     d9c:	89 81       	ldd	r24, Y+1	; 0x01
     d9e:	9a 81       	ldd	r25, Y+2	; 0x02
     da0:	90 93 6b 00 	sts	0x006B, r25
     da4:	80 93 6a 00 	sts	0x006A, r24

}
     da8:	26 96       	adiw	r28, 0x06	; 6
     daa:	0f b6       	in	r0, 0x3f	; 63
     dac:	f8 94       	cli
     dae:	de bf       	out	0x3e, r29	; 62
     db0:	0f be       	out	0x3f, r0	; 63
     db2:	cd bf       	out	0x3d, r28	; 61
     db4:	cf 91       	pop	r28
     db6:	df 91       	pop	r29
     db8:	08 95       	ret

00000dba <__vector_10>:

void __vector_10(void) __attribute__((signal));
void __vector_10(void)
{
     dba:	1f 92       	push	r1
     dbc:	0f 92       	push	r0
     dbe:	0f b6       	in	r0, 0x3f	; 63
     dc0:	0f 92       	push	r0
     dc2:	11 24       	eor	r1, r1
     dc4:	2f 93       	push	r18
     dc6:	3f 93       	push	r19
     dc8:	4f 93       	push	r20
     dca:	5f 93       	push	r21
     dcc:	6f 93       	push	r22
     dce:	7f 93       	push	r23
     dd0:	8f 93       	push	r24
     dd2:	9f 93       	push	r25
     dd4:	af 93       	push	r26
     dd6:	bf 93       	push	r27
     dd8:	ef 93       	push	r30
     dda:	ff 93       	push	r31
     ddc:	df 93       	push	r29
     dde:	cf 93       	push	r28
     de0:	cd b7       	in	r28, 0x3d	; 61
     de2:	de b7       	in	r29, 0x3e	; 62
	static u32 LS_u32Counter = 0 ;

	LS_u32Counter ++ ;
     de4:	80 91 71 00 	lds	r24, 0x0071
     de8:	90 91 72 00 	lds	r25, 0x0072
     dec:	a0 91 73 00 	lds	r26, 0x0073
     df0:	b0 91 74 00 	lds	r27, 0x0074
     df4:	01 96       	adiw	r24, 0x01	; 1
     df6:	a1 1d       	adc	r26, r1
     df8:	b1 1d       	adc	r27, r1
     dfa:	80 93 71 00 	sts	0x0071, r24
     dfe:	90 93 72 00 	sts	0x0072, r25
     e02:	a0 93 73 00 	sts	0x0073, r26
     e06:	b0 93 74 00 	sts	0x0074, r27

	if(LS_u32Counter ==  G_u32IntervalCount )
     e0a:	20 91 71 00 	lds	r18, 0x0071
     e0e:	30 91 72 00 	lds	r19, 0x0072
     e12:	40 91 73 00 	lds	r20, 0x0073
     e16:	50 91 74 00 	lds	r21, 0x0074
     e1a:	80 91 6d 00 	lds	r24, 0x006D
     e1e:	90 91 6e 00 	lds	r25, 0x006E
     e22:	a0 91 6f 00 	lds	r26, 0x006F
     e26:	b0 91 70 00 	lds	r27, 0x0070
     e2a:	28 17       	cp	r18, r24
     e2c:	39 07       	cpc	r19, r25
     e2e:	4a 07       	cpc	r20, r26
     e30:	5b 07       	cpc	r21, r27
     e32:	c1 f4       	brne	.+48     	; 0xe64 <__vector_10+0xaa>
	{
	TCNT0 = G_u8Timer0Preload ;
     e34:	e2 e5       	ldi	r30, 0x52	; 82
     e36:	f0 e0       	ldi	r31, 0x00	; 0
     e38:	80 91 6c 00 	lds	r24, 0x006C
     e3c:	80 83       	st	Z, r24

	if(G_TIMER_CTC_CB != NULL )
     e3e:	80 91 6a 00 	lds	r24, 0x006A
     e42:	90 91 6b 00 	lds	r25, 0x006B
     e46:	00 97       	sbiw	r24, 0x00	; 0
     e48:	69 f0       	breq	.+26     	; 0xe64 <__vector_10+0xaa>
	{
		G_TIMER_CTC_CB();
     e4a:	e0 91 6a 00 	lds	r30, 0x006A
     e4e:	f0 91 6b 00 	lds	r31, 0x006B
     e52:	09 95       	icall
		LS_u32Counter = 0;
     e54:	10 92 71 00 	sts	0x0071, r1
     e58:	10 92 72 00 	sts	0x0072, r1
     e5c:	10 92 73 00 	sts	0x0073, r1
     e60:	10 92 74 00 	sts	0x0074, r1

	}
	}
}
     e64:	cf 91       	pop	r28
     e66:	df 91       	pop	r29
     e68:	ff 91       	pop	r31
     e6a:	ef 91       	pop	r30
     e6c:	bf 91       	pop	r27
     e6e:	af 91       	pop	r26
     e70:	9f 91       	pop	r25
     e72:	8f 91       	pop	r24
     e74:	7f 91       	pop	r23
     e76:	6f 91       	pop	r22
     e78:	5f 91       	pop	r21
     e7a:	4f 91       	pop	r20
     e7c:	3f 91       	pop	r19
     e7e:	2f 91       	pop	r18
     e80:	0f 90       	pop	r0
     e82:	0f be       	out	0x3f, r0	; 63
     e84:	0f 90       	pop	r0
     e86:	1f 90       	pop	r1
     e88:	18 95       	reti

00000e8a <__vector_11>:

void __vector_11(void) __attribute__((signal));

void __vector_11(void)
{
     e8a:	1f 92       	push	r1
     e8c:	0f 92       	push	r0
     e8e:	0f b6       	in	r0, 0x3f	; 63
     e90:	0f 92       	push	r0
     e92:	11 24       	eor	r1, r1
     e94:	2f 93       	push	r18
     e96:	3f 93       	push	r19
     e98:	4f 93       	push	r20
     e9a:	5f 93       	push	r21
     e9c:	6f 93       	push	r22
     e9e:	7f 93       	push	r23
     ea0:	8f 93       	push	r24
     ea2:	9f 93       	push	r25
     ea4:	af 93       	push	r26
     ea6:	bf 93       	push	r27
     ea8:	ef 93       	push	r30
     eaa:	ff 93       	push	r31
     eac:	df 93       	push	r29
     eae:	cf 93       	push	r28
     eb0:	cd b7       	in	r28, 0x3d	; 61
     eb2:	de b7       	in	r29, 0x3e	; 62
	static u32 LS_u32T_OVF = 0 ;

	LS_u32T_OVF ++ ;
     eb4:	80 91 75 00 	lds	r24, 0x0075
     eb8:	90 91 76 00 	lds	r25, 0x0076
     ebc:	a0 91 77 00 	lds	r26, 0x0077
     ec0:	b0 91 78 00 	lds	r27, 0x0078
     ec4:	01 96       	adiw	r24, 0x01	; 1
     ec6:	a1 1d       	adc	r26, r1
     ec8:	b1 1d       	adc	r27, r1
     eca:	80 93 75 00 	sts	0x0075, r24
     ece:	90 93 76 00 	sts	0x0076, r25
     ed2:	a0 93 77 00 	sts	0x0077, r26
     ed6:	b0 93 78 00 	sts	0x0078, r27

	if(LS_u32T_OVF ==  G_u32IntervalCount )
     eda:	20 91 75 00 	lds	r18, 0x0075
     ede:	30 91 76 00 	lds	r19, 0x0076
     ee2:	40 91 77 00 	lds	r20, 0x0077
     ee6:	50 91 78 00 	lds	r21, 0x0078
     eea:	80 91 6d 00 	lds	r24, 0x006D
     eee:	90 91 6e 00 	lds	r25, 0x006E
     ef2:	a0 91 6f 00 	lds	r26, 0x006F
     ef6:	b0 91 70 00 	lds	r27, 0x0070
     efa:	28 17       	cp	r18, r24
     efc:	39 07       	cpc	r19, r25
     efe:	4a 07       	cpc	r20, r26
     f00:	5b 07       	cpc	r21, r27
     f02:	c1 f4       	brne	.+48     	; 0xf34 <__vector_11+0xaa>
	{
	TCNT0 = G_u8Timer0Preload ;
     f04:	e2 e5       	ldi	r30, 0x52	; 82
     f06:	f0 e0       	ldi	r31, 0x00	; 0
     f08:	80 91 6c 00 	lds	r24, 0x006C
     f0c:	80 83       	st	Z, r24

	if(G_TIMER_OVF_CB != NULL )
     f0e:	80 91 68 00 	lds	r24, 0x0068
     f12:	90 91 69 00 	lds	r25, 0x0069
     f16:	00 97       	sbiw	r24, 0x00	; 0
     f18:	69 f0       	breq	.+26     	; 0xf34 <__vector_11+0xaa>
	{
		G_TIMER_OVF_CB();
     f1a:	e0 91 68 00 	lds	r30, 0x0068
     f1e:	f0 91 69 00 	lds	r31, 0x0069
     f22:	09 95       	icall
		LS_u32T_OVF = 0;
     f24:	10 92 75 00 	sts	0x0075, r1
     f28:	10 92 76 00 	sts	0x0076, r1
     f2c:	10 92 77 00 	sts	0x0077, r1
     f30:	10 92 78 00 	sts	0x0078, r1

	}
	}
}
     f34:	cf 91       	pop	r28
     f36:	df 91       	pop	r29
     f38:	ff 91       	pop	r31
     f3a:	ef 91       	pop	r30
     f3c:	bf 91       	pop	r27
     f3e:	af 91       	pop	r26
     f40:	9f 91       	pop	r25
     f42:	8f 91       	pop	r24
     f44:	7f 91       	pop	r23
     f46:	6f 91       	pop	r22
     f48:	5f 91       	pop	r21
     f4a:	4f 91       	pop	r20
     f4c:	3f 91       	pop	r19
     f4e:	2f 91       	pop	r18
     f50:	0f 90       	pop	r0
     f52:	0f be       	out	0x3f, r0	; 63
     f54:	0f 90       	pop	r0
     f56:	1f 90       	pop	r1
     f58:	18 95       	reti

00000f5a <MGIE_vEnableGlobalInterrupt>:
#include "../GIE/GIE_prv.h"



void MGIE_vEnableGlobalInterrupt(void)
{
     f5a:	df 93       	push	r29
     f5c:	cf 93       	push	r28
     f5e:	cd b7       	in	r28, 0x3d	; 61
     f60:	de b7       	in	r29, 0x3e	; 62
	SET_BIT(SREG,7);
     f62:	af e5       	ldi	r26, 0x5F	; 95
     f64:	b0 e0       	ldi	r27, 0x00	; 0
     f66:	ef e5       	ldi	r30, 0x5F	; 95
     f68:	f0 e0       	ldi	r31, 0x00	; 0
     f6a:	80 81       	ld	r24, Z
     f6c:	80 68       	ori	r24, 0x80	; 128
     f6e:	8c 93       	st	X, r24
}
     f70:	cf 91       	pop	r28
     f72:	df 91       	pop	r29
     f74:	08 95       	ret

00000f76 <MGIE_vDisableGlobalInterrupt>:
void MGIE_vDisableGlobalInterrupt(void)
{
     f76:	df 93       	push	r29
     f78:	cf 93       	push	r28
     f7a:	cd b7       	in	r28, 0x3d	; 61
     f7c:	de b7       	in	r29, 0x3e	; 62
	CLEAR_BIT(SREG,7);
     f7e:	af e5       	ldi	r26, 0x5F	; 95
     f80:	b0 e0       	ldi	r27, 0x00	; 0
     f82:	ef e5       	ldi	r30, 0x5F	; 95
     f84:	f0 e0       	ldi	r31, 0x00	; 0
     f86:	80 81       	ld	r24, Z
     f88:	8f 77       	andi	r24, 0x7F	; 127
     f8a:	8c 93       	st	X, r24
}
     f8c:	cf 91       	pop	r28
     f8e:	df 91       	pop	r29
     f90:	08 95       	ret

00000f92 <MEXTI_vInit>:
#include "EXTI_prv.h"

static void (*G_EXTI_Callback[3])(void) = {NULL}; // Array of Function pointers , static to be used in that file only and not allowed to extern

void MEXTI_vInit(void)
{
     f92:	df 93       	push	r29
     f94:	cf 93       	push	r28
     f96:	cd b7       	in	r28, 0x3d	; 61
     f98:	de b7       	in	r29, 0x3e	; 62
   //INT0 Initialization
#if EXTI_INT0_STATE == ENABLE
	/* Sense control */
#if EXTI_INT0_SENSE_CTRL==EXTI_FALLING
	// falling edge for INT0
	CLEAR_BIT(MCUCR,0);
     f9a:	a5 e5       	ldi	r26, 0x55	; 85
     f9c:	b0 e0       	ldi	r27, 0x00	; 0
     f9e:	e5 e5       	ldi	r30, 0x55	; 85
     fa0:	f0 e0       	ldi	r31, 0x00	; 0
     fa2:	80 81       	ld	r24, Z
     fa4:	8e 7f       	andi	r24, 0xFE	; 254
     fa6:	8c 93       	st	X, r24
	SET_BIT(MCUCR,1);
     fa8:	a5 e5       	ldi	r26, 0x55	; 85
     faa:	b0 e0       	ldi	r27, 0x00	; 0
     fac:	e5 e5       	ldi	r30, 0x55	; 85
     fae:	f0 e0       	ldi	r31, 0x00	; 0
     fb0:	80 81       	ld	r24, Z
     fb2:	82 60       	ori	r24, 0x02	; 2
     fb4:	8c 93       	st	X, r24
	CLEAR_BIT(MCUCR,1);
#else
#error "Sense control must be EXTI_FALLING , EXTI_RISING , EXTI_LOW_LVL or EXTI_ONCHANGE "
#endif
	/* Enable interrupt */
	SET_BIT(GICR,6);
     fb6:	ab e5       	ldi	r26, 0x5B	; 91
     fb8:	b0 e0       	ldi	r27, 0x00	; 0
     fba:	eb e5       	ldi	r30, 0x5B	; 91
     fbc:	f0 e0       	ldi	r31, 0x00	; 0
     fbe:	80 81       	ld	r24, Z
     fc0:	80 64       	ori	r24, 0x40	; 64
     fc2:	8c 93       	st	X, r24
	//INT2 Initialization
#if EXTI_INT1_STATE == ENABLE
	/* Sense control */
#if EXTI_INT1_SENSE_CTRL == EXTI_FALLING
	// falling edge for INT1
	CLEAR_BIT(MCUCR,2);
     fc4:	a5 e5       	ldi	r26, 0x55	; 85
     fc6:	b0 e0       	ldi	r27, 0x00	; 0
     fc8:	e5 e5       	ldi	r30, 0x55	; 85
     fca:	f0 e0       	ldi	r31, 0x00	; 0
     fcc:	80 81       	ld	r24, Z
     fce:	8b 7f       	andi	r24, 0xFB	; 251
     fd0:	8c 93       	st	X, r24
	SET_BIT(MCUCR,3);
     fd2:	a5 e5       	ldi	r26, 0x55	; 85
     fd4:	b0 e0       	ldi	r27, 0x00	; 0
     fd6:	e5 e5       	ldi	r30, 0x55	; 85
     fd8:	f0 e0       	ldi	r31, 0x00	; 0
     fda:	80 81       	ld	r24, Z
     fdc:	88 60       	ori	r24, 0x08	; 8
     fde:	8c 93       	st	X, r24
	CLEAR_BIT(MCUCR,3);
#else
#error "Sense control must be EXTI_FALLING , EXTI_RISING , EXTI_LOW_LVL or EXTI_ONCHANGE "
#endif
	/* Enable interrupt */
	SET_BIT(GICR,7);
     fe0:	ab e5       	ldi	r26, 0x5B	; 91
     fe2:	b0 e0       	ldi	r27, 0x00	; 0
     fe4:	eb e5       	ldi	r30, 0x5B	; 91
     fe6:	f0 e0       	ldi	r31, 0x00	; 0
     fe8:	80 81       	ld	r24, Z
     fea:	80 68       	ori	r24, 0x80	; 128
     fec:	8c 93       	st	X, r24
#endif
	/* Enable interrupt */
	SET_BIT(GICR,5);
#endif

}
     fee:	cf 91       	pop	r28
     ff0:	df 91       	pop	r29
     ff2:	08 95       	ret

00000ff4 <MEXTI_vCallBackFunction>:


void MEXTI_vCallBackFunction(void (*Fptr)(void),u8 A_u8InterruptNo)
{
     ff4:	df 93       	push	r29
     ff6:	cf 93       	push	r28
     ff8:	00 d0       	rcall	.+0      	; 0xffa <MEXTI_vCallBackFunction+0x6>
     ffa:	0f 92       	push	r0
     ffc:	cd b7       	in	r28, 0x3d	; 61
     ffe:	de b7       	in	r29, 0x3e	; 62
    1000:	9a 83       	std	Y+2, r25	; 0x02
    1002:	89 83       	std	Y+1, r24	; 0x01
    1004:	6b 83       	std	Y+3, r22	; 0x03
	G_EXTI_Callback[A_u8InterruptNo] = Fptr ;
    1006:	8b 81       	ldd	r24, Y+3	; 0x03
    1008:	88 2f       	mov	r24, r24
    100a:	90 e0       	ldi	r25, 0x00	; 0
    100c:	88 0f       	add	r24, r24
    100e:	99 1f       	adc	r25, r25
    1010:	fc 01       	movw	r30, r24
    1012:	e7 58       	subi	r30, 0x87	; 135
    1014:	ff 4f       	sbci	r31, 0xFF	; 255
    1016:	89 81       	ldd	r24, Y+1	; 0x01
    1018:	9a 81       	ldd	r25, Y+2	; 0x02
    101a:	91 83       	std	Z+1, r25	; 0x01
    101c:	80 83       	st	Z, r24
}
    101e:	0f 90       	pop	r0
    1020:	0f 90       	pop	r0
    1022:	0f 90       	pop	r0
    1024:	cf 91       	pop	r28
    1026:	df 91       	pop	r29
    1028:	08 95       	ret

0000102a <__vector_1>:

void __vector_1(void) __attribute__((signal));

void __vector_1(void)
{
    102a:	1f 92       	push	r1
    102c:	0f 92       	push	r0
    102e:	0f b6       	in	r0, 0x3f	; 63
    1030:	0f 92       	push	r0
    1032:	11 24       	eor	r1, r1
    1034:	2f 93       	push	r18
    1036:	3f 93       	push	r19
    1038:	4f 93       	push	r20
    103a:	5f 93       	push	r21
    103c:	6f 93       	push	r22
    103e:	7f 93       	push	r23
    1040:	8f 93       	push	r24
    1042:	9f 93       	push	r25
    1044:	af 93       	push	r26
    1046:	bf 93       	push	r27
    1048:	ef 93       	push	r30
    104a:	ff 93       	push	r31
    104c:	df 93       	push	r29
    104e:	cf 93       	push	r28
    1050:	cd b7       	in	r28, 0x3d	; 61
    1052:	de b7       	in	r29, 0x3e	; 62
	if(G_EXTI_Callback[EXTI_INT0_ID] != NULL)
    1054:	80 91 79 00 	lds	r24, 0x0079
    1058:	90 91 7a 00 	lds	r25, 0x007A
    105c:	00 97       	sbiw	r24, 0x00	; 0
    105e:	29 f0       	breq	.+10     	; 0x106a <__vector_1+0x40>
	{
	G_EXTI_Callback[EXTI_INT0_ID]();
    1060:	e0 91 79 00 	lds	r30, 0x0079
    1064:	f0 91 7a 00 	lds	r31, 0x007A
    1068:	09 95       	icall
	}
}
    106a:	cf 91       	pop	r28
    106c:	df 91       	pop	r29
    106e:	ff 91       	pop	r31
    1070:	ef 91       	pop	r30
    1072:	bf 91       	pop	r27
    1074:	af 91       	pop	r26
    1076:	9f 91       	pop	r25
    1078:	8f 91       	pop	r24
    107a:	7f 91       	pop	r23
    107c:	6f 91       	pop	r22
    107e:	5f 91       	pop	r21
    1080:	4f 91       	pop	r20
    1082:	3f 91       	pop	r19
    1084:	2f 91       	pop	r18
    1086:	0f 90       	pop	r0
    1088:	0f be       	out	0x3f, r0	; 63
    108a:	0f 90       	pop	r0
    108c:	1f 90       	pop	r1
    108e:	18 95       	reti

00001090 <__vector_2>:

void __vector_2(void) __attribute__((signal));

void __vector_2(void)
{
    1090:	1f 92       	push	r1
    1092:	0f 92       	push	r0
    1094:	0f b6       	in	r0, 0x3f	; 63
    1096:	0f 92       	push	r0
    1098:	11 24       	eor	r1, r1
    109a:	2f 93       	push	r18
    109c:	3f 93       	push	r19
    109e:	4f 93       	push	r20
    10a0:	5f 93       	push	r21
    10a2:	6f 93       	push	r22
    10a4:	7f 93       	push	r23
    10a6:	8f 93       	push	r24
    10a8:	9f 93       	push	r25
    10aa:	af 93       	push	r26
    10ac:	bf 93       	push	r27
    10ae:	ef 93       	push	r30
    10b0:	ff 93       	push	r31
    10b2:	df 93       	push	r29
    10b4:	cf 93       	push	r28
    10b6:	cd b7       	in	r28, 0x3d	; 61
    10b8:	de b7       	in	r29, 0x3e	; 62
	if(G_EXTI_Callback[EXTI_INT1_ID] != NULL)
    10ba:	80 91 7b 00 	lds	r24, 0x007B
    10be:	90 91 7c 00 	lds	r25, 0x007C
    10c2:	00 97       	sbiw	r24, 0x00	; 0
    10c4:	29 f0       	breq	.+10     	; 0x10d0 <__vector_2+0x40>
	{
	G_EXTI_Callback[EXTI_INT1_ID]();
    10c6:	e0 91 7b 00 	lds	r30, 0x007B
    10ca:	f0 91 7c 00 	lds	r31, 0x007C
    10ce:	09 95       	icall
	}
}
    10d0:	cf 91       	pop	r28
    10d2:	df 91       	pop	r29
    10d4:	ff 91       	pop	r31
    10d6:	ef 91       	pop	r30
    10d8:	bf 91       	pop	r27
    10da:	af 91       	pop	r26
    10dc:	9f 91       	pop	r25
    10de:	8f 91       	pop	r24
    10e0:	7f 91       	pop	r23
    10e2:	6f 91       	pop	r22
    10e4:	5f 91       	pop	r21
    10e6:	4f 91       	pop	r20
    10e8:	3f 91       	pop	r19
    10ea:	2f 91       	pop	r18
    10ec:	0f 90       	pop	r0
    10ee:	0f be       	out	0x3f, r0	; 63
    10f0:	0f 90       	pop	r0
    10f2:	1f 90       	pop	r1
    10f4:	18 95       	reti

000010f6 <__vector_3>:

void __vector_3(void) __attribute__((signal));

void __vector_3(void)
{
    10f6:	1f 92       	push	r1
    10f8:	0f 92       	push	r0
    10fa:	0f b6       	in	r0, 0x3f	; 63
    10fc:	0f 92       	push	r0
    10fe:	11 24       	eor	r1, r1
    1100:	2f 93       	push	r18
    1102:	3f 93       	push	r19
    1104:	4f 93       	push	r20
    1106:	5f 93       	push	r21
    1108:	6f 93       	push	r22
    110a:	7f 93       	push	r23
    110c:	8f 93       	push	r24
    110e:	9f 93       	push	r25
    1110:	af 93       	push	r26
    1112:	bf 93       	push	r27
    1114:	ef 93       	push	r30
    1116:	ff 93       	push	r31
    1118:	df 93       	push	r29
    111a:	cf 93       	push	r28
    111c:	cd b7       	in	r28, 0x3d	; 61
    111e:	de b7       	in	r29, 0x3e	; 62
	if(G_EXTI_Callback[EXTI_INT2_ID] != NULL)
    1120:	80 91 7d 00 	lds	r24, 0x007D
    1124:	90 91 7e 00 	lds	r25, 0x007E
    1128:	00 97       	sbiw	r24, 0x00	; 0
    112a:	29 f0       	breq	.+10     	; 0x1136 <__vector_3+0x40>
	{
	G_EXTI_Callback[EXTI_INT2_ID]();
    112c:	e0 91 7d 00 	lds	r30, 0x007D
    1130:	f0 91 7e 00 	lds	r31, 0x007E
    1134:	09 95       	icall
	}
}
    1136:	cf 91       	pop	r28
    1138:	df 91       	pop	r29
    113a:	ff 91       	pop	r31
    113c:	ef 91       	pop	r30
    113e:	bf 91       	pop	r27
    1140:	af 91       	pop	r26
    1142:	9f 91       	pop	r25
    1144:	8f 91       	pop	r24
    1146:	7f 91       	pop	r23
    1148:	6f 91       	pop	r22
    114a:	5f 91       	pop	r21
    114c:	4f 91       	pop	r20
    114e:	3f 91       	pop	r19
    1150:	2f 91       	pop	r18
    1152:	0f 90       	pop	r0
    1154:	0f be       	out	0x3f, r0	; 63
    1156:	0f 90       	pop	r0
    1158:	1f 90       	pop	r1
    115a:	18 95       	reti

0000115c <MDIO_vInit>:

#include "DIO_int.h"
#include "DIO_prv.h"

void MDIO_vInit(void)
{
    115c:	df 93       	push	r29
    115e:	cf 93       	push	r28
    1160:	cd b7       	in	r28, 0x3d	; 61
    1162:	de b7       	in	r29, 0x3e	; 62
	DDRA  = 0;
    1164:	ea e3       	ldi	r30, 0x3A	; 58
    1166:	f0 e0       	ldi	r31, 0x00	; 0
    1168:	10 82       	st	Z, r1
	DDRB  = 0;
    116a:	e7 e3       	ldi	r30, 0x37	; 55
    116c:	f0 e0       	ldi	r31, 0x00	; 0
    116e:	10 82       	st	Z, r1
	DDRC  = 0;
    1170:	e4 e3       	ldi	r30, 0x34	; 52
    1172:	f0 e0       	ldi	r31, 0x00	; 0
    1174:	10 82       	st	Z, r1
	DDRD  = 0;
    1176:	e1 e3       	ldi	r30, 0x31	; 49
    1178:	f0 e0       	ldi	r31, 0x00	; 0
    117a:	10 82       	st	Z, r1

	PORTA = 0;
    117c:	eb e3       	ldi	r30, 0x3B	; 59
    117e:	f0 e0       	ldi	r31, 0x00	; 0
    1180:	10 82       	st	Z, r1
	PORTB = 0;
    1182:	e8 e3       	ldi	r30, 0x38	; 56
    1184:	f0 e0       	ldi	r31, 0x00	; 0
    1186:	10 82       	st	Z, r1
	PORTC = 0;
    1188:	e5 e3       	ldi	r30, 0x35	; 53
    118a:	f0 e0       	ldi	r31, 0x00	; 0
    118c:	10 82       	st	Z, r1
	PORTD = 0;
    118e:	e2 e3       	ldi	r30, 0x32	; 50
    1190:	f0 e0       	ldi	r31, 0x00	; 0
    1192:	10 82       	st	Z, r1

}
    1194:	cf 91       	pop	r28
    1196:	df 91       	pop	r29
    1198:	08 95       	ret

0000119a <MDIO_vSetPinDir>:

void MDIO_vSetPinDir(u8 A_u8PortNo, u8 A_u8PinNo, u8 A_u8PinDir)
{
    119a:	df 93       	push	r29
    119c:	cf 93       	push	r28
    119e:	cd b7       	in	r28, 0x3d	; 61
    11a0:	de b7       	in	r29, 0x3e	; 62
    11a2:	27 97       	sbiw	r28, 0x07	; 7
    11a4:	0f b6       	in	r0, 0x3f	; 63
    11a6:	f8 94       	cli
    11a8:	de bf       	out	0x3e, r29	; 62
    11aa:	0f be       	out	0x3f, r0	; 63
    11ac:	cd bf       	out	0x3d, r28	; 61
    11ae:	89 83       	std	Y+1, r24	; 0x01
    11b0:	6a 83       	std	Y+2, r22	; 0x02
    11b2:	4b 83       	std	Y+3, r20	; 0x03
	if(A_u8PinDir == DIO_OUTPUT)
    11b4:	8b 81       	ldd	r24, Y+3	; 0x03
    11b6:	81 30       	cpi	r24, 0x01	; 1
    11b8:	09 f0       	breq	.+2      	; 0x11bc <MDIO_vSetPinDir+0x22>
    11ba:	6b c0       	rjmp	.+214    	; 0x1292 <MDIO_vSetPinDir+0xf8>
	{
		switch(A_u8PortNo)
    11bc:	89 81       	ldd	r24, Y+1	; 0x01
    11be:	28 2f       	mov	r18, r24
    11c0:	30 e0       	ldi	r19, 0x00	; 0
    11c2:	3f 83       	std	Y+7, r19	; 0x07
    11c4:	2e 83       	std	Y+6, r18	; 0x06
    11c6:	8e 81       	ldd	r24, Y+6	; 0x06
    11c8:	9f 81       	ldd	r25, Y+7	; 0x07
    11ca:	81 30       	cpi	r24, 0x01	; 1
    11cc:	91 05       	cpc	r25, r1
    11ce:	41 f1       	breq	.+80     	; 0x1220 <MDIO_vSetPinDir+0x86>
    11d0:	2e 81       	ldd	r18, Y+6	; 0x06
    11d2:	3f 81       	ldd	r19, Y+7	; 0x07
    11d4:	22 30       	cpi	r18, 0x02	; 2
    11d6:	31 05       	cpc	r19, r1
    11d8:	2c f4       	brge	.+10     	; 0x11e4 <MDIO_vSetPinDir+0x4a>
    11da:	8e 81       	ldd	r24, Y+6	; 0x06
    11dc:	9f 81       	ldd	r25, Y+7	; 0x07
    11de:	00 97       	sbiw	r24, 0x00	; 0
    11e0:	61 f0       	breq	.+24     	; 0x11fa <MDIO_vSetPinDir+0x60>
    11e2:	c9 c0       	rjmp	.+402    	; 0x1376 <MDIO_vSetPinDir+0x1dc>
    11e4:	2e 81       	ldd	r18, Y+6	; 0x06
    11e6:	3f 81       	ldd	r19, Y+7	; 0x07
    11e8:	22 30       	cpi	r18, 0x02	; 2
    11ea:	31 05       	cpc	r19, r1
    11ec:	61 f1       	breq	.+88     	; 0x1246 <MDIO_vSetPinDir+0xac>
    11ee:	8e 81       	ldd	r24, Y+6	; 0x06
    11f0:	9f 81       	ldd	r25, Y+7	; 0x07
    11f2:	83 30       	cpi	r24, 0x03	; 3
    11f4:	91 05       	cpc	r25, r1
    11f6:	d1 f1       	breq	.+116    	; 0x126c <MDIO_vSetPinDir+0xd2>
    11f8:	be c0       	rjmp	.+380    	; 0x1376 <MDIO_vSetPinDir+0x1dc>
		{
		case DIO_PORTA:
			SET_BIT(DDRA,A_u8PinNo);
    11fa:	aa e3       	ldi	r26, 0x3A	; 58
    11fc:	b0 e0       	ldi	r27, 0x00	; 0
    11fe:	ea e3       	ldi	r30, 0x3A	; 58
    1200:	f0 e0       	ldi	r31, 0x00	; 0
    1202:	40 81       	ld	r20, Z
    1204:	8a 81       	ldd	r24, Y+2	; 0x02
    1206:	28 2f       	mov	r18, r24
    1208:	30 e0       	ldi	r19, 0x00	; 0
    120a:	81 e0       	ldi	r24, 0x01	; 1
    120c:	90 e0       	ldi	r25, 0x00	; 0
    120e:	02 2e       	mov	r0, r18
    1210:	02 c0       	rjmp	.+4      	; 0x1216 <MDIO_vSetPinDir+0x7c>
    1212:	88 0f       	add	r24, r24
    1214:	99 1f       	adc	r25, r25
    1216:	0a 94       	dec	r0
    1218:	e2 f7       	brpl	.-8      	; 0x1212 <MDIO_vSetPinDir+0x78>
    121a:	84 2b       	or	r24, r20
    121c:	8c 93       	st	X, r24
    121e:	ab c0       	rjmp	.+342    	; 0x1376 <MDIO_vSetPinDir+0x1dc>
			break;
		case DIO_PORTB:
			SET_BIT(DDRB,A_u8PinNo);
    1220:	a7 e3       	ldi	r26, 0x37	; 55
    1222:	b0 e0       	ldi	r27, 0x00	; 0
    1224:	e7 e3       	ldi	r30, 0x37	; 55
    1226:	f0 e0       	ldi	r31, 0x00	; 0
    1228:	40 81       	ld	r20, Z
    122a:	8a 81       	ldd	r24, Y+2	; 0x02
    122c:	28 2f       	mov	r18, r24
    122e:	30 e0       	ldi	r19, 0x00	; 0
    1230:	81 e0       	ldi	r24, 0x01	; 1
    1232:	90 e0       	ldi	r25, 0x00	; 0
    1234:	02 2e       	mov	r0, r18
    1236:	02 c0       	rjmp	.+4      	; 0x123c <MDIO_vSetPinDir+0xa2>
    1238:	88 0f       	add	r24, r24
    123a:	99 1f       	adc	r25, r25
    123c:	0a 94       	dec	r0
    123e:	e2 f7       	brpl	.-8      	; 0x1238 <MDIO_vSetPinDir+0x9e>
    1240:	84 2b       	or	r24, r20
    1242:	8c 93       	st	X, r24
    1244:	98 c0       	rjmp	.+304    	; 0x1376 <MDIO_vSetPinDir+0x1dc>
			break;
		case DIO_PORTC:
			SET_BIT(DDRC,A_u8PinNo);
    1246:	a4 e3       	ldi	r26, 0x34	; 52
    1248:	b0 e0       	ldi	r27, 0x00	; 0
    124a:	e4 e3       	ldi	r30, 0x34	; 52
    124c:	f0 e0       	ldi	r31, 0x00	; 0
    124e:	40 81       	ld	r20, Z
    1250:	8a 81       	ldd	r24, Y+2	; 0x02
    1252:	28 2f       	mov	r18, r24
    1254:	30 e0       	ldi	r19, 0x00	; 0
    1256:	81 e0       	ldi	r24, 0x01	; 1
    1258:	90 e0       	ldi	r25, 0x00	; 0
    125a:	02 2e       	mov	r0, r18
    125c:	02 c0       	rjmp	.+4      	; 0x1262 <MDIO_vSetPinDir+0xc8>
    125e:	88 0f       	add	r24, r24
    1260:	99 1f       	adc	r25, r25
    1262:	0a 94       	dec	r0
    1264:	e2 f7       	brpl	.-8      	; 0x125e <MDIO_vSetPinDir+0xc4>
    1266:	84 2b       	or	r24, r20
    1268:	8c 93       	st	X, r24
    126a:	85 c0       	rjmp	.+266    	; 0x1376 <MDIO_vSetPinDir+0x1dc>
			break;
		case DIO_PORTD:
			SET_BIT(DDRD,A_u8PinNo);
    126c:	a1 e3       	ldi	r26, 0x31	; 49
    126e:	b0 e0       	ldi	r27, 0x00	; 0
    1270:	e1 e3       	ldi	r30, 0x31	; 49
    1272:	f0 e0       	ldi	r31, 0x00	; 0
    1274:	40 81       	ld	r20, Z
    1276:	8a 81       	ldd	r24, Y+2	; 0x02
    1278:	28 2f       	mov	r18, r24
    127a:	30 e0       	ldi	r19, 0x00	; 0
    127c:	81 e0       	ldi	r24, 0x01	; 1
    127e:	90 e0       	ldi	r25, 0x00	; 0
    1280:	02 2e       	mov	r0, r18
    1282:	02 c0       	rjmp	.+4      	; 0x1288 <MDIO_vSetPinDir+0xee>
    1284:	88 0f       	add	r24, r24
    1286:	99 1f       	adc	r25, r25
    1288:	0a 94       	dec	r0
    128a:	e2 f7       	brpl	.-8      	; 0x1284 <MDIO_vSetPinDir+0xea>
    128c:	84 2b       	or	r24, r20
    128e:	8c 93       	st	X, r24
    1290:	72 c0       	rjmp	.+228    	; 0x1376 <MDIO_vSetPinDir+0x1dc>
			break;
		}
	}else if(A_u8PinDir == DIO_INPUT)
    1292:	8b 81       	ldd	r24, Y+3	; 0x03
    1294:	88 23       	and	r24, r24
    1296:	09 f0       	breq	.+2      	; 0x129a <MDIO_vSetPinDir+0x100>
    1298:	6e c0       	rjmp	.+220    	; 0x1376 <MDIO_vSetPinDir+0x1dc>
	{
		switch(A_u8PortNo)
    129a:	89 81       	ldd	r24, Y+1	; 0x01
    129c:	28 2f       	mov	r18, r24
    129e:	30 e0       	ldi	r19, 0x00	; 0
    12a0:	3d 83       	std	Y+5, r19	; 0x05
    12a2:	2c 83       	std	Y+4, r18	; 0x04
    12a4:	8c 81       	ldd	r24, Y+4	; 0x04
    12a6:	9d 81       	ldd	r25, Y+5	; 0x05
    12a8:	81 30       	cpi	r24, 0x01	; 1
    12aa:	91 05       	cpc	r25, r1
    12ac:	49 f1       	breq	.+82     	; 0x1300 <MDIO_vSetPinDir+0x166>
    12ae:	2c 81       	ldd	r18, Y+4	; 0x04
    12b0:	3d 81       	ldd	r19, Y+5	; 0x05
    12b2:	22 30       	cpi	r18, 0x02	; 2
    12b4:	31 05       	cpc	r19, r1
    12b6:	2c f4       	brge	.+10     	; 0x12c2 <MDIO_vSetPinDir+0x128>
    12b8:	8c 81       	ldd	r24, Y+4	; 0x04
    12ba:	9d 81       	ldd	r25, Y+5	; 0x05
    12bc:	00 97       	sbiw	r24, 0x00	; 0
    12be:	61 f0       	breq	.+24     	; 0x12d8 <MDIO_vSetPinDir+0x13e>
    12c0:	5a c0       	rjmp	.+180    	; 0x1376 <MDIO_vSetPinDir+0x1dc>
    12c2:	2c 81       	ldd	r18, Y+4	; 0x04
    12c4:	3d 81       	ldd	r19, Y+5	; 0x05
    12c6:	22 30       	cpi	r18, 0x02	; 2
    12c8:	31 05       	cpc	r19, r1
    12ca:	71 f1       	breq	.+92     	; 0x1328 <MDIO_vSetPinDir+0x18e>
    12cc:	8c 81       	ldd	r24, Y+4	; 0x04
    12ce:	9d 81       	ldd	r25, Y+5	; 0x05
    12d0:	83 30       	cpi	r24, 0x03	; 3
    12d2:	91 05       	cpc	r25, r1
    12d4:	e9 f1       	breq	.+122    	; 0x1350 <MDIO_vSetPinDir+0x1b6>
    12d6:	4f c0       	rjmp	.+158    	; 0x1376 <MDIO_vSetPinDir+0x1dc>
		{
		case DIO_PORTA:
			CLEAR_BIT(DDRA,A_u8PinNo);
    12d8:	aa e3       	ldi	r26, 0x3A	; 58
    12da:	b0 e0       	ldi	r27, 0x00	; 0
    12dc:	ea e3       	ldi	r30, 0x3A	; 58
    12de:	f0 e0       	ldi	r31, 0x00	; 0
    12e0:	40 81       	ld	r20, Z
    12e2:	8a 81       	ldd	r24, Y+2	; 0x02
    12e4:	28 2f       	mov	r18, r24
    12e6:	30 e0       	ldi	r19, 0x00	; 0
    12e8:	81 e0       	ldi	r24, 0x01	; 1
    12ea:	90 e0       	ldi	r25, 0x00	; 0
    12ec:	02 2e       	mov	r0, r18
    12ee:	02 c0       	rjmp	.+4      	; 0x12f4 <MDIO_vSetPinDir+0x15a>
    12f0:	88 0f       	add	r24, r24
    12f2:	99 1f       	adc	r25, r25
    12f4:	0a 94       	dec	r0
    12f6:	e2 f7       	brpl	.-8      	; 0x12f0 <MDIO_vSetPinDir+0x156>
    12f8:	80 95       	com	r24
    12fa:	84 23       	and	r24, r20
    12fc:	8c 93       	st	X, r24
    12fe:	3b c0       	rjmp	.+118    	; 0x1376 <MDIO_vSetPinDir+0x1dc>
			break;
		case DIO_PORTB:
			CLEAR_BIT(DDRB,A_u8PinNo);
    1300:	a7 e3       	ldi	r26, 0x37	; 55
    1302:	b0 e0       	ldi	r27, 0x00	; 0
    1304:	e7 e3       	ldi	r30, 0x37	; 55
    1306:	f0 e0       	ldi	r31, 0x00	; 0
    1308:	40 81       	ld	r20, Z
    130a:	8a 81       	ldd	r24, Y+2	; 0x02
    130c:	28 2f       	mov	r18, r24
    130e:	30 e0       	ldi	r19, 0x00	; 0
    1310:	81 e0       	ldi	r24, 0x01	; 1
    1312:	90 e0       	ldi	r25, 0x00	; 0
    1314:	02 2e       	mov	r0, r18
    1316:	02 c0       	rjmp	.+4      	; 0x131c <MDIO_vSetPinDir+0x182>
    1318:	88 0f       	add	r24, r24
    131a:	99 1f       	adc	r25, r25
    131c:	0a 94       	dec	r0
    131e:	e2 f7       	brpl	.-8      	; 0x1318 <MDIO_vSetPinDir+0x17e>
    1320:	80 95       	com	r24
    1322:	84 23       	and	r24, r20
    1324:	8c 93       	st	X, r24
    1326:	27 c0       	rjmp	.+78     	; 0x1376 <MDIO_vSetPinDir+0x1dc>
			break;
		case DIO_PORTC:
			CLEAR_BIT(DDRC,A_u8PinNo);
    1328:	a4 e3       	ldi	r26, 0x34	; 52
    132a:	b0 e0       	ldi	r27, 0x00	; 0
    132c:	e4 e3       	ldi	r30, 0x34	; 52
    132e:	f0 e0       	ldi	r31, 0x00	; 0
    1330:	40 81       	ld	r20, Z
    1332:	8a 81       	ldd	r24, Y+2	; 0x02
    1334:	28 2f       	mov	r18, r24
    1336:	30 e0       	ldi	r19, 0x00	; 0
    1338:	81 e0       	ldi	r24, 0x01	; 1
    133a:	90 e0       	ldi	r25, 0x00	; 0
    133c:	02 2e       	mov	r0, r18
    133e:	02 c0       	rjmp	.+4      	; 0x1344 <MDIO_vSetPinDir+0x1aa>
    1340:	88 0f       	add	r24, r24
    1342:	99 1f       	adc	r25, r25
    1344:	0a 94       	dec	r0
    1346:	e2 f7       	brpl	.-8      	; 0x1340 <MDIO_vSetPinDir+0x1a6>
    1348:	80 95       	com	r24
    134a:	84 23       	and	r24, r20
    134c:	8c 93       	st	X, r24
    134e:	13 c0       	rjmp	.+38     	; 0x1376 <MDIO_vSetPinDir+0x1dc>
			break;
		case DIO_PORTD:
			CLEAR_BIT(DDRD,A_u8PinNo);
    1350:	a1 e3       	ldi	r26, 0x31	; 49
    1352:	b0 e0       	ldi	r27, 0x00	; 0
    1354:	e1 e3       	ldi	r30, 0x31	; 49
    1356:	f0 e0       	ldi	r31, 0x00	; 0
    1358:	40 81       	ld	r20, Z
    135a:	8a 81       	ldd	r24, Y+2	; 0x02
    135c:	28 2f       	mov	r18, r24
    135e:	30 e0       	ldi	r19, 0x00	; 0
    1360:	81 e0       	ldi	r24, 0x01	; 1
    1362:	90 e0       	ldi	r25, 0x00	; 0
    1364:	02 2e       	mov	r0, r18
    1366:	02 c0       	rjmp	.+4      	; 0x136c <MDIO_vSetPinDir+0x1d2>
    1368:	88 0f       	add	r24, r24
    136a:	99 1f       	adc	r25, r25
    136c:	0a 94       	dec	r0
    136e:	e2 f7       	brpl	.-8      	; 0x1368 <MDIO_vSetPinDir+0x1ce>
    1370:	80 95       	com	r24
    1372:	84 23       	and	r24, r20
    1374:	8c 93       	st	X, r24
			break;
		}
	}
}
    1376:	27 96       	adiw	r28, 0x07	; 7
    1378:	0f b6       	in	r0, 0x3f	; 63
    137a:	f8 94       	cli
    137c:	de bf       	out	0x3e, r29	; 62
    137e:	0f be       	out	0x3f, r0	; 63
    1380:	cd bf       	out	0x3d, r28	; 61
    1382:	cf 91       	pop	r28
    1384:	df 91       	pop	r29
    1386:	08 95       	ret

00001388 <MDIO_vSetPinVal>:

void MDIO_vSetPinVal(u8 A_u8PortNo, u8 A_u8PinNo, u8 A_u8PinVal)
{
    1388:	df 93       	push	r29
    138a:	cf 93       	push	r28
    138c:	cd b7       	in	r28, 0x3d	; 61
    138e:	de b7       	in	r29, 0x3e	; 62
    1390:	27 97       	sbiw	r28, 0x07	; 7
    1392:	0f b6       	in	r0, 0x3f	; 63
    1394:	f8 94       	cli
    1396:	de bf       	out	0x3e, r29	; 62
    1398:	0f be       	out	0x3f, r0	; 63
    139a:	cd bf       	out	0x3d, r28	; 61
    139c:	89 83       	std	Y+1, r24	; 0x01
    139e:	6a 83       	std	Y+2, r22	; 0x02
    13a0:	4b 83       	std	Y+3, r20	; 0x03
	if(A_u8PinVal == DIO_HIGH)
    13a2:	8b 81       	ldd	r24, Y+3	; 0x03
    13a4:	81 30       	cpi	r24, 0x01	; 1
    13a6:	09 f0       	breq	.+2      	; 0x13aa <MDIO_vSetPinVal+0x22>
    13a8:	6b c0       	rjmp	.+214    	; 0x1480 <MDIO_vSetPinVal+0xf8>
	{
		switch(A_u8PortNo)
    13aa:	89 81       	ldd	r24, Y+1	; 0x01
    13ac:	28 2f       	mov	r18, r24
    13ae:	30 e0       	ldi	r19, 0x00	; 0
    13b0:	3f 83       	std	Y+7, r19	; 0x07
    13b2:	2e 83       	std	Y+6, r18	; 0x06
    13b4:	8e 81       	ldd	r24, Y+6	; 0x06
    13b6:	9f 81       	ldd	r25, Y+7	; 0x07
    13b8:	81 30       	cpi	r24, 0x01	; 1
    13ba:	91 05       	cpc	r25, r1
    13bc:	41 f1       	breq	.+80     	; 0x140e <MDIO_vSetPinVal+0x86>
    13be:	2e 81       	ldd	r18, Y+6	; 0x06
    13c0:	3f 81       	ldd	r19, Y+7	; 0x07
    13c2:	22 30       	cpi	r18, 0x02	; 2
    13c4:	31 05       	cpc	r19, r1
    13c6:	2c f4       	brge	.+10     	; 0x13d2 <MDIO_vSetPinVal+0x4a>
    13c8:	8e 81       	ldd	r24, Y+6	; 0x06
    13ca:	9f 81       	ldd	r25, Y+7	; 0x07
    13cc:	00 97       	sbiw	r24, 0x00	; 0
    13ce:	61 f0       	breq	.+24     	; 0x13e8 <MDIO_vSetPinVal+0x60>
    13d0:	c9 c0       	rjmp	.+402    	; 0x1564 <MDIO_vSetPinVal+0x1dc>
    13d2:	2e 81       	ldd	r18, Y+6	; 0x06
    13d4:	3f 81       	ldd	r19, Y+7	; 0x07
    13d6:	22 30       	cpi	r18, 0x02	; 2
    13d8:	31 05       	cpc	r19, r1
    13da:	61 f1       	breq	.+88     	; 0x1434 <MDIO_vSetPinVal+0xac>
    13dc:	8e 81       	ldd	r24, Y+6	; 0x06
    13de:	9f 81       	ldd	r25, Y+7	; 0x07
    13e0:	83 30       	cpi	r24, 0x03	; 3
    13e2:	91 05       	cpc	r25, r1
    13e4:	d1 f1       	breq	.+116    	; 0x145a <MDIO_vSetPinVal+0xd2>
    13e6:	be c0       	rjmp	.+380    	; 0x1564 <MDIO_vSetPinVal+0x1dc>
		{
		case DIO_PORTA:
			SET_BIT(PORTA,A_u8PinNo);
    13e8:	ab e3       	ldi	r26, 0x3B	; 59
    13ea:	b0 e0       	ldi	r27, 0x00	; 0
    13ec:	eb e3       	ldi	r30, 0x3B	; 59
    13ee:	f0 e0       	ldi	r31, 0x00	; 0
    13f0:	40 81       	ld	r20, Z
    13f2:	8a 81       	ldd	r24, Y+2	; 0x02
    13f4:	28 2f       	mov	r18, r24
    13f6:	30 e0       	ldi	r19, 0x00	; 0
    13f8:	81 e0       	ldi	r24, 0x01	; 1
    13fa:	90 e0       	ldi	r25, 0x00	; 0
    13fc:	02 2e       	mov	r0, r18
    13fe:	02 c0       	rjmp	.+4      	; 0x1404 <MDIO_vSetPinVal+0x7c>
    1400:	88 0f       	add	r24, r24
    1402:	99 1f       	adc	r25, r25
    1404:	0a 94       	dec	r0
    1406:	e2 f7       	brpl	.-8      	; 0x1400 <MDIO_vSetPinVal+0x78>
    1408:	84 2b       	or	r24, r20
    140a:	8c 93       	st	X, r24
    140c:	ab c0       	rjmp	.+342    	; 0x1564 <MDIO_vSetPinVal+0x1dc>
			break;
		case DIO_PORTB:
			SET_BIT(PORTB,A_u8PinNo);
    140e:	a8 e3       	ldi	r26, 0x38	; 56
    1410:	b0 e0       	ldi	r27, 0x00	; 0
    1412:	e8 e3       	ldi	r30, 0x38	; 56
    1414:	f0 e0       	ldi	r31, 0x00	; 0
    1416:	40 81       	ld	r20, Z
    1418:	8a 81       	ldd	r24, Y+2	; 0x02
    141a:	28 2f       	mov	r18, r24
    141c:	30 e0       	ldi	r19, 0x00	; 0
    141e:	81 e0       	ldi	r24, 0x01	; 1
    1420:	90 e0       	ldi	r25, 0x00	; 0
    1422:	02 2e       	mov	r0, r18
    1424:	02 c0       	rjmp	.+4      	; 0x142a <MDIO_vSetPinVal+0xa2>
    1426:	88 0f       	add	r24, r24
    1428:	99 1f       	adc	r25, r25
    142a:	0a 94       	dec	r0
    142c:	e2 f7       	brpl	.-8      	; 0x1426 <MDIO_vSetPinVal+0x9e>
    142e:	84 2b       	or	r24, r20
    1430:	8c 93       	st	X, r24
    1432:	98 c0       	rjmp	.+304    	; 0x1564 <MDIO_vSetPinVal+0x1dc>
			break;
		case DIO_PORTC:
			SET_BIT(PORTC,A_u8PinNo);
    1434:	a5 e3       	ldi	r26, 0x35	; 53
    1436:	b0 e0       	ldi	r27, 0x00	; 0
    1438:	e5 e3       	ldi	r30, 0x35	; 53
    143a:	f0 e0       	ldi	r31, 0x00	; 0
    143c:	40 81       	ld	r20, Z
    143e:	8a 81       	ldd	r24, Y+2	; 0x02
    1440:	28 2f       	mov	r18, r24
    1442:	30 e0       	ldi	r19, 0x00	; 0
    1444:	81 e0       	ldi	r24, 0x01	; 1
    1446:	90 e0       	ldi	r25, 0x00	; 0
    1448:	02 2e       	mov	r0, r18
    144a:	02 c0       	rjmp	.+4      	; 0x1450 <MDIO_vSetPinVal+0xc8>
    144c:	88 0f       	add	r24, r24
    144e:	99 1f       	adc	r25, r25
    1450:	0a 94       	dec	r0
    1452:	e2 f7       	brpl	.-8      	; 0x144c <MDIO_vSetPinVal+0xc4>
    1454:	84 2b       	or	r24, r20
    1456:	8c 93       	st	X, r24
    1458:	85 c0       	rjmp	.+266    	; 0x1564 <MDIO_vSetPinVal+0x1dc>
			break;
		case DIO_PORTD:
			SET_BIT(PORTD,A_u8PinNo);
    145a:	a2 e3       	ldi	r26, 0x32	; 50
    145c:	b0 e0       	ldi	r27, 0x00	; 0
    145e:	e2 e3       	ldi	r30, 0x32	; 50
    1460:	f0 e0       	ldi	r31, 0x00	; 0
    1462:	40 81       	ld	r20, Z
    1464:	8a 81       	ldd	r24, Y+2	; 0x02
    1466:	28 2f       	mov	r18, r24
    1468:	30 e0       	ldi	r19, 0x00	; 0
    146a:	81 e0       	ldi	r24, 0x01	; 1
    146c:	90 e0       	ldi	r25, 0x00	; 0
    146e:	02 2e       	mov	r0, r18
    1470:	02 c0       	rjmp	.+4      	; 0x1476 <MDIO_vSetPinVal+0xee>
    1472:	88 0f       	add	r24, r24
    1474:	99 1f       	adc	r25, r25
    1476:	0a 94       	dec	r0
    1478:	e2 f7       	brpl	.-8      	; 0x1472 <MDIO_vSetPinVal+0xea>
    147a:	84 2b       	or	r24, r20
    147c:	8c 93       	st	X, r24
    147e:	72 c0       	rjmp	.+228    	; 0x1564 <MDIO_vSetPinVal+0x1dc>
			break;
		}
	}else if(A_u8PinVal == DIO_LOW)
    1480:	8b 81       	ldd	r24, Y+3	; 0x03
    1482:	88 23       	and	r24, r24
    1484:	09 f0       	breq	.+2      	; 0x1488 <MDIO_vSetPinVal+0x100>
    1486:	6e c0       	rjmp	.+220    	; 0x1564 <MDIO_vSetPinVal+0x1dc>
	{
		switch(A_u8PortNo)
    1488:	89 81       	ldd	r24, Y+1	; 0x01
    148a:	28 2f       	mov	r18, r24
    148c:	30 e0       	ldi	r19, 0x00	; 0
    148e:	3d 83       	std	Y+5, r19	; 0x05
    1490:	2c 83       	std	Y+4, r18	; 0x04
    1492:	8c 81       	ldd	r24, Y+4	; 0x04
    1494:	9d 81       	ldd	r25, Y+5	; 0x05
    1496:	81 30       	cpi	r24, 0x01	; 1
    1498:	91 05       	cpc	r25, r1
    149a:	49 f1       	breq	.+82     	; 0x14ee <MDIO_vSetPinVal+0x166>
    149c:	2c 81       	ldd	r18, Y+4	; 0x04
    149e:	3d 81       	ldd	r19, Y+5	; 0x05
    14a0:	22 30       	cpi	r18, 0x02	; 2
    14a2:	31 05       	cpc	r19, r1
    14a4:	2c f4       	brge	.+10     	; 0x14b0 <MDIO_vSetPinVal+0x128>
    14a6:	8c 81       	ldd	r24, Y+4	; 0x04
    14a8:	9d 81       	ldd	r25, Y+5	; 0x05
    14aa:	00 97       	sbiw	r24, 0x00	; 0
    14ac:	61 f0       	breq	.+24     	; 0x14c6 <MDIO_vSetPinVal+0x13e>
    14ae:	5a c0       	rjmp	.+180    	; 0x1564 <MDIO_vSetPinVal+0x1dc>
    14b0:	2c 81       	ldd	r18, Y+4	; 0x04
    14b2:	3d 81       	ldd	r19, Y+5	; 0x05
    14b4:	22 30       	cpi	r18, 0x02	; 2
    14b6:	31 05       	cpc	r19, r1
    14b8:	71 f1       	breq	.+92     	; 0x1516 <MDIO_vSetPinVal+0x18e>
    14ba:	8c 81       	ldd	r24, Y+4	; 0x04
    14bc:	9d 81       	ldd	r25, Y+5	; 0x05
    14be:	83 30       	cpi	r24, 0x03	; 3
    14c0:	91 05       	cpc	r25, r1
    14c2:	e9 f1       	breq	.+122    	; 0x153e <MDIO_vSetPinVal+0x1b6>
    14c4:	4f c0       	rjmp	.+158    	; 0x1564 <MDIO_vSetPinVal+0x1dc>
		{
		case DIO_PORTA:
			CLEAR_BIT(PORTA,A_u8PinNo);
    14c6:	ab e3       	ldi	r26, 0x3B	; 59
    14c8:	b0 e0       	ldi	r27, 0x00	; 0
    14ca:	eb e3       	ldi	r30, 0x3B	; 59
    14cc:	f0 e0       	ldi	r31, 0x00	; 0
    14ce:	40 81       	ld	r20, Z
    14d0:	8a 81       	ldd	r24, Y+2	; 0x02
    14d2:	28 2f       	mov	r18, r24
    14d4:	30 e0       	ldi	r19, 0x00	; 0
    14d6:	81 e0       	ldi	r24, 0x01	; 1
    14d8:	90 e0       	ldi	r25, 0x00	; 0
    14da:	02 2e       	mov	r0, r18
    14dc:	02 c0       	rjmp	.+4      	; 0x14e2 <MDIO_vSetPinVal+0x15a>
    14de:	88 0f       	add	r24, r24
    14e0:	99 1f       	adc	r25, r25
    14e2:	0a 94       	dec	r0
    14e4:	e2 f7       	brpl	.-8      	; 0x14de <MDIO_vSetPinVal+0x156>
    14e6:	80 95       	com	r24
    14e8:	84 23       	and	r24, r20
    14ea:	8c 93       	st	X, r24
    14ec:	3b c0       	rjmp	.+118    	; 0x1564 <MDIO_vSetPinVal+0x1dc>
			break;
		case DIO_PORTB:
			CLEAR_BIT(PORTB,A_u8PinNo);
    14ee:	a8 e3       	ldi	r26, 0x38	; 56
    14f0:	b0 e0       	ldi	r27, 0x00	; 0
    14f2:	e8 e3       	ldi	r30, 0x38	; 56
    14f4:	f0 e0       	ldi	r31, 0x00	; 0
    14f6:	40 81       	ld	r20, Z
    14f8:	8a 81       	ldd	r24, Y+2	; 0x02
    14fa:	28 2f       	mov	r18, r24
    14fc:	30 e0       	ldi	r19, 0x00	; 0
    14fe:	81 e0       	ldi	r24, 0x01	; 1
    1500:	90 e0       	ldi	r25, 0x00	; 0
    1502:	02 2e       	mov	r0, r18
    1504:	02 c0       	rjmp	.+4      	; 0x150a <MDIO_vSetPinVal+0x182>
    1506:	88 0f       	add	r24, r24
    1508:	99 1f       	adc	r25, r25
    150a:	0a 94       	dec	r0
    150c:	e2 f7       	brpl	.-8      	; 0x1506 <MDIO_vSetPinVal+0x17e>
    150e:	80 95       	com	r24
    1510:	84 23       	and	r24, r20
    1512:	8c 93       	st	X, r24
    1514:	27 c0       	rjmp	.+78     	; 0x1564 <MDIO_vSetPinVal+0x1dc>
			break;
		case DIO_PORTC:
			CLEAR_BIT(PORTC,A_u8PinNo);
    1516:	a5 e3       	ldi	r26, 0x35	; 53
    1518:	b0 e0       	ldi	r27, 0x00	; 0
    151a:	e5 e3       	ldi	r30, 0x35	; 53
    151c:	f0 e0       	ldi	r31, 0x00	; 0
    151e:	40 81       	ld	r20, Z
    1520:	8a 81       	ldd	r24, Y+2	; 0x02
    1522:	28 2f       	mov	r18, r24
    1524:	30 e0       	ldi	r19, 0x00	; 0
    1526:	81 e0       	ldi	r24, 0x01	; 1
    1528:	90 e0       	ldi	r25, 0x00	; 0
    152a:	02 2e       	mov	r0, r18
    152c:	02 c0       	rjmp	.+4      	; 0x1532 <MDIO_vSetPinVal+0x1aa>
    152e:	88 0f       	add	r24, r24
    1530:	99 1f       	adc	r25, r25
    1532:	0a 94       	dec	r0
    1534:	e2 f7       	brpl	.-8      	; 0x152e <MDIO_vSetPinVal+0x1a6>
    1536:	80 95       	com	r24
    1538:	84 23       	and	r24, r20
    153a:	8c 93       	st	X, r24
    153c:	13 c0       	rjmp	.+38     	; 0x1564 <MDIO_vSetPinVal+0x1dc>
			break;
		case DIO_PORTD:
			CLEAR_BIT(PORTD,A_u8PinNo);
    153e:	a2 e3       	ldi	r26, 0x32	; 50
    1540:	b0 e0       	ldi	r27, 0x00	; 0
    1542:	e2 e3       	ldi	r30, 0x32	; 50
    1544:	f0 e0       	ldi	r31, 0x00	; 0
    1546:	40 81       	ld	r20, Z
    1548:	8a 81       	ldd	r24, Y+2	; 0x02
    154a:	28 2f       	mov	r18, r24
    154c:	30 e0       	ldi	r19, 0x00	; 0
    154e:	81 e0       	ldi	r24, 0x01	; 1
    1550:	90 e0       	ldi	r25, 0x00	; 0
    1552:	02 2e       	mov	r0, r18
    1554:	02 c0       	rjmp	.+4      	; 0x155a <MDIO_vSetPinVal+0x1d2>
    1556:	88 0f       	add	r24, r24
    1558:	99 1f       	adc	r25, r25
    155a:	0a 94       	dec	r0
    155c:	e2 f7       	brpl	.-8      	; 0x1556 <MDIO_vSetPinVal+0x1ce>
    155e:	80 95       	com	r24
    1560:	84 23       	and	r24, r20
    1562:	8c 93       	st	X, r24
			break;
		}
	}
}
    1564:	27 96       	adiw	r28, 0x07	; 7
    1566:	0f b6       	in	r0, 0x3f	; 63
    1568:	f8 94       	cli
    156a:	de bf       	out	0x3e, r29	; 62
    156c:	0f be       	out	0x3f, r0	; 63
    156e:	cd bf       	out	0x3d, r28	; 61
    1570:	cf 91       	pop	r28
    1572:	df 91       	pop	r29
    1574:	08 95       	ret

00001576 <MDIO_u8GETPinVal>:
u8 MDIO_u8GETPinVal(u8 A_u8PortNo, u8 A_u8PinNo)
{
    1576:	df 93       	push	r29
    1578:	cf 93       	push	r28
    157a:	00 d0       	rcall	.+0      	; 0x157c <MDIO_u8GETPinVal+0x6>
    157c:	00 d0       	rcall	.+0      	; 0x157e <MDIO_u8GETPinVal+0x8>
    157e:	0f 92       	push	r0
    1580:	cd b7       	in	r28, 0x3d	; 61
    1582:	de b7       	in	r29, 0x3e	; 62
    1584:	8a 83       	std	Y+2, r24	; 0x02
    1586:	6b 83       	std	Y+3, r22	; 0x03
	u8 L_u8PinVal = 0 ;
    1588:	19 82       	std	Y+1, r1	; 0x01
	switch(A_u8PortNo)
    158a:	8a 81       	ldd	r24, Y+2	; 0x02
    158c:	28 2f       	mov	r18, r24
    158e:	30 e0       	ldi	r19, 0x00	; 0
    1590:	3d 83       	std	Y+5, r19	; 0x05
    1592:	2c 83       	std	Y+4, r18	; 0x04
    1594:	4c 81       	ldd	r20, Y+4	; 0x04
    1596:	5d 81       	ldd	r21, Y+5	; 0x05
    1598:	41 30       	cpi	r20, 0x01	; 1
    159a:	51 05       	cpc	r21, r1
    159c:	41 f1       	breq	.+80     	; 0x15ee <MDIO_u8GETPinVal+0x78>
    159e:	8c 81       	ldd	r24, Y+4	; 0x04
    15a0:	9d 81       	ldd	r25, Y+5	; 0x05
    15a2:	82 30       	cpi	r24, 0x02	; 2
    15a4:	91 05       	cpc	r25, r1
    15a6:	34 f4       	brge	.+12     	; 0x15b4 <MDIO_u8GETPinVal+0x3e>
    15a8:	2c 81       	ldd	r18, Y+4	; 0x04
    15aa:	3d 81       	ldd	r19, Y+5	; 0x05
    15ac:	21 15       	cp	r18, r1
    15ae:	31 05       	cpc	r19, r1
    15b0:	61 f0       	breq	.+24     	; 0x15ca <MDIO_u8GETPinVal+0x54>
    15b2:	52 c0       	rjmp	.+164    	; 0x1658 <MDIO_u8GETPinVal+0xe2>
    15b4:	4c 81       	ldd	r20, Y+4	; 0x04
    15b6:	5d 81       	ldd	r21, Y+5	; 0x05
    15b8:	42 30       	cpi	r20, 0x02	; 2
    15ba:	51 05       	cpc	r21, r1
    15bc:	51 f1       	breq	.+84     	; 0x1612 <MDIO_u8GETPinVal+0x9c>
    15be:	8c 81       	ldd	r24, Y+4	; 0x04
    15c0:	9d 81       	ldd	r25, Y+5	; 0x05
    15c2:	83 30       	cpi	r24, 0x03	; 3
    15c4:	91 05       	cpc	r25, r1
    15c6:	b9 f1       	breq	.+110    	; 0x1636 <MDIO_u8GETPinVal+0xc0>
    15c8:	47 c0       	rjmp	.+142    	; 0x1658 <MDIO_u8GETPinVal+0xe2>
	{
	case DIO_PORTA:
		GET_BIT(PINA,A_u8PinNo,L_u8PinVal);
    15ca:	e9 e3       	ldi	r30, 0x39	; 57
    15cc:	f0 e0       	ldi	r31, 0x00	; 0
    15ce:	80 81       	ld	r24, Z
    15d0:	28 2f       	mov	r18, r24
    15d2:	30 e0       	ldi	r19, 0x00	; 0
    15d4:	8b 81       	ldd	r24, Y+3	; 0x03
    15d6:	88 2f       	mov	r24, r24
    15d8:	90 e0       	ldi	r25, 0x00	; 0
    15da:	a9 01       	movw	r20, r18
    15dc:	02 c0       	rjmp	.+4      	; 0x15e2 <MDIO_u8GETPinVal+0x6c>
    15de:	55 95       	asr	r21
    15e0:	47 95       	ror	r20
    15e2:	8a 95       	dec	r24
    15e4:	e2 f7       	brpl	.-8      	; 0x15de <MDIO_u8GETPinVal+0x68>
    15e6:	ca 01       	movw	r24, r20
    15e8:	81 70       	andi	r24, 0x01	; 1
    15ea:	89 83       	std	Y+1, r24	; 0x01
    15ec:	35 c0       	rjmp	.+106    	; 0x1658 <MDIO_u8GETPinVal+0xe2>
		break;
	case DIO_PORTB:
		GET_BIT(PINB,A_u8PinNo,L_u8PinVal);
    15ee:	e6 e3       	ldi	r30, 0x36	; 54
    15f0:	f0 e0       	ldi	r31, 0x00	; 0
    15f2:	80 81       	ld	r24, Z
    15f4:	28 2f       	mov	r18, r24
    15f6:	30 e0       	ldi	r19, 0x00	; 0
    15f8:	8b 81       	ldd	r24, Y+3	; 0x03
    15fa:	88 2f       	mov	r24, r24
    15fc:	90 e0       	ldi	r25, 0x00	; 0
    15fe:	a9 01       	movw	r20, r18
    1600:	02 c0       	rjmp	.+4      	; 0x1606 <MDIO_u8GETPinVal+0x90>
    1602:	55 95       	asr	r21
    1604:	47 95       	ror	r20
    1606:	8a 95       	dec	r24
    1608:	e2 f7       	brpl	.-8      	; 0x1602 <MDIO_u8GETPinVal+0x8c>
    160a:	ca 01       	movw	r24, r20
    160c:	81 70       	andi	r24, 0x01	; 1
    160e:	89 83       	std	Y+1, r24	; 0x01
    1610:	23 c0       	rjmp	.+70     	; 0x1658 <MDIO_u8GETPinVal+0xe2>
		break;
	case DIO_PORTC:
		GET_BIT(PINC,A_u8PinNo,L_u8PinVal);
    1612:	e3 e3       	ldi	r30, 0x33	; 51
    1614:	f0 e0       	ldi	r31, 0x00	; 0
    1616:	80 81       	ld	r24, Z
    1618:	28 2f       	mov	r18, r24
    161a:	30 e0       	ldi	r19, 0x00	; 0
    161c:	8b 81       	ldd	r24, Y+3	; 0x03
    161e:	88 2f       	mov	r24, r24
    1620:	90 e0       	ldi	r25, 0x00	; 0
    1622:	a9 01       	movw	r20, r18
    1624:	02 c0       	rjmp	.+4      	; 0x162a <MDIO_u8GETPinVal+0xb4>
    1626:	55 95       	asr	r21
    1628:	47 95       	ror	r20
    162a:	8a 95       	dec	r24
    162c:	e2 f7       	brpl	.-8      	; 0x1626 <MDIO_u8GETPinVal+0xb0>
    162e:	ca 01       	movw	r24, r20
    1630:	81 70       	andi	r24, 0x01	; 1
    1632:	89 83       	std	Y+1, r24	; 0x01
    1634:	11 c0       	rjmp	.+34     	; 0x1658 <MDIO_u8GETPinVal+0xe2>
		break;
	case DIO_PORTD:
		GET_BIT(PIND,A_u8PinNo,L_u8PinVal);
    1636:	e0 e3       	ldi	r30, 0x30	; 48
    1638:	f0 e0       	ldi	r31, 0x00	; 0
    163a:	80 81       	ld	r24, Z
    163c:	28 2f       	mov	r18, r24
    163e:	30 e0       	ldi	r19, 0x00	; 0
    1640:	8b 81       	ldd	r24, Y+3	; 0x03
    1642:	88 2f       	mov	r24, r24
    1644:	90 e0       	ldi	r25, 0x00	; 0
    1646:	a9 01       	movw	r20, r18
    1648:	02 c0       	rjmp	.+4      	; 0x164e <MDIO_u8GETPinVal+0xd8>
    164a:	55 95       	asr	r21
    164c:	47 95       	ror	r20
    164e:	8a 95       	dec	r24
    1650:	e2 f7       	brpl	.-8      	; 0x164a <MDIO_u8GETPinVal+0xd4>
    1652:	ca 01       	movw	r24, r20
    1654:	81 70       	andi	r24, 0x01	; 1
    1656:	89 83       	std	Y+1, r24	; 0x01
		break;
	}
	return L_u8PinVal;
    1658:	89 81       	ldd	r24, Y+1	; 0x01
}
    165a:	0f 90       	pop	r0
    165c:	0f 90       	pop	r0
    165e:	0f 90       	pop	r0
    1660:	0f 90       	pop	r0
    1662:	0f 90       	pop	r0
    1664:	cf 91       	pop	r28
    1666:	df 91       	pop	r29
    1668:	08 95       	ret

0000166a <MDIO_vSetPortDir>:

void MDIO_vSetPortDir(u8 A_u8PortNo, u8 A_u8PortDir)
{
    166a:	df 93       	push	r29
    166c:	cf 93       	push	r28
    166e:	00 d0       	rcall	.+0      	; 0x1670 <MDIO_vSetPortDir+0x6>
    1670:	00 d0       	rcall	.+0      	; 0x1672 <MDIO_vSetPortDir+0x8>
    1672:	cd b7       	in	r28, 0x3d	; 61
    1674:	de b7       	in	r29, 0x3e	; 62
    1676:	89 83       	std	Y+1, r24	; 0x01
    1678:	6a 83       	std	Y+2, r22	; 0x02

	switch(A_u8PortNo)
    167a:	89 81       	ldd	r24, Y+1	; 0x01
    167c:	28 2f       	mov	r18, r24
    167e:	30 e0       	ldi	r19, 0x00	; 0
    1680:	3c 83       	std	Y+4, r19	; 0x04
    1682:	2b 83       	std	Y+3, r18	; 0x03
    1684:	8b 81       	ldd	r24, Y+3	; 0x03
    1686:	9c 81       	ldd	r25, Y+4	; 0x04
    1688:	81 30       	cpi	r24, 0x01	; 1
    168a:	91 05       	cpc	r25, r1
    168c:	d1 f0       	breq	.+52     	; 0x16c2 <MDIO_vSetPortDir+0x58>
    168e:	2b 81       	ldd	r18, Y+3	; 0x03
    1690:	3c 81       	ldd	r19, Y+4	; 0x04
    1692:	22 30       	cpi	r18, 0x02	; 2
    1694:	31 05       	cpc	r19, r1
    1696:	2c f4       	brge	.+10     	; 0x16a2 <MDIO_vSetPortDir+0x38>
    1698:	8b 81       	ldd	r24, Y+3	; 0x03
    169a:	9c 81       	ldd	r25, Y+4	; 0x04
    169c:	00 97       	sbiw	r24, 0x00	; 0
    169e:	61 f0       	breq	.+24     	; 0x16b8 <MDIO_vSetPortDir+0x4e>
    16a0:	1e c0       	rjmp	.+60     	; 0x16de <MDIO_vSetPortDir+0x74>
    16a2:	2b 81       	ldd	r18, Y+3	; 0x03
    16a4:	3c 81       	ldd	r19, Y+4	; 0x04
    16a6:	22 30       	cpi	r18, 0x02	; 2
    16a8:	31 05       	cpc	r19, r1
    16aa:	81 f0       	breq	.+32     	; 0x16cc <MDIO_vSetPortDir+0x62>
    16ac:	8b 81       	ldd	r24, Y+3	; 0x03
    16ae:	9c 81       	ldd	r25, Y+4	; 0x04
    16b0:	83 30       	cpi	r24, 0x03	; 3
    16b2:	91 05       	cpc	r25, r1
    16b4:	81 f0       	breq	.+32     	; 0x16d6 <MDIO_vSetPortDir+0x6c>
    16b6:	13 c0       	rjmp	.+38     	; 0x16de <MDIO_vSetPortDir+0x74>
	{
	case DIO_PORTA:
		DDRA = A_u8PortDir;
    16b8:	ea e3       	ldi	r30, 0x3A	; 58
    16ba:	f0 e0       	ldi	r31, 0x00	; 0
    16bc:	8a 81       	ldd	r24, Y+2	; 0x02
    16be:	80 83       	st	Z, r24
    16c0:	0e c0       	rjmp	.+28     	; 0x16de <MDIO_vSetPortDir+0x74>
		break;
	case DIO_PORTB:
		DDRB = A_u8PortDir;
    16c2:	e7 e3       	ldi	r30, 0x37	; 55
    16c4:	f0 e0       	ldi	r31, 0x00	; 0
    16c6:	8a 81       	ldd	r24, Y+2	; 0x02
    16c8:	80 83       	st	Z, r24
    16ca:	09 c0       	rjmp	.+18     	; 0x16de <MDIO_vSetPortDir+0x74>
		break;
	case DIO_PORTC:
		DDRC = A_u8PortDir;
    16cc:	e4 e3       	ldi	r30, 0x34	; 52
    16ce:	f0 e0       	ldi	r31, 0x00	; 0
    16d0:	8a 81       	ldd	r24, Y+2	; 0x02
    16d2:	80 83       	st	Z, r24
    16d4:	04 c0       	rjmp	.+8      	; 0x16de <MDIO_vSetPortDir+0x74>
		break;
	case DIO_PORTD:
		DDRD = A_u8PortDir;
    16d6:	e1 e3       	ldi	r30, 0x31	; 49
    16d8:	f0 e0       	ldi	r31, 0x00	; 0
    16da:	8a 81       	ldd	r24, Y+2	; 0x02
    16dc:	80 83       	st	Z, r24
		break;

	}
}
    16de:	0f 90       	pop	r0
    16e0:	0f 90       	pop	r0
    16e2:	0f 90       	pop	r0
    16e4:	0f 90       	pop	r0
    16e6:	cf 91       	pop	r28
    16e8:	df 91       	pop	r29
    16ea:	08 95       	ret

000016ec <MDIO_vSetPortVal>:

void MDIO_vSetPortVal(u8 A_u8PortNo, u8 A_u8PortVal)
{
    16ec:	df 93       	push	r29
    16ee:	cf 93       	push	r28
    16f0:	00 d0       	rcall	.+0      	; 0x16f2 <MDIO_vSetPortVal+0x6>
    16f2:	00 d0       	rcall	.+0      	; 0x16f4 <MDIO_vSetPortVal+0x8>
    16f4:	cd b7       	in	r28, 0x3d	; 61
    16f6:	de b7       	in	r29, 0x3e	; 62
    16f8:	89 83       	std	Y+1, r24	; 0x01
    16fa:	6a 83       	std	Y+2, r22	; 0x02
	switch(A_u8PortNo)
    16fc:	89 81       	ldd	r24, Y+1	; 0x01
    16fe:	28 2f       	mov	r18, r24
    1700:	30 e0       	ldi	r19, 0x00	; 0
    1702:	3c 83       	std	Y+4, r19	; 0x04
    1704:	2b 83       	std	Y+3, r18	; 0x03
    1706:	8b 81       	ldd	r24, Y+3	; 0x03
    1708:	9c 81       	ldd	r25, Y+4	; 0x04
    170a:	81 30       	cpi	r24, 0x01	; 1
    170c:	91 05       	cpc	r25, r1
    170e:	d1 f0       	breq	.+52     	; 0x1744 <MDIO_vSetPortVal+0x58>
    1710:	2b 81       	ldd	r18, Y+3	; 0x03
    1712:	3c 81       	ldd	r19, Y+4	; 0x04
    1714:	22 30       	cpi	r18, 0x02	; 2
    1716:	31 05       	cpc	r19, r1
    1718:	2c f4       	brge	.+10     	; 0x1724 <MDIO_vSetPortVal+0x38>
    171a:	8b 81       	ldd	r24, Y+3	; 0x03
    171c:	9c 81       	ldd	r25, Y+4	; 0x04
    171e:	00 97       	sbiw	r24, 0x00	; 0
    1720:	61 f0       	breq	.+24     	; 0x173a <MDIO_vSetPortVal+0x4e>
    1722:	1e c0       	rjmp	.+60     	; 0x1760 <MDIO_vSetPortVal+0x74>
    1724:	2b 81       	ldd	r18, Y+3	; 0x03
    1726:	3c 81       	ldd	r19, Y+4	; 0x04
    1728:	22 30       	cpi	r18, 0x02	; 2
    172a:	31 05       	cpc	r19, r1
    172c:	81 f0       	breq	.+32     	; 0x174e <MDIO_vSetPortVal+0x62>
    172e:	8b 81       	ldd	r24, Y+3	; 0x03
    1730:	9c 81       	ldd	r25, Y+4	; 0x04
    1732:	83 30       	cpi	r24, 0x03	; 3
    1734:	91 05       	cpc	r25, r1
    1736:	81 f0       	breq	.+32     	; 0x1758 <MDIO_vSetPortVal+0x6c>
    1738:	13 c0       	rjmp	.+38     	; 0x1760 <MDIO_vSetPortVal+0x74>
		{
		case DIO_PORTA:
			PORTA = A_u8PortVal;
    173a:	eb e3       	ldi	r30, 0x3B	; 59
    173c:	f0 e0       	ldi	r31, 0x00	; 0
    173e:	8a 81       	ldd	r24, Y+2	; 0x02
    1740:	80 83       	st	Z, r24
    1742:	0e c0       	rjmp	.+28     	; 0x1760 <MDIO_vSetPortVal+0x74>
			break;
		case DIO_PORTB:
			PORTB = A_u8PortVal;
    1744:	e8 e3       	ldi	r30, 0x38	; 56
    1746:	f0 e0       	ldi	r31, 0x00	; 0
    1748:	8a 81       	ldd	r24, Y+2	; 0x02
    174a:	80 83       	st	Z, r24
    174c:	09 c0       	rjmp	.+18     	; 0x1760 <MDIO_vSetPortVal+0x74>
			break;
		case DIO_PORTC:
			PORTC = A_u8PortVal;
    174e:	e5 e3       	ldi	r30, 0x35	; 53
    1750:	f0 e0       	ldi	r31, 0x00	; 0
    1752:	8a 81       	ldd	r24, Y+2	; 0x02
    1754:	80 83       	st	Z, r24
    1756:	04 c0       	rjmp	.+8      	; 0x1760 <MDIO_vSetPortVal+0x74>
			break;
		case DIO_PORTD:
			PORTD = A_u8PortVal;
    1758:	e2 e3       	ldi	r30, 0x32	; 50
    175a:	f0 e0       	ldi	r31, 0x00	; 0
    175c:	8a 81       	ldd	r24, Y+2	; 0x02
    175e:	80 83       	st	Z, r24
			break;

		}
}
    1760:	0f 90       	pop	r0
    1762:	0f 90       	pop	r0
    1764:	0f 90       	pop	r0
    1766:	0f 90       	pop	r0
    1768:	cf 91       	pop	r28
    176a:	df 91       	pop	r29
    176c:	08 95       	ret

0000176e <MDIO_u8GETPortVal>:

u8 MDIO_u8GETPortVal(u8 A_u8PortNo)
{
    176e:	df 93       	push	r29
    1770:	cf 93       	push	r28
    1772:	00 d0       	rcall	.+0      	; 0x1774 <MDIO_u8GETPortVal+0x6>
    1774:	00 d0       	rcall	.+0      	; 0x1776 <MDIO_u8GETPortVal+0x8>
    1776:	cd b7       	in	r28, 0x3d	; 61
    1778:	de b7       	in	r29, 0x3e	; 62
    177a:	8a 83       	std	Y+2, r24	; 0x02
	u8 L_u8Val = 0;
    177c:	19 82       	std	Y+1, r1	; 0x01
		switch(A_u8PortNo)
    177e:	8a 81       	ldd	r24, Y+2	; 0x02
    1780:	28 2f       	mov	r18, r24
    1782:	30 e0       	ldi	r19, 0x00	; 0
    1784:	3c 83       	std	Y+4, r19	; 0x04
    1786:	2b 83       	std	Y+3, r18	; 0x03
    1788:	8b 81       	ldd	r24, Y+3	; 0x03
    178a:	9c 81       	ldd	r25, Y+4	; 0x04
    178c:	81 30       	cpi	r24, 0x01	; 1
    178e:	91 05       	cpc	r25, r1
    1790:	d1 f0       	breq	.+52     	; 0x17c6 <MDIO_u8GETPortVal+0x58>
    1792:	2b 81       	ldd	r18, Y+3	; 0x03
    1794:	3c 81       	ldd	r19, Y+4	; 0x04
    1796:	22 30       	cpi	r18, 0x02	; 2
    1798:	31 05       	cpc	r19, r1
    179a:	2c f4       	brge	.+10     	; 0x17a6 <MDIO_u8GETPortVal+0x38>
    179c:	8b 81       	ldd	r24, Y+3	; 0x03
    179e:	9c 81       	ldd	r25, Y+4	; 0x04
    17a0:	00 97       	sbiw	r24, 0x00	; 0
    17a2:	61 f0       	breq	.+24     	; 0x17bc <MDIO_u8GETPortVal+0x4e>
    17a4:	1e c0       	rjmp	.+60     	; 0x17e2 <MDIO_u8GETPortVal+0x74>
    17a6:	2b 81       	ldd	r18, Y+3	; 0x03
    17a8:	3c 81       	ldd	r19, Y+4	; 0x04
    17aa:	22 30       	cpi	r18, 0x02	; 2
    17ac:	31 05       	cpc	r19, r1
    17ae:	81 f0       	breq	.+32     	; 0x17d0 <MDIO_u8GETPortVal+0x62>
    17b0:	8b 81       	ldd	r24, Y+3	; 0x03
    17b2:	9c 81       	ldd	r25, Y+4	; 0x04
    17b4:	83 30       	cpi	r24, 0x03	; 3
    17b6:	91 05       	cpc	r25, r1
    17b8:	81 f0       	breq	.+32     	; 0x17da <MDIO_u8GETPortVal+0x6c>
    17ba:	13 c0       	rjmp	.+38     	; 0x17e2 <MDIO_u8GETPortVal+0x74>
		{
		case DIO_PORTA:
			L_u8Val = PINA;
    17bc:	e9 e3       	ldi	r30, 0x39	; 57
    17be:	f0 e0       	ldi	r31, 0x00	; 0
    17c0:	80 81       	ld	r24, Z
    17c2:	89 83       	std	Y+1, r24	; 0x01
    17c4:	0e c0       	rjmp	.+28     	; 0x17e2 <MDIO_u8GETPortVal+0x74>
			break;
		case DIO_PORTB:
			L_u8Val = PINB;
    17c6:	e6 e3       	ldi	r30, 0x36	; 54
    17c8:	f0 e0       	ldi	r31, 0x00	; 0
    17ca:	80 81       	ld	r24, Z
    17cc:	89 83       	std	Y+1, r24	; 0x01
    17ce:	09 c0       	rjmp	.+18     	; 0x17e2 <MDIO_u8GETPortVal+0x74>
			break;
		case DIO_PORTC:
			L_u8Val = PINC;
    17d0:	e3 e3       	ldi	r30, 0x33	; 51
    17d2:	f0 e0       	ldi	r31, 0x00	; 0
    17d4:	80 81       	ld	r24, Z
    17d6:	89 83       	std	Y+1, r24	; 0x01
    17d8:	04 c0       	rjmp	.+8      	; 0x17e2 <MDIO_u8GETPortVal+0x74>
			break;
		case DIO_PORTD:
			L_u8Val = PIND;
    17da:	e0 e3       	ldi	r30, 0x30	; 48
    17dc:	f0 e0       	ldi	r31, 0x00	; 0
    17de:	80 81       	ld	r24, Z
    17e0:	89 83       	std	Y+1, r24	; 0x01
			break;
		}
		return L_u8Val;
    17e2:	89 81       	ldd	r24, Y+1	; 0x01

}
    17e4:	0f 90       	pop	r0
    17e6:	0f 90       	pop	r0
    17e8:	0f 90       	pop	r0
    17ea:	0f 90       	pop	r0
    17ec:	cf 91       	pop	r28
    17ee:	df 91       	pop	r29
    17f0:	08 95       	ret

000017f2 <MDIO_vTogPinVal>:

void MDIO_vTogPinVal(u8 A_u8PortNo, u8 A_u8PinNo)
{
    17f2:	df 93       	push	r29
    17f4:	cf 93       	push	r28
    17f6:	00 d0       	rcall	.+0      	; 0x17f8 <MDIO_vTogPinVal+0x6>
    17f8:	00 d0       	rcall	.+0      	; 0x17fa <MDIO_vTogPinVal+0x8>
    17fa:	cd b7       	in	r28, 0x3d	; 61
    17fc:	de b7       	in	r29, 0x3e	; 62
    17fe:	89 83       	std	Y+1, r24	; 0x01
    1800:	6a 83       	std	Y+2, r22	; 0x02
	switch(A_u8PortNo)
    1802:	89 81       	ldd	r24, Y+1	; 0x01
    1804:	28 2f       	mov	r18, r24
    1806:	30 e0       	ldi	r19, 0x00	; 0
    1808:	3c 83       	std	Y+4, r19	; 0x04
    180a:	2b 83       	std	Y+3, r18	; 0x03
    180c:	8b 81       	ldd	r24, Y+3	; 0x03
    180e:	9c 81       	ldd	r25, Y+4	; 0x04
    1810:	81 30       	cpi	r24, 0x01	; 1
    1812:	91 05       	cpc	r25, r1
    1814:	41 f1       	breq	.+80     	; 0x1866 <MDIO_vTogPinVal+0x74>
    1816:	2b 81       	ldd	r18, Y+3	; 0x03
    1818:	3c 81       	ldd	r19, Y+4	; 0x04
    181a:	22 30       	cpi	r18, 0x02	; 2
    181c:	31 05       	cpc	r19, r1
    181e:	2c f4       	brge	.+10     	; 0x182a <MDIO_vTogPinVal+0x38>
    1820:	8b 81       	ldd	r24, Y+3	; 0x03
    1822:	9c 81       	ldd	r25, Y+4	; 0x04
    1824:	00 97       	sbiw	r24, 0x00	; 0
    1826:	61 f0       	breq	.+24     	; 0x1840 <MDIO_vTogPinVal+0x4e>
    1828:	56 c0       	rjmp	.+172    	; 0x18d6 <MDIO_vTogPinVal+0xe4>
    182a:	2b 81       	ldd	r18, Y+3	; 0x03
    182c:	3c 81       	ldd	r19, Y+4	; 0x04
    182e:	22 30       	cpi	r18, 0x02	; 2
    1830:	31 05       	cpc	r19, r1
    1832:	61 f1       	breq	.+88     	; 0x188c <MDIO_vTogPinVal+0x9a>
    1834:	8b 81       	ldd	r24, Y+3	; 0x03
    1836:	9c 81       	ldd	r25, Y+4	; 0x04
    1838:	83 30       	cpi	r24, 0x03	; 3
    183a:	91 05       	cpc	r25, r1
    183c:	d1 f1       	breq	.+116    	; 0x18b2 <MDIO_vTogPinVal+0xc0>
    183e:	4b c0       	rjmp	.+150    	; 0x18d6 <MDIO_vTogPinVal+0xe4>
		{
		case DIO_PORTA:
			TOGGLE_BIT(PORTA,A_u8PinNo);
    1840:	ab e3       	ldi	r26, 0x3B	; 59
    1842:	b0 e0       	ldi	r27, 0x00	; 0
    1844:	eb e3       	ldi	r30, 0x3B	; 59
    1846:	f0 e0       	ldi	r31, 0x00	; 0
    1848:	40 81       	ld	r20, Z
    184a:	8a 81       	ldd	r24, Y+2	; 0x02
    184c:	28 2f       	mov	r18, r24
    184e:	30 e0       	ldi	r19, 0x00	; 0
    1850:	81 e0       	ldi	r24, 0x01	; 1
    1852:	90 e0       	ldi	r25, 0x00	; 0
    1854:	02 2e       	mov	r0, r18
    1856:	02 c0       	rjmp	.+4      	; 0x185c <MDIO_vTogPinVal+0x6a>
    1858:	88 0f       	add	r24, r24
    185a:	99 1f       	adc	r25, r25
    185c:	0a 94       	dec	r0
    185e:	e2 f7       	brpl	.-8      	; 0x1858 <MDIO_vTogPinVal+0x66>
    1860:	84 27       	eor	r24, r20
    1862:	8c 93       	st	X, r24
    1864:	38 c0       	rjmp	.+112    	; 0x18d6 <MDIO_vTogPinVal+0xe4>
			break;
		case DIO_PORTB:
			TOGGLE_BIT(PORTB,A_u8PinNo);
    1866:	a8 e3       	ldi	r26, 0x38	; 56
    1868:	b0 e0       	ldi	r27, 0x00	; 0
    186a:	e8 e3       	ldi	r30, 0x38	; 56
    186c:	f0 e0       	ldi	r31, 0x00	; 0
    186e:	40 81       	ld	r20, Z
    1870:	8a 81       	ldd	r24, Y+2	; 0x02
    1872:	28 2f       	mov	r18, r24
    1874:	30 e0       	ldi	r19, 0x00	; 0
    1876:	81 e0       	ldi	r24, 0x01	; 1
    1878:	90 e0       	ldi	r25, 0x00	; 0
    187a:	02 2e       	mov	r0, r18
    187c:	02 c0       	rjmp	.+4      	; 0x1882 <MDIO_vTogPinVal+0x90>
    187e:	88 0f       	add	r24, r24
    1880:	99 1f       	adc	r25, r25
    1882:	0a 94       	dec	r0
    1884:	e2 f7       	brpl	.-8      	; 0x187e <MDIO_vTogPinVal+0x8c>
    1886:	84 27       	eor	r24, r20
    1888:	8c 93       	st	X, r24
    188a:	25 c0       	rjmp	.+74     	; 0x18d6 <MDIO_vTogPinVal+0xe4>
			break;
		case DIO_PORTC:
			TOGGLE_BIT(PORTC,A_u8PinNo);
    188c:	a5 e3       	ldi	r26, 0x35	; 53
    188e:	b0 e0       	ldi	r27, 0x00	; 0
    1890:	e5 e3       	ldi	r30, 0x35	; 53
    1892:	f0 e0       	ldi	r31, 0x00	; 0
    1894:	40 81       	ld	r20, Z
    1896:	8a 81       	ldd	r24, Y+2	; 0x02
    1898:	28 2f       	mov	r18, r24
    189a:	30 e0       	ldi	r19, 0x00	; 0
    189c:	81 e0       	ldi	r24, 0x01	; 1
    189e:	90 e0       	ldi	r25, 0x00	; 0
    18a0:	02 2e       	mov	r0, r18
    18a2:	02 c0       	rjmp	.+4      	; 0x18a8 <MDIO_vTogPinVal+0xb6>
    18a4:	88 0f       	add	r24, r24
    18a6:	99 1f       	adc	r25, r25
    18a8:	0a 94       	dec	r0
    18aa:	e2 f7       	brpl	.-8      	; 0x18a4 <MDIO_vTogPinVal+0xb2>
    18ac:	84 27       	eor	r24, r20
    18ae:	8c 93       	st	X, r24
    18b0:	12 c0       	rjmp	.+36     	; 0x18d6 <MDIO_vTogPinVal+0xe4>
			break;
		case DIO_PORTD:
			TOGGLE_BIT(PORTD,A_u8PinNo);
    18b2:	a2 e3       	ldi	r26, 0x32	; 50
    18b4:	b0 e0       	ldi	r27, 0x00	; 0
    18b6:	e2 e3       	ldi	r30, 0x32	; 50
    18b8:	f0 e0       	ldi	r31, 0x00	; 0
    18ba:	40 81       	ld	r20, Z
    18bc:	8a 81       	ldd	r24, Y+2	; 0x02
    18be:	28 2f       	mov	r18, r24
    18c0:	30 e0       	ldi	r19, 0x00	; 0
    18c2:	81 e0       	ldi	r24, 0x01	; 1
    18c4:	90 e0       	ldi	r25, 0x00	; 0
    18c6:	02 2e       	mov	r0, r18
    18c8:	02 c0       	rjmp	.+4      	; 0x18ce <MDIO_vTogPinVal+0xdc>
    18ca:	88 0f       	add	r24, r24
    18cc:	99 1f       	adc	r25, r25
    18ce:	0a 94       	dec	r0
    18d0:	e2 f7       	brpl	.-8      	; 0x18ca <MDIO_vTogPinVal+0xd8>
    18d2:	84 27       	eor	r24, r20
    18d4:	8c 93       	st	X, r24
			break;

		}
}
    18d6:	0f 90       	pop	r0
    18d8:	0f 90       	pop	r0
    18da:	0f 90       	pop	r0
    18dc:	0f 90       	pop	r0
    18de:	cf 91       	pop	r28
    18e0:	df 91       	pop	r29
    18e2:	08 95       	ret

000018e4 <MADC_vInit>:
#include "../../LIB/BIT_MATH.h"
#include "ADC_INT.h"
#include "ADC_prv.h"

void MADC_vInit(void)
{
    18e4:	df 93       	push	r29
    18e6:	cf 93       	push	r28
    18e8:	cd b7       	in	r28, 0x3d	; 61
    18ea:	de b7       	in	r29, 0x3e	; 62

	//AVCC
	CLEAR_BIT(ADMUX,7);
    18ec:	a7 e2       	ldi	r26, 0x27	; 39
    18ee:	b0 e0       	ldi	r27, 0x00	; 0
    18f0:	e7 e2       	ldi	r30, 0x27	; 39
    18f2:	f0 e0       	ldi	r31, 0x00	; 0
    18f4:	80 81       	ld	r24, Z
    18f6:	8f 77       	andi	r24, 0x7F	; 127
    18f8:	8c 93       	st	X, r24
	SET_BIT(ADMUX,6);
    18fa:	a7 e2       	ldi	r26, 0x27	; 39
    18fc:	b0 e0       	ldi	r27, 0x00	; 0
    18fe:	e7 e2       	ldi	r30, 0x27	; 39
    1900:	f0 e0       	ldi	r31, 0x00	; 0
    1902:	80 81       	ld	r24, Z
    1904:	80 64       	ori	r24, 0x40	; 64
    1906:	8c 93       	st	X, r24

	//RIGHT ADJUSTMENT
	CLEAR_BIT(ADMUX,5);
    1908:	a7 e2       	ldi	r26, 0x27	; 39
    190a:	b0 e0       	ldi	r27, 0x00	; 0
    190c:	e7 e2       	ldi	r30, 0x27	; 39
    190e:	f0 e0       	ldi	r31, 0x00	; 0
    1910:	80 81       	ld	r24, Z
    1912:	8f 7d       	andi	r24, 0xDF	; 223
    1914:	8c 93       	st	X, r24

	//SINGLE CONVERSION MODE

	CLEAR_BIT(ADCSRA,5);
    1916:	a6 e2       	ldi	r26, 0x26	; 38
    1918:	b0 e0       	ldi	r27, 0x00	; 0
    191a:	e6 e2       	ldi	r30, 0x26	; 38
    191c:	f0 e0       	ldi	r31, 0x00	; 0
    191e:	80 81       	ld	r24, Z
    1920:	8f 7d       	andi	r24, 0xDF	; 223
    1922:	8c 93       	st	X, r24

	//PRESCALER
	SET_BIT(ADCSRA,2);
    1924:	a6 e2       	ldi	r26, 0x26	; 38
    1926:	b0 e0       	ldi	r27, 0x00	; 0
    1928:	e6 e2       	ldi	r30, 0x26	; 38
    192a:	f0 e0       	ldi	r31, 0x00	; 0
    192c:	80 81       	ld	r24, Z
    192e:	84 60       	ori	r24, 0x04	; 4
    1930:	8c 93       	st	X, r24
	SET_BIT(ADCSRA,1);
    1932:	a6 e2       	ldi	r26, 0x26	; 38
    1934:	b0 e0       	ldi	r27, 0x00	; 0
    1936:	e6 e2       	ldi	r30, 0x26	; 38
    1938:	f0 e0       	ldi	r31, 0x00	; 0
    193a:	80 81       	ld	r24, Z
    193c:	82 60       	ori	r24, 0x02	; 2
    193e:	8c 93       	st	X, r24
	CLEAR_BIT(ADCSRA,0);
    1940:	a6 e2       	ldi	r26, 0x26	; 38
    1942:	b0 e0       	ldi	r27, 0x00	; 0
    1944:	e6 e2       	ldi	r30, 0x26	; 38
    1946:	f0 e0       	ldi	r31, 0x00	; 0
    1948:	80 81       	ld	r24, Z
    194a:	8e 7f       	andi	r24, 0xFE	; 254
    194c:	8c 93       	st	X, r24

	//Polling
	CLEAR_BIT(ADCSRA,3);
    194e:	a6 e2       	ldi	r26, 0x26	; 38
    1950:	b0 e0       	ldi	r27, 0x00	; 0
    1952:	e6 e2       	ldi	r30, 0x26	; 38
    1954:	f0 e0       	ldi	r31, 0x00	; 0
    1956:	80 81       	ld	r24, Z
    1958:	87 7f       	andi	r24, 0xF7	; 247
    195a:	8c 93       	st	X, r24

	//ENABLE ADC MUST BE THE LAST INSTRUCTION AFTER FINISHING THE CONFIGURATION OF ADC
	SET_BIT(ADCSRA,7);
    195c:	a6 e2       	ldi	r26, 0x26	; 38
    195e:	b0 e0       	ldi	r27, 0x00	; 0
    1960:	e6 e2       	ldi	r30, 0x26	; 38
    1962:	f0 e0       	ldi	r31, 0x00	; 0
    1964:	80 81       	ld	r24, Z
    1966:	80 68       	ori	r24, 0x80	; 128
    1968:	8c 93       	st	X, r24
}
    196a:	cf 91       	pop	r28
    196c:	df 91       	pop	r29
    196e:	08 95       	ret

00001970 <MADC_vReadAnalog>:
u16 MADC_vReadAnalog(u8 A_u8Channel)
{
    1970:	df 93       	push	r29
    1972:	cf 93       	push	r28
    1974:	00 d0       	rcall	.+0      	; 0x1976 <MADC_vReadAnalog+0x6>
    1976:	cd b7       	in	r28, 0x3d	; 61
    1978:	de b7       	in	r29, 0x3e	; 62
    197a:	8a 83       	std	Y+2, r24	; 0x02
	u8 value ;
	ADMUX = (ADMUX & 0XE0) | (A_u8Channel & 0x07);
    197c:	a7 e2       	ldi	r26, 0x27	; 39
    197e:	b0 e0       	ldi	r27, 0x00	; 0
    1980:	e7 e2       	ldi	r30, 0x27	; 39
    1982:	f0 e0       	ldi	r31, 0x00	; 0
    1984:	80 81       	ld	r24, Z
    1986:	98 2f       	mov	r25, r24
    1988:	90 7e       	andi	r25, 0xE0	; 224
    198a:	8a 81       	ldd	r24, Y+2	; 0x02
    198c:	87 70       	andi	r24, 0x07	; 7
    198e:	89 2b       	or	r24, r25
    1990:	8c 93       	st	X, r24

	// START CONVERSION
	SET_BIT(ADCSRA,6);
    1992:	a6 e2       	ldi	r26, 0x26	; 38
    1994:	b0 e0       	ldi	r27, 0x00	; 0
    1996:	e6 e2       	ldi	r30, 0x26	; 38
    1998:	f0 e0       	ldi	r31, 0x00	; 0
    199a:	80 81       	ld	r24, Z
    199c:	80 64       	ori	r24, 0x40	; 64
    199e:	8c 93       	st	X, r24
	GET_BIT(ADCSRA,4,value);
    19a0:	e6 e2       	ldi	r30, 0x26	; 38
    19a2:	f0 e0       	ldi	r31, 0x00	; 0
    19a4:	80 81       	ld	r24, Z
    19a6:	82 95       	swap	r24
    19a8:	8f 70       	andi	r24, 0x0F	; 15
    19aa:	81 70       	andi	r24, 0x01	; 1
    19ac:	89 83       	std	Y+1, r24	; 0x01

	//wait on flag
	while(value == 0 );
    19ae:	89 81       	ldd	r24, Y+1	; 0x01
    19b0:	88 23       	and	r24, r24
    19b2:	e9 f3       	breq	.-6      	; 0x19ae <MADC_vReadAnalog+0x3e>
	SET_BIT(ADCSRA,4);
    19b4:	a6 e2       	ldi	r26, 0x26	; 38
    19b6:	b0 e0       	ldi	r27, 0x00	; 0
    19b8:	e6 e2       	ldi	r30, 0x26	; 38
    19ba:	f0 e0       	ldi	r31, 0x00	; 0
    19bc:	80 81       	ld	r24, Z
    19be:	80 61       	ori	r24, 0x10	; 16
    19c0:	8c 93       	st	X, r24
	return ADC;
    19c2:	e4 e2       	ldi	r30, 0x24	; 36
    19c4:	f0 e0       	ldi	r31, 0x00	; 0
    19c6:	80 81       	ld	r24, Z
    19c8:	91 81       	ldd	r25, Z+1	; 0x01
}
    19ca:	0f 90       	pop	r0
    19cc:	0f 90       	pop	r0
    19ce:	cf 91       	pop	r28
    19d0:	df 91       	pop	r29
    19d2:	08 95       	ret

000019d4 <HSTEPPER_vInit>:
#include <avr/delay.h>



void HSTEPPER_vInit()
{
    19d4:	df 93       	push	r29
    19d6:	cf 93       	push	r28
    19d8:	cd b7       	in	r28, 0x3d	; 61
    19da:	de b7       	in	r29, 0x3e	; 62
	MDIO_vSetPinDir(STEPPER_PORT, STEPPER_PINK, DIO_OUTPUT);
    19dc:	80 e0       	ldi	r24, 0x00	; 0
    19de:	60 e0       	ldi	r22, 0x00	; 0
    19e0:	41 e0       	ldi	r20, 0x01	; 1
    19e2:	0e 94 cd 08 	call	0x119a	; 0x119a <MDIO_vSetPinDir>
	MDIO_vSetPinDir(STEPPER_PORT, STEPPER_BLUE, DIO_OUTPUT);
    19e6:	80 e0       	ldi	r24, 0x00	; 0
    19e8:	61 e0       	ldi	r22, 0x01	; 1
    19ea:	41 e0       	ldi	r20, 0x01	; 1
    19ec:	0e 94 cd 08 	call	0x119a	; 0x119a <MDIO_vSetPinDir>
	MDIO_vSetPinDir(STEPPER_PORT, STEPPER_YELLOW, DIO_OUTPUT);
    19f0:	80 e0       	ldi	r24, 0x00	; 0
    19f2:	62 e0       	ldi	r22, 0x02	; 2
    19f4:	41 e0       	ldi	r20, 0x01	; 1
    19f6:	0e 94 cd 08 	call	0x119a	; 0x119a <MDIO_vSetPinDir>
	MDIO_vSetPinDir(STEPPER_PORT, STEPPER_ORANGE, DIO_OUTPUT);
    19fa:	80 e0       	ldi	r24, 0x00	; 0
    19fc:	63 e0       	ldi	r22, 0x03	; 3
    19fe:	41 e0       	ldi	r20, 0x01	; 1
    1a00:	0e 94 cd 08 	call	0x119a	; 0x119a <MDIO_vSetPinDir>
}
    1a04:	cf 91       	pop	r28
    1a06:	df 91       	pop	r29
    1a08:	08 95       	ret

00001a0a <HSTEPPER_vRotateCW>:

void HSTEPPER_vRotateCW(f64 A_f64StepDelay)
{
    1a0a:	df 93       	push	r29
    1a0c:	cf 93       	push	r28
    1a0e:	cd b7       	in	r28, 0x3d	; 61
    1a10:	de b7       	in	r29, 0x3e	; 62
    1a12:	ec 97       	sbiw	r28, 0x3c	; 60
    1a14:	0f b6       	in	r0, 0x3f	; 63
    1a16:	f8 94       	cli
    1a18:	de bf       	out	0x3e, r29	; 62
    1a1a:	0f be       	out	0x3f, r0	; 63
    1a1c:	cd bf       	out	0x3d, r28	; 61
    1a1e:	69 af       	std	Y+57, r22	; 0x39
    1a20:	7a af       	std	Y+58, r23	; 0x3a
    1a22:	8b af       	std	Y+59, r24	; 0x3b
    1a24:	9c af       	std	Y+60, r25	; 0x3c
	// STEP 1
	MDIO_vSetPinVal(STEPPER_PORT,STEPPER_PINK ,DIO_HIGH);
    1a26:	80 e0       	ldi	r24, 0x00	; 0
    1a28:	60 e0       	ldi	r22, 0x00	; 0
    1a2a:	41 e0       	ldi	r20, 0x01	; 1
    1a2c:	0e 94 c4 09 	call	0x1388	; 0x1388 <MDIO_vSetPinVal>
	MDIO_vSetPinVal(STEPPER_PORT,STEPPER_BLUE ,DIO_LOW);
    1a30:	80 e0       	ldi	r24, 0x00	; 0
    1a32:	61 e0       	ldi	r22, 0x01	; 1
    1a34:	40 e0       	ldi	r20, 0x00	; 0
    1a36:	0e 94 c4 09 	call	0x1388	; 0x1388 <MDIO_vSetPinVal>
	MDIO_vSetPinVal(STEPPER_PORT,STEPPER_YELLOW ,DIO_LOW);
    1a3a:	80 e0       	ldi	r24, 0x00	; 0
    1a3c:	62 e0       	ldi	r22, 0x02	; 2
    1a3e:	40 e0       	ldi	r20, 0x00	; 0
    1a40:	0e 94 c4 09 	call	0x1388	; 0x1388 <MDIO_vSetPinVal>
	MDIO_vSetPinVal(STEPPER_PORT,STEPPER_ORANGE ,DIO_LOW);
    1a44:	80 e0       	ldi	r24, 0x00	; 0
    1a46:	63 e0       	ldi	r22, 0x03	; 3
    1a48:	40 e0       	ldi	r20, 0x00	; 0
    1a4a:	0e 94 c4 09 	call	0x1388	; 0x1388 <MDIO_vSetPinVal>
    1a4e:	89 ad       	ldd	r24, Y+57	; 0x39
    1a50:	9a ad       	ldd	r25, Y+58	; 0x3a
    1a52:	ab ad       	ldd	r26, Y+59	; 0x3b
    1a54:	bc ad       	ldd	r27, Y+60	; 0x3c
    1a56:	8d ab       	std	Y+53, r24	; 0x35
    1a58:	9e ab       	std	Y+54, r25	; 0x36
    1a5a:	af ab       	std	Y+55, r26	; 0x37
    1a5c:	b8 af       	std	Y+56, r27	; 0x38
 */
void
_delay_ms(double __ms)
{
	uint16_t __ticks;
	double __tmp = ((F_CPU) / 4e3) * __ms;
    1a5e:	6d a9       	ldd	r22, Y+53	; 0x35
    1a60:	7e a9       	ldd	r23, Y+54	; 0x36
    1a62:	8f a9       	ldd	r24, Y+55	; 0x37
    1a64:	98 ad       	ldd	r25, Y+56	; 0x38
    1a66:	20 e0       	ldi	r18, 0x00	; 0
    1a68:	30 e0       	ldi	r19, 0x00	; 0
    1a6a:	4a ef       	ldi	r20, 0xFA	; 250
    1a6c:	54 e4       	ldi	r21, 0x44	; 68
    1a6e:	0e 94 1f 02 	call	0x43e	; 0x43e <__mulsf3>
    1a72:	dc 01       	movw	r26, r24
    1a74:	cb 01       	movw	r24, r22
    1a76:	89 ab       	std	Y+49, r24	; 0x31
    1a78:	9a ab       	std	Y+50, r25	; 0x32
    1a7a:	ab ab       	std	Y+51, r26	; 0x33
    1a7c:	bc ab       	std	Y+52, r27	; 0x34
	if (__tmp < 1.0)
    1a7e:	69 a9       	ldd	r22, Y+49	; 0x31
    1a80:	7a a9       	ldd	r23, Y+50	; 0x32
    1a82:	8b a9       	ldd	r24, Y+51	; 0x33
    1a84:	9c a9       	ldd	r25, Y+52	; 0x34
    1a86:	20 e0       	ldi	r18, 0x00	; 0
    1a88:	30 e0       	ldi	r19, 0x00	; 0
    1a8a:	40 e8       	ldi	r20, 0x80	; 128
    1a8c:	5f e3       	ldi	r21, 0x3F	; 63
    1a8e:	0e 94 79 03 	call	0x6f2	; 0x6f2 <__ltsf2>
    1a92:	88 23       	and	r24, r24
    1a94:	2c f4       	brge	.+10     	; 0x1aa0 <HSTEPPER_vRotateCW+0x96>
		__ticks = 1;
    1a96:	81 e0       	ldi	r24, 0x01	; 1
    1a98:	90 e0       	ldi	r25, 0x00	; 0
    1a9a:	98 ab       	std	Y+48, r25	; 0x30
    1a9c:	8f a7       	std	Y+47, r24	; 0x2f
    1a9e:	3f c0       	rjmp	.+126    	; 0x1b1e <HSTEPPER_vRotateCW+0x114>
	else if (__tmp > 65535)
    1aa0:	69 a9       	ldd	r22, Y+49	; 0x31
    1aa2:	7a a9       	ldd	r23, Y+50	; 0x32
    1aa4:	8b a9       	ldd	r24, Y+51	; 0x33
    1aa6:	9c a9       	ldd	r25, Y+52	; 0x34
    1aa8:	20 e0       	ldi	r18, 0x00	; 0
    1aaa:	3f ef       	ldi	r19, 0xFF	; 255
    1aac:	4f e7       	ldi	r20, 0x7F	; 127
    1aae:	57 e4       	ldi	r21, 0x47	; 71
    1ab0:	0e 94 19 03 	call	0x632	; 0x632 <__gtsf2>
    1ab4:	18 16       	cp	r1, r24
    1ab6:	4c f5       	brge	.+82     	; 0x1b0a <HSTEPPER_vRotateCW+0x100>
	{
		//	__ticks = requested delay in 1/10 ms
		__ticks = (uint16_t) (__ms * 10.0);
    1ab8:	6d a9       	ldd	r22, Y+53	; 0x35
    1aba:	7e a9       	ldd	r23, Y+54	; 0x36
    1abc:	8f a9       	ldd	r24, Y+55	; 0x37
    1abe:	98 ad       	ldd	r25, Y+56	; 0x38
    1ac0:	20 e0       	ldi	r18, 0x00	; 0
    1ac2:	30 e0       	ldi	r19, 0x00	; 0
    1ac4:	40 e2       	ldi	r20, 0x20	; 32
    1ac6:	51 e4       	ldi	r21, 0x41	; 65
    1ac8:	0e 94 1f 02 	call	0x43e	; 0x43e <__mulsf3>
    1acc:	dc 01       	movw	r26, r24
    1ace:	cb 01       	movw	r24, r22
    1ad0:	bc 01       	movw	r22, r24
    1ad2:	cd 01       	movw	r24, r26
    1ad4:	0e 94 49 00 	call	0x92	; 0x92 <__fixunssfsi>
    1ad8:	dc 01       	movw	r26, r24
    1ada:	cb 01       	movw	r24, r22
    1adc:	98 ab       	std	Y+48, r25	; 0x30
    1ade:	8f a7       	std	Y+47, r24	; 0x2f
    1ae0:	0f c0       	rjmp	.+30     	; 0x1b00 <HSTEPPER_vRotateCW+0xf6>
    1ae2:	88 ec       	ldi	r24, 0xC8	; 200
    1ae4:	90 e0       	ldi	r25, 0x00	; 0
    1ae6:	9e a7       	std	Y+46, r25	; 0x2e
    1ae8:	8d a7       	std	Y+45, r24	; 0x2d
    milliseconds can be achieved.
 */
void
_delay_loop_2(uint16_t __count)
{
	__asm__ volatile (
    1aea:	8d a5       	ldd	r24, Y+45	; 0x2d
    1aec:	9e a5       	ldd	r25, Y+46	; 0x2e
    1aee:	01 97       	sbiw	r24, 0x01	; 1
    1af0:	f1 f7       	brne	.-4      	; 0x1aee <HSTEPPER_vRotateCW+0xe4>
    1af2:	9e a7       	std	Y+46, r25	; 0x2e
    1af4:	8d a7       	std	Y+45, r24	; 0x2d
		while(__ticks)
		{
			// wait 1/10 ms
			_delay_loop_2(((F_CPU) / 4e3) / 10);
			__ticks --;
    1af6:	8f a5       	ldd	r24, Y+47	; 0x2f
    1af8:	98 a9       	ldd	r25, Y+48	; 0x30
    1afa:	01 97       	sbiw	r24, 0x01	; 1
    1afc:	98 ab       	std	Y+48, r25	; 0x30
    1afe:	8f a7       	std	Y+47, r24	; 0x2f
		__ticks = 1;
	else if (__tmp > 65535)
	{
		//	__ticks = requested delay in 1/10 ms
		__ticks = (uint16_t) (__ms * 10.0);
		while(__ticks)
    1b00:	8f a5       	ldd	r24, Y+47	; 0x2f
    1b02:	98 a9       	ldd	r25, Y+48	; 0x30
    1b04:	00 97       	sbiw	r24, 0x00	; 0
    1b06:	69 f7       	brne	.-38     	; 0x1ae2 <HSTEPPER_vRotateCW+0xd8>
    1b08:	14 c0       	rjmp	.+40     	; 0x1b32 <HSTEPPER_vRotateCW+0x128>
			__ticks --;
		}
		return;
	}
	else
		__ticks = (uint16_t)__tmp;
    1b0a:	69 a9       	ldd	r22, Y+49	; 0x31
    1b0c:	7a a9       	ldd	r23, Y+50	; 0x32
    1b0e:	8b a9       	ldd	r24, Y+51	; 0x33
    1b10:	9c a9       	ldd	r25, Y+52	; 0x34
    1b12:	0e 94 49 00 	call	0x92	; 0x92 <__fixunssfsi>
    1b16:	dc 01       	movw	r26, r24
    1b18:	cb 01       	movw	r24, r22
    1b1a:	98 ab       	std	Y+48, r25	; 0x30
    1b1c:	8f a7       	std	Y+47, r24	; 0x2f
    1b1e:	8f a5       	ldd	r24, Y+47	; 0x2f
    1b20:	98 a9       	ldd	r25, Y+48	; 0x30
    1b22:	9c a7       	std	Y+44, r25	; 0x2c
    1b24:	8b a7       	std	Y+43, r24	; 0x2b
    1b26:	8b a5       	ldd	r24, Y+43	; 0x2b
    1b28:	9c a5       	ldd	r25, Y+44	; 0x2c
    1b2a:	01 97       	sbiw	r24, 0x01	; 1
    1b2c:	f1 f7       	brne	.-4      	; 0x1b2a <HSTEPPER_vRotateCW+0x120>
    1b2e:	9c a7       	std	Y+44, r25	; 0x2c
    1b30:	8b a7       	std	Y+43, r24	; 0x2b
	_delay_ms(A_f64StepDelay);
	//STEP2
	MDIO_vSetPinVal(STEPPER_PORT,STEPPER_PINK ,DIO_LOW);
    1b32:	80 e0       	ldi	r24, 0x00	; 0
    1b34:	60 e0       	ldi	r22, 0x00	; 0
    1b36:	40 e0       	ldi	r20, 0x00	; 0
    1b38:	0e 94 c4 09 	call	0x1388	; 0x1388 <MDIO_vSetPinVal>
	MDIO_vSetPinVal(STEPPER_PORT,STEPPER_BLUE ,DIO_HIGH);
    1b3c:	80 e0       	ldi	r24, 0x00	; 0
    1b3e:	61 e0       	ldi	r22, 0x01	; 1
    1b40:	41 e0       	ldi	r20, 0x01	; 1
    1b42:	0e 94 c4 09 	call	0x1388	; 0x1388 <MDIO_vSetPinVal>
	MDIO_vSetPinVal(STEPPER_PORT,STEPPER_YELLOW ,DIO_LOW);
    1b46:	80 e0       	ldi	r24, 0x00	; 0
    1b48:	62 e0       	ldi	r22, 0x02	; 2
    1b4a:	40 e0       	ldi	r20, 0x00	; 0
    1b4c:	0e 94 c4 09 	call	0x1388	; 0x1388 <MDIO_vSetPinVal>
	MDIO_vSetPinVal(STEPPER_PORT,STEPPER_ORANGE ,DIO_LOW);
    1b50:	80 e0       	ldi	r24, 0x00	; 0
    1b52:	63 e0       	ldi	r22, 0x03	; 3
    1b54:	40 e0       	ldi	r20, 0x00	; 0
    1b56:	0e 94 c4 09 	call	0x1388	; 0x1388 <MDIO_vSetPinVal>
    1b5a:	89 ad       	ldd	r24, Y+57	; 0x39
    1b5c:	9a ad       	ldd	r25, Y+58	; 0x3a
    1b5e:	ab ad       	ldd	r26, Y+59	; 0x3b
    1b60:	bc ad       	ldd	r27, Y+60	; 0x3c
    1b62:	8f a3       	std	Y+39, r24	; 0x27
    1b64:	98 a7       	std	Y+40, r25	; 0x28
    1b66:	a9 a7       	std	Y+41, r26	; 0x29
    1b68:	ba a7       	std	Y+42, r27	; 0x2a
 */
void
_delay_ms(double __ms)
{
	uint16_t __ticks;
	double __tmp = ((F_CPU) / 4e3) * __ms;
    1b6a:	6f a1       	ldd	r22, Y+39	; 0x27
    1b6c:	78 a5       	ldd	r23, Y+40	; 0x28
    1b6e:	89 a5       	ldd	r24, Y+41	; 0x29
    1b70:	9a a5       	ldd	r25, Y+42	; 0x2a
    1b72:	20 e0       	ldi	r18, 0x00	; 0
    1b74:	30 e0       	ldi	r19, 0x00	; 0
    1b76:	4a ef       	ldi	r20, 0xFA	; 250
    1b78:	54 e4       	ldi	r21, 0x44	; 68
    1b7a:	0e 94 1f 02 	call	0x43e	; 0x43e <__mulsf3>
    1b7e:	dc 01       	movw	r26, r24
    1b80:	cb 01       	movw	r24, r22
    1b82:	8b a3       	std	Y+35, r24	; 0x23
    1b84:	9c a3       	std	Y+36, r25	; 0x24
    1b86:	ad a3       	std	Y+37, r26	; 0x25
    1b88:	be a3       	std	Y+38, r27	; 0x26
	if (__tmp < 1.0)
    1b8a:	6b a1       	ldd	r22, Y+35	; 0x23
    1b8c:	7c a1       	ldd	r23, Y+36	; 0x24
    1b8e:	8d a1       	ldd	r24, Y+37	; 0x25
    1b90:	9e a1       	ldd	r25, Y+38	; 0x26
    1b92:	20 e0       	ldi	r18, 0x00	; 0
    1b94:	30 e0       	ldi	r19, 0x00	; 0
    1b96:	40 e8       	ldi	r20, 0x80	; 128
    1b98:	5f e3       	ldi	r21, 0x3F	; 63
    1b9a:	0e 94 79 03 	call	0x6f2	; 0x6f2 <__ltsf2>
    1b9e:	88 23       	and	r24, r24
    1ba0:	2c f4       	brge	.+10     	; 0x1bac <HSTEPPER_vRotateCW+0x1a2>
		__ticks = 1;
    1ba2:	81 e0       	ldi	r24, 0x01	; 1
    1ba4:	90 e0       	ldi	r25, 0x00	; 0
    1ba6:	9a a3       	std	Y+34, r25	; 0x22
    1ba8:	89 a3       	std	Y+33, r24	; 0x21
    1baa:	3f c0       	rjmp	.+126    	; 0x1c2a <HSTEPPER_vRotateCW+0x220>
	else if (__tmp > 65535)
    1bac:	6b a1       	ldd	r22, Y+35	; 0x23
    1bae:	7c a1       	ldd	r23, Y+36	; 0x24
    1bb0:	8d a1       	ldd	r24, Y+37	; 0x25
    1bb2:	9e a1       	ldd	r25, Y+38	; 0x26
    1bb4:	20 e0       	ldi	r18, 0x00	; 0
    1bb6:	3f ef       	ldi	r19, 0xFF	; 255
    1bb8:	4f e7       	ldi	r20, 0x7F	; 127
    1bba:	57 e4       	ldi	r21, 0x47	; 71
    1bbc:	0e 94 19 03 	call	0x632	; 0x632 <__gtsf2>
    1bc0:	18 16       	cp	r1, r24
    1bc2:	4c f5       	brge	.+82     	; 0x1c16 <HSTEPPER_vRotateCW+0x20c>
	{
		//	__ticks = requested delay in 1/10 ms
		__ticks = (uint16_t) (__ms * 10.0);
    1bc4:	6f a1       	ldd	r22, Y+39	; 0x27
    1bc6:	78 a5       	ldd	r23, Y+40	; 0x28
    1bc8:	89 a5       	ldd	r24, Y+41	; 0x29
    1bca:	9a a5       	ldd	r25, Y+42	; 0x2a
    1bcc:	20 e0       	ldi	r18, 0x00	; 0
    1bce:	30 e0       	ldi	r19, 0x00	; 0
    1bd0:	40 e2       	ldi	r20, 0x20	; 32
    1bd2:	51 e4       	ldi	r21, 0x41	; 65
    1bd4:	0e 94 1f 02 	call	0x43e	; 0x43e <__mulsf3>
    1bd8:	dc 01       	movw	r26, r24
    1bda:	cb 01       	movw	r24, r22
    1bdc:	bc 01       	movw	r22, r24
    1bde:	cd 01       	movw	r24, r26
    1be0:	0e 94 49 00 	call	0x92	; 0x92 <__fixunssfsi>
    1be4:	dc 01       	movw	r26, r24
    1be6:	cb 01       	movw	r24, r22
    1be8:	9a a3       	std	Y+34, r25	; 0x22
    1bea:	89 a3       	std	Y+33, r24	; 0x21
    1bec:	0f c0       	rjmp	.+30     	; 0x1c0c <HSTEPPER_vRotateCW+0x202>
    1bee:	88 ec       	ldi	r24, 0xC8	; 200
    1bf0:	90 e0       	ldi	r25, 0x00	; 0
    1bf2:	98 a3       	std	Y+32, r25	; 0x20
    1bf4:	8f 8f       	std	Y+31, r24	; 0x1f
    1bf6:	8f 8d       	ldd	r24, Y+31	; 0x1f
    1bf8:	98 a1       	ldd	r25, Y+32	; 0x20
    1bfa:	01 97       	sbiw	r24, 0x01	; 1
    1bfc:	f1 f7       	brne	.-4      	; 0x1bfa <HSTEPPER_vRotateCW+0x1f0>
    1bfe:	98 a3       	std	Y+32, r25	; 0x20
    1c00:	8f 8f       	std	Y+31, r24	; 0x1f
		while(__ticks)
		{
			// wait 1/10 ms
			_delay_loop_2(((F_CPU) / 4e3) / 10);
			__ticks --;
    1c02:	89 a1       	ldd	r24, Y+33	; 0x21
    1c04:	9a a1       	ldd	r25, Y+34	; 0x22
    1c06:	01 97       	sbiw	r24, 0x01	; 1
    1c08:	9a a3       	std	Y+34, r25	; 0x22
    1c0a:	89 a3       	std	Y+33, r24	; 0x21
		__ticks = 1;
	else if (__tmp > 65535)
	{
		//	__ticks = requested delay in 1/10 ms
		__ticks = (uint16_t) (__ms * 10.0);
		while(__ticks)
    1c0c:	89 a1       	ldd	r24, Y+33	; 0x21
    1c0e:	9a a1       	ldd	r25, Y+34	; 0x22
    1c10:	00 97       	sbiw	r24, 0x00	; 0
    1c12:	69 f7       	brne	.-38     	; 0x1bee <HSTEPPER_vRotateCW+0x1e4>
    1c14:	14 c0       	rjmp	.+40     	; 0x1c3e <HSTEPPER_vRotateCW+0x234>
			__ticks --;
		}
		return;
	}
	else
		__ticks = (uint16_t)__tmp;
    1c16:	6b a1       	ldd	r22, Y+35	; 0x23
    1c18:	7c a1       	ldd	r23, Y+36	; 0x24
    1c1a:	8d a1       	ldd	r24, Y+37	; 0x25
    1c1c:	9e a1       	ldd	r25, Y+38	; 0x26
    1c1e:	0e 94 49 00 	call	0x92	; 0x92 <__fixunssfsi>
    1c22:	dc 01       	movw	r26, r24
    1c24:	cb 01       	movw	r24, r22
    1c26:	9a a3       	std	Y+34, r25	; 0x22
    1c28:	89 a3       	std	Y+33, r24	; 0x21
    1c2a:	89 a1       	ldd	r24, Y+33	; 0x21
    1c2c:	9a a1       	ldd	r25, Y+34	; 0x22
    1c2e:	9e 8f       	std	Y+30, r25	; 0x1e
    1c30:	8d 8f       	std	Y+29, r24	; 0x1d
    1c32:	8d 8d       	ldd	r24, Y+29	; 0x1d
    1c34:	9e 8d       	ldd	r25, Y+30	; 0x1e
    1c36:	01 97       	sbiw	r24, 0x01	; 1
    1c38:	f1 f7       	brne	.-4      	; 0x1c36 <HSTEPPER_vRotateCW+0x22c>
    1c3a:	9e 8f       	std	Y+30, r25	; 0x1e
    1c3c:	8d 8f       	std	Y+29, r24	; 0x1d
	_delay_ms(A_f64StepDelay);
	//STEP3
	MDIO_vSetPinVal(STEPPER_PORT,STEPPER_PINK ,DIO_LOW);
    1c3e:	80 e0       	ldi	r24, 0x00	; 0
    1c40:	60 e0       	ldi	r22, 0x00	; 0
    1c42:	40 e0       	ldi	r20, 0x00	; 0
    1c44:	0e 94 c4 09 	call	0x1388	; 0x1388 <MDIO_vSetPinVal>
	MDIO_vSetPinVal(STEPPER_PORT,STEPPER_BLUE ,DIO_LOW);
    1c48:	80 e0       	ldi	r24, 0x00	; 0
    1c4a:	61 e0       	ldi	r22, 0x01	; 1
    1c4c:	40 e0       	ldi	r20, 0x00	; 0
    1c4e:	0e 94 c4 09 	call	0x1388	; 0x1388 <MDIO_vSetPinVal>
	MDIO_vSetPinVal(STEPPER_PORT,STEPPER_YELLOW ,DIO_HIGH);
    1c52:	80 e0       	ldi	r24, 0x00	; 0
    1c54:	62 e0       	ldi	r22, 0x02	; 2
    1c56:	41 e0       	ldi	r20, 0x01	; 1
    1c58:	0e 94 c4 09 	call	0x1388	; 0x1388 <MDIO_vSetPinVal>
	MDIO_vSetPinVal(STEPPER_PORT,STEPPER_ORANGE ,DIO_LOW);
    1c5c:	80 e0       	ldi	r24, 0x00	; 0
    1c5e:	63 e0       	ldi	r22, 0x03	; 3
    1c60:	40 e0       	ldi	r20, 0x00	; 0
    1c62:	0e 94 c4 09 	call	0x1388	; 0x1388 <MDIO_vSetPinVal>
    1c66:	89 ad       	ldd	r24, Y+57	; 0x39
    1c68:	9a ad       	ldd	r25, Y+58	; 0x3a
    1c6a:	ab ad       	ldd	r26, Y+59	; 0x3b
    1c6c:	bc ad       	ldd	r27, Y+60	; 0x3c
    1c6e:	89 8f       	std	Y+25, r24	; 0x19
    1c70:	9a 8f       	std	Y+26, r25	; 0x1a
    1c72:	ab 8f       	std	Y+27, r26	; 0x1b
    1c74:	bc 8f       	std	Y+28, r27	; 0x1c
 */
void
_delay_ms(double __ms)
{
	uint16_t __ticks;
	double __tmp = ((F_CPU) / 4e3) * __ms;
    1c76:	69 8d       	ldd	r22, Y+25	; 0x19
    1c78:	7a 8d       	ldd	r23, Y+26	; 0x1a
    1c7a:	8b 8d       	ldd	r24, Y+27	; 0x1b
    1c7c:	9c 8d       	ldd	r25, Y+28	; 0x1c
    1c7e:	20 e0       	ldi	r18, 0x00	; 0
    1c80:	30 e0       	ldi	r19, 0x00	; 0
    1c82:	4a ef       	ldi	r20, 0xFA	; 250
    1c84:	54 e4       	ldi	r21, 0x44	; 68
    1c86:	0e 94 1f 02 	call	0x43e	; 0x43e <__mulsf3>
    1c8a:	dc 01       	movw	r26, r24
    1c8c:	cb 01       	movw	r24, r22
    1c8e:	8d 8b       	std	Y+21, r24	; 0x15
    1c90:	9e 8b       	std	Y+22, r25	; 0x16
    1c92:	af 8b       	std	Y+23, r26	; 0x17
    1c94:	b8 8f       	std	Y+24, r27	; 0x18
	if (__tmp < 1.0)
    1c96:	6d 89       	ldd	r22, Y+21	; 0x15
    1c98:	7e 89       	ldd	r23, Y+22	; 0x16
    1c9a:	8f 89       	ldd	r24, Y+23	; 0x17
    1c9c:	98 8d       	ldd	r25, Y+24	; 0x18
    1c9e:	20 e0       	ldi	r18, 0x00	; 0
    1ca0:	30 e0       	ldi	r19, 0x00	; 0
    1ca2:	40 e8       	ldi	r20, 0x80	; 128
    1ca4:	5f e3       	ldi	r21, 0x3F	; 63
    1ca6:	0e 94 79 03 	call	0x6f2	; 0x6f2 <__ltsf2>
    1caa:	88 23       	and	r24, r24
    1cac:	2c f4       	brge	.+10     	; 0x1cb8 <HSTEPPER_vRotateCW+0x2ae>
		__ticks = 1;
    1cae:	81 e0       	ldi	r24, 0x01	; 1
    1cb0:	90 e0       	ldi	r25, 0x00	; 0
    1cb2:	9c 8b       	std	Y+20, r25	; 0x14
    1cb4:	8b 8b       	std	Y+19, r24	; 0x13
    1cb6:	3f c0       	rjmp	.+126    	; 0x1d36 <HSTEPPER_vRotateCW+0x32c>
	else if (__tmp > 65535)
    1cb8:	6d 89       	ldd	r22, Y+21	; 0x15
    1cba:	7e 89       	ldd	r23, Y+22	; 0x16
    1cbc:	8f 89       	ldd	r24, Y+23	; 0x17
    1cbe:	98 8d       	ldd	r25, Y+24	; 0x18
    1cc0:	20 e0       	ldi	r18, 0x00	; 0
    1cc2:	3f ef       	ldi	r19, 0xFF	; 255
    1cc4:	4f e7       	ldi	r20, 0x7F	; 127
    1cc6:	57 e4       	ldi	r21, 0x47	; 71
    1cc8:	0e 94 19 03 	call	0x632	; 0x632 <__gtsf2>
    1ccc:	18 16       	cp	r1, r24
    1cce:	4c f5       	brge	.+82     	; 0x1d22 <HSTEPPER_vRotateCW+0x318>
	{
		//	__ticks = requested delay in 1/10 ms
		__ticks = (uint16_t) (__ms * 10.0);
    1cd0:	69 8d       	ldd	r22, Y+25	; 0x19
    1cd2:	7a 8d       	ldd	r23, Y+26	; 0x1a
    1cd4:	8b 8d       	ldd	r24, Y+27	; 0x1b
    1cd6:	9c 8d       	ldd	r25, Y+28	; 0x1c
    1cd8:	20 e0       	ldi	r18, 0x00	; 0
    1cda:	30 e0       	ldi	r19, 0x00	; 0
    1cdc:	40 e2       	ldi	r20, 0x20	; 32
    1cde:	51 e4       	ldi	r21, 0x41	; 65
    1ce0:	0e 94 1f 02 	call	0x43e	; 0x43e <__mulsf3>
    1ce4:	dc 01       	movw	r26, r24
    1ce6:	cb 01       	movw	r24, r22
    1ce8:	bc 01       	movw	r22, r24
    1cea:	cd 01       	movw	r24, r26
    1cec:	0e 94 49 00 	call	0x92	; 0x92 <__fixunssfsi>
    1cf0:	dc 01       	movw	r26, r24
    1cf2:	cb 01       	movw	r24, r22
    1cf4:	9c 8b       	std	Y+20, r25	; 0x14
    1cf6:	8b 8b       	std	Y+19, r24	; 0x13
    1cf8:	0f c0       	rjmp	.+30     	; 0x1d18 <HSTEPPER_vRotateCW+0x30e>
    1cfa:	88 ec       	ldi	r24, 0xC8	; 200
    1cfc:	90 e0       	ldi	r25, 0x00	; 0
    1cfe:	9a 8b       	std	Y+18, r25	; 0x12
    1d00:	89 8b       	std	Y+17, r24	; 0x11
    1d02:	89 89       	ldd	r24, Y+17	; 0x11
    1d04:	9a 89       	ldd	r25, Y+18	; 0x12
    1d06:	01 97       	sbiw	r24, 0x01	; 1
    1d08:	f1 f7       	brne	.-4      	; 0x1d06 <HSTEPPER_vRotateCW+0x2fc>
    1d0a:	9a 8b       	std	Y+18, r25	; 0x12
    1d0c:	89 8b       	std	Y+17, r24	; 0x11
		while(__ticks)
		{
			// wait 1/10 ms
			_delay_loop_2(((F_CPU) / 4e3) / 10);
			__ticks --;
    1d0e:	8b 89       	ldd	r24, Y+19	; 0x13
    1d10:	9c 89       	ldd	r25, Y+20	; 0x14
    1d12:	01 97       	sbiw	r24, 0x01	; 1
    1d14:	9c 8b       	std	Y+20, r25	; 0x14
    1d16:	8b 8b       	std	Y+19, r24	; 0x13
		__ticks = 1;
	else if (__tmp > 65535)
	{
		//	__ticks = requested delay in 1/10 ms
		__ticks = (uint16_t) (__ms * 10.0);
		while(__ticks)
    1d18:	8b 89       	ldd	r24, Y+19	; 0x13
    1d1a:	9c 89       	ldd	r25, Y+20	; 0x14
    1d1c:	00 97       	sbiw	r24, 0x00	; 0
    1d1e:	69 f7       	brne	.-38     	; 0x1cfa <HSTEPPER_vRotateCW+0x2f0>
    1d20:	14 c0       	rjmp	.+40     	; 0x1d4a <HSTEPPER_vRotateCW+0x340>
			__ticks --;
		}
		return;
	}
	else
		__ticks = (uint16_t)__tmp;
    1d22:	6d 89       	ldd	r22, Y+21	; 0x15
    1d24:	7e 89       	ldd	r23, Y+22	; 0x16
    1d26:	8f 89       	ldd	r24, Y+23	; 0x17
    1d28:	98 8d       	ldd	r25, Y+24	; 0x18
    1d2a:	0e 94 49 00 	call	0x92	; 0x92 <__fixunssfsi>
    1d2e:	dc 01       	movw	r26, r24
    1d30:	cb 01       	movw	r24, r22
    1d32:	9c 8b       	std	Y+20, r25	; 0x14
    1d34:	8b 8b       	std	Y+19, r24	; 0x13
    1d36:	8b 89       	ldd	r24, Y+19	; 0x13
    1d38:	9c 89       	ldd	r25, Y+20	; 0x14
    1d3a:	98 8b       	std	Y+16, r25	; 0x10
    1d3c:	8f 87       	std	Y+15, r24	; 0x0f
    1d3e:	8f 85       	ldd	r24, Y+15	; 0x0f
    1d40:	98 89       	ldd	r25, Y+16	; 0x10
    1d42:	01 97       	sbiw	r24, 0x01	; 1
    1d44:	f1 f7       	brne	.-4      	; 0x1d42 <HSTEPPER_vRotateCW+0x338>
    1d46:	98 8b       	std	Y+16, r25	; 0x10
    1d48:	8f 87       	std	Y+15, r24	; 0x0f
	_delay_ms(A_f64StepDelay);
	//STEP4
	MDIO_vSetPinVal(STEPPER_PORT,STEPPER_PINK ,DIO_LOW);
    1d4a:	80 e0       	ldi	r24, 0x00	; 0
    1d4c:	60 e0       	ldi	r22, 0x00	; 0
    1d4e:	40 e0       	ldi	r20, 0x00	; 0
    1d50:	0e 94 c4 09 	call	0x1388	; 0x1388 <MDIO_vSetPinVal>
	MDIO_vSetPinVal(STEPPER_PORT,STEPPER_BLUE ,DIO_LOW);
    1d54:	80 e0       	ldi	r24, 0x00	; 0
    1d56:	61 e0       	ldi	r22, 0x01	; 1
    1d58:	40 e0       	ldi	r20, 0x00	; 0
    1d5a:	0e 94 c4 09 	call	0x1388	; 0x1388 <MDIO_vSetPinVal>
	MDIO_vSetPinVal(STEPPER_PORT,STEPPER_YELLOW ,DIO_LOW);
    1d5e:	80 e0       	ldi	r24, 0x00	; 0
    1d60:	62 e0       	ldi	r22, 0x02	; 2
    1d62:	40 e0       	ldi	r20, 0x00	; 0
    1d64:	0e 94 c4 09 	call	0x1388	; 0x1388 <MDIO_vSetPinVal>
	MDIO_vSetPinVal(STEPPER_PORT,STEPPER_ORANGE ,DIO_HIGH);
    1d68:	80 e0       	ldi	r24, 0x00	; 0
    1d6a:	63 e0       	ldi	r22, 0x03	; 3
    1d6c:	41 e0       	ldi	r20, 0x01	; 1
    1d6e:	0e 94 c4 09 	call	0x1388	; 0x1388 <MDIO_vSetPinVal>
    1d72:	89 ad       	ldd	r24, Y+57	; 0x39
    1d74:	9a ad       	ldd	r25, Y+58	; 0x3a
    1d76:	ab ad       	ldd	r26, Y+59	; 0x3b
    1d78:	bc ad       	ldd	r27, Y+60	; 0x3c
    1d7a:	8b 87       	std	Y+11, r24	; 0x0b
    1d7c:	9c 87       	std	Y+12, r25	; 0x0c
    1d7e:	ad 87       	std	Y+13, r26	; 0x0d
    1d80:	be 87       	std	Y+14, r27	; 0x0e
 */
void
_delay_ms(double __ms)
{
	uint16_t __ticks;
	double __tmp = ((F_CPU) / 4e3) * __ms;
    1d82:	6b 85       	ldd	r22, Y+11	; 0x0b
    1d84:	7c 85       	ldd	r23, Y+12	; 0x0c
    1d86:	8d 85       	ldd	r24, Y+13	; 0x0d
    1d88:	9e 85       	ldd	r25, Y+14	; 0x0e
    1d8a:	20 e0       	ldi	r18, 0x00	; 0
    1d8c:	30 e0       	ldi	r19, 0x00	; 0
    1d8e:	4a ef       	ldi	r20, 0xFA	; 250
    1d90:	54 e4       	ldi	r21, 0x44	; 68
    1d92:	0e 94 1f 02 	call	0x43e	; 0x43e <__mulsf3>
    1d96:	dc 01       	movw	r26, r24
    1d98:	cb 01       	movw	r24, r22
    1d9a:	8f 83       	std	Y+7, r24	; 0x07
    1d9c:	98 87       	std	Y+8, r25	; 0x08
    1d9e:	a9 87       	std	Y+9, r26	; 0x09
    1da0:	ba 87       	std	Y+10, r27	; 0x0a
	if (__tmp < 1.0)
    1da2:	6f 81       	ldd	r22, Y+7	; 0x07
    1da4:	78 85       	ldd	r23, Y+8	; 0x08
    1da6:	89 85       	ldd	r24, Y+9	; 0x09
    1da8:	9a 85       	ldd	r25, Y+10	; 0x0a
    1daa:	20 e0       	ldi	r18, 0x00	; 0
    1dac:	30 e0       	ldi	r19, 0x00	; 0
    1dae:	40 e8       	ldi	r20, 0x80	; 128
    1db0:	5f e3       	ldi	r21, 0x3F	; 63
    1db2:	0e 94 79 03 	call	0x6f2	; 0x6f2 <__ltsf2>
    1db6:	88 23       	and	r24, r24
    1db8:	2c f4       	brge	.+10     	; 0x1dc4 <HSTEPPER_vRotateCW+0x3ba>
		__ticks = 1;
    1dba:	81 e0       	ldi	r24, 0x01	; 1
    1dbc:	90 e0       	ldi	r25, 0x00	; 0
    1dbe:	9e 83       	std	Y+6, r25	; 0x06
    1dc0:	8d 83       	std	Y+5, r24	; 0x05
    1dc2:	3f c0       	rjmp	.+126    	; 0x1e42 <HSTEPPER_vRotateCW+0x438>
	else if (__tmp > 65535)
    1dc4:	6f 81       	ldd	r22, Y+7	; 0x07
    1dc6:	78 85       	ldd	r23, Y+8	; 0x08
    1dc8:	89 85       	ldd	r24, Y+9	; 0x09
    1dca:	9a 85       	ldd	r25, Y+10	; 0x0a
    1dcc:	20 e0       	ldi	r18, 0x00	; 0
    1dce:	3f ef       	ldi	r19, 0xFF	; 255
    1dd0:	4f e7       	ldi	r20, 0x7F	; 127
    1dd2:	57 e4       	ldi	r21, 0x47	; 71
    1dd4:	0e 94 19 03 	call	0x632	; 0x632 <__gtsf2>
    1dd8:	18 16       	cp	r1, r24
    1dda:	4c f5       	brge	.+82     	; 0x1e2e <HSTEPPER_vRotateCW+0x424>
	{
		//	__ticks = requested delay in 1/10 ms
		__ticks = (uint16_t) (__ms * 10.0);
    1ddc:	6b 85       	ldd	r22, Y+11	; 0x0b
    1dde:	7c 85       	ldd	r23, Y+12	; 0x0c
    1de0:	8d 85       	ldd	r24, Y+13	; 0x0d
    1de2:	9e 85       	ldd	r25, Y+14	; 0x0e
    1de4:	20 e0       	ldi	r18, 0x00	; 0
    1de6:	30 e0       	ldi	r19, 0x00	; 0
    1de8:	40 e2       	ldi	r20, 0x20	; 32
    1dea:	51 e4       	ldi	r21, 0x41	; 65
    1dec:	0e 94 1f 02 	call	0x43e	; 0x43e <__mulsf3>
    1df0:	dc 01       	movw	r26, r24
    1df2:	cb 01       	movw	r24, r22
    1df4:	bc 01       	movw	r22, r24
    1df6:	cd 01       	movw	r24, r26
    1df8:	0e 94 49 00 	call	0x92	; 0x92 <__fixunssfsi>
    1dfc:	dc 01       	movw	r26, r24
    1dfe:	cb 01       	movw	r24, r22
    1e00:	9e 83       	std	Y+6, r25	; 0x06
    1e02:	8d 83       	std	Y+5, r24	; 0x05
    1e04:	0f c0       	rjmp	.+30     	; 0x1e24 <HSTEPPER_vRotateCW+0x41a>
    1e06:	88 ec       	ldi	r24, 0xC8	; 200
    1e08:	90 e0       	ldi	r25, 0x00	; 0
    1e0a:	9c 83       	std	Y+4, r25	; 0x04
    1e0c:	8b 83       	std	Y+3, r24	; 0x03
    1e0e:	8b 81       	ldd	r24, Y+3	; 0x03
    1e10:	9c 81       	ldd	r25, Y+4	; 0x04
    1e12:	01 97       	sbiw	r24, 0x01	; 1
    1e14:	f1 f7       	brne	.-4      	; 0x1e12 <HSTEPPER_vRotateCW+0x408>
    1e16:	9c 83       	std	Y+4, r25	; 0x04
    1e18:	8b 83       	std	Y+3, r24	; 0x03
		while(__ticks)
		{
			// wait 1/10 ms
			_delay_loop_2(((F_CPU) / 4e3) / 10);
			__ticks --;
    1e1a:	8d 81       	ldd	r24, Y+5	; 0x05
    1e1c:	9e 81       	ldd	r25, Y+6	; 0x06
    1e1e:	01 97       	sbiw	r24, 0x01	; 1
    1e20:	9e 83       	std	Y+6, r25	; 0x06
    1e22:	8d 83       	std	Y+5, r24	; 0x05
		__ticks = 1;
	else if (__tmp > 65535)
	{
		//	__ticks = requested delay in 1/10 ms
		__ticks = (uint16_t) (__ms * 10.0);
		while(__ticks)
    1e24:	8d 81       	ldd	r24, Y+5	; 0x05
    1e26:	9e 81       	ldd	r25, Y+6	; 0x06
    1e28:	00 97       	sbiw	r24, 0x00	; 0
    1e2a:	69 f7       	brne	.-38     	; 0x1e06 <HSTEPPER_vRotateCW+0x3fc>
    1e2c:	14 c0       	rjmp	.+40     	; 0x1e56 <HSTEPPER_vRotateCW+0x44c>
			__ticks --;
		}
		return;
	}
	else
		__ticks = (uint16_t)__tmp;
    1e2e:	6f 81       	ldd	r22, Y+7	; 0x07
    1e30:	78 85       	ldd	r23, Y+8	; 0x08
    1e32:	89 85       	ldd	r24, Y+9	; 0x09
    1e34:	9a 85       	ldd	r25, Y+10	; 0x0a
    1e36:	0e 94 49 00 	call	0x92	; 0x92 <__fixunssfsi>
    1e3a:	dc 01       	movw	r26, r24
    1e3c:	cb 01       	movw	r24, r22
    1e3e:	9e 83       	std	Y+6, r25	; 0x06
    1e40:	8d 83       	std	Y+5, r24	; 0x05
    1e42:	8d 81       	ldd	r24, Y+5	; 0x05
    1e44:	9e 81       	ldd	r25, Y+6	; 0x06
    1e46:	9a 83       	std	Y+2, r25	; 0x02
    1e48:	89 83       	std	Y+1, r24	; 0x01
    1e4a:	89 81       	ldd	r24, Y+1	; 0x01
    1e4c:	9a 81       	ldd	r25, Y+2	; 0x02
    1e4e:	01 97       	sbiw	r24, 0x01	; 1
    1e50:	f1 f7       	brne	.-4      	; 0x1e4e <HSTEPPER_vRotateCW+0x444>
    1e52:	9a 83       	std	Y+2, r25	; 0x02
    1e54:	89 83       	std	Y+1, r24	; 0x01
	_delay_ms(A_f64StepDelay);

}
    1e56:	ec 96       	adiw	r28, 0x3c	; 60
    1e58:	0f b6       	in	r0, 0x3f	; 63
    1e5a:	f8 94       	cli
    1e5c:	de bf       	out	0x3e, r29	; 62
    1e5e:	0f be       	out	0x3f, r0	; 63
    1e60:	cd bf       	out	0x3d, r28	; 61
    1e62:	cf 91       	pop	r28
    1e64:	df 91       	pop	r29
    1e66:	08 95       	ret

00001e68 <HSTEPPER_vRotateCCW>:
void HSTEPPER_vRotateCCW(f64 A_f64StepDelay)
{
    1e68:	df 93       	push	r29
    1e6a:	cf 93       	push	r28
    1e6c:	cd b7       	in	r28, 0x3d	; 61
    1e6e:	de b7       	in	r29, 0x3e	; 62
    1e70:	ec 97       	sbiw	r28, 0x3c	; 60
    1e72:	0f b6       	in	r0, 0x3f	; 63
    1e74:	f8 94       	cli
    1e76:	de bf       	out	0x3e, r29	; 62
    1e78:	0f be       	out	0x3f, r0	; 63
    1e7a:	cd bf       	out	0x3d, r28	; 61
    1e7c:	69 af       	std	Y+57, r22	; 0x39
    1e7e:	7a af       	std	Y+58, r23	; 0x3a
    1e80:	8b af       	std	Y+59, r24	; 0x3b
    1e82:	9c af       	std	Y+60, r25	; 0x3c
	//STEP1
	MDIO_vSetPinVal(STEPPER_PORT,STEPPER_PINK ,DIO_LOW);
    1e84:	80 e0       	ldi	r24, 0x00	; 0
    1e86:	60 e0       	ldi	r22, 0x00	; 0
    1e88:	40 e0       	ldi	r20, 0x00	; 0
    1e8a:	0e 94 c4 09 	call	0x1388	; 0x1388 <MDIO_vSetPinVal>
	MDIO_vSetPinVal(STEPPER_PORT,STEPPER_BLUE ,DIO_LOW);
    1e8e:	80 e0       	ldi	r24, 0x00	; 0
    1e90:	61 e0       	ldi	r22, 0x01	; 1
    1e92:	40 e0       	ldi	r20, 0x00	; 0
    1e94:	0e 94 c4 09 	call	0x1388	; 0x1388 <MDIO_vSetPinVal>
	MDIO_vSetPinVal(STEPPER_PORT,STEPPER_YELLOW ,DIO_LOW);
    1e98:	80 e0       	ldi	r24, 0x00	; 0
    1e9a:	62 e0       	ldi	r22, 0x02	; 2
    1e9c:	40 e0       	ldi	r20, 0x00	; 0
    1e9e:	0e 94 c4 09 	call	0x1388	; 0x1388 <MDIO_vSetPinVal>
	MDIO_vSetPinVal(STEPPER_PORT,STEPPER_ORANGE ,DIO_HIGH);
    1ea2:	80 e0       	ldi	r24, 0x00	; 0
    1ea4:	63 e0       	ldi	r22, 0x03	; 3
    1ea6:	41 e0       	ldi	r20, 0x01	; 1
    1ea8:	0e 94 c4 09 	call	0x1388	; 0x1388 <MDIO_vSetPinVal>
    1eac:	89 ad       	ldd	r24, Y+57	; 0x39
    1eae:	9a ad       	ldd	r25, Y+58	; 0x3a
    1eb0:	ab ad       	ldd	r26, Y+59	; 0x3b
    1eb2:	bc ad       	ldd	r27, Y+60	; 0x3c
    1eb4:	8d ab       	std	Y+53, r24	; 0x35
    1eb6:	9e ab       	std	Y+54, r25	; 0x36
    1eb8:	af ab       	std	Y+55, r26	; 0x37
    1eba:	b8 af       	std	Y+56, r27	; 0x38
 */
void
_delay_ms(double __ms)
{
	uint16_t __ticks;
	double __tmp = ((F_CPU) / 4e3) * __ms;
    1ebc:	6d a9       	ldd	r22, Y+53	; 0x35
    1ebe:	7e a9       	ldd	r23, Y+54	; 0x36
    1ec0:	8f a9       	ldd	r24, Y+55	; 0x37
    1ec2:	98 ad       	ldd	r25, Y+56	; 0x38
    1ec4:	20 e0       	ldi	r18, 0x00	; 0
    1ec6:	30 e0       	ldi	r19, 0x00	; 0
    1ec8:	4a ef       	ldi	r20, 0xFA	; 250
    1eca:	54 e4       	ldi	r21, 0x44	; 68
    1ecc:	0e 94 1f 02 	call	0x43e	; 0x43e <__mulsf3>
    1ed0:	dc 01       	movw	r26, r24
    1ed2:	cb 01       	movw	r24, r22
    1ed4:	89 ab       	std	Y+49, r24	; 0x31
    1ed6:	9a ab       	std	Y+50, r25	; 0x32
    1ed8:	ab ab       	std	Y+51, r26	; 0x33
    1eda:	bc ab       	std	Y+52, r27	; 0x34
	if (__tmp < 1.0)
    1edc:	69 a9       	ldd	r22, Y+49	; 0x31
    1ede:	7a a9       	ldd	r23, Y+50	; 0x32
    1ee0:	8b a9       	ldd	r24, Y+51	; 0x33
    1ee2:	9c a9       	ldd	r25, Y+52	; 0x34
    1ee4:	20 e0       	ldi	r18, 0x00	; 0
    1ee6:	30 e0       	ldi	r19, 0x00	; 0
    1ee8:	40 e8       	ldi	r20, 0x80	; 128
    1eea:	5f e3       	ldi	r21, 0x3F	; 63
    1eec:	0e 94 79 03 	call	0x6f2	; 0x6f2 <__ltsf2>
    1ef0:	88 23       	and	r24, r24
    1ef2:	2c f4       	brge	.+10     	; 0x1efe <HSTEPPER_vRotateCCW+0x96>
		__ticks = 1;
    1ef4:	81 e0       	ldi	r24, 0x01	; 1
    1ef6:	90 e0       	ldi	r25, 0x00	; 0
    1ef8:	98 ab       	std	Y+48, r25	; 0x30
    1efa:	8f a7       	std	Y+47, r24	; 0x2f
    1efc:	3f c0       	rjmp	.+126    	; 0x1f7c <HSTEPPER_vRotateCCW+0x114>
	else if (__tmp > 65535)
    1efe:	69 a9       	ldd	r22, Y+49	; 0x31
    1f00:	7a a9       	ldd	r23, Y+50	; 0x32
    1f02:	8b a9       	ldd	r24, Y+51	; 0x33
    1f04:	9c a9       	ldd	r25, Y+52	; 0x34
    1f06:	20 e0       	ldi	r18, 0x00	; 0
    1f08:	3f ef       	ldi	r19, 0xFF	; 255
    1f0a:	4f e7       	ldi	r20, 0x7F	; 127
    1f0c:	57 e4       	ldi	r21, 0x47	; 71
    1f0e:	0e 94 19 03 	call	0x632	; 0x632 <__gtsf2>
    1f12:	18 16       	cp	r1, r24
    1f14:	4c f5       	brge	.+82     	; 0x1f68 <HSTEPPER_vRotateCCW+0x100>
	{
		//	__ticks = requested delay in 1/10 ms
		__ticks = (uint16_t) (__ms * 10.0);
    1f16:	6d a9       	ldd	r22, Y+53	; 0x35
    1f18:	7e a9       	ldd	r23, Y+54	; 0x36
    1f1a:	8f a9       	ldd	r24, Y+55	; 0x37
    1f1c:	98 ad       	ldd	r25, Y+56	; 0x38
    1f1e:	20 e0       	ldi	r18, 0x00	; 0
    1f20:	30 e0       	ldi	r19, 0x00	; 0
    1f22:	40 e2       	ldi	r20, 0x20	; 32
    1f24:	51 e4       	ldi	r21, 0x41	; 65
    1f26:	0e 94 1f 02 	call	0x43e	; 0x43e <__mulsf3>
    1f2a:	dc 01       	movw	r26, r24
    1f2c:	cb 01       	movw	r24, r22
    1f2e:	bc 01       	movw	r22, r24
    1f30:	cd 01       	movw	r24, r26
    1f32:	0e 94 49 00 	call	0x92	; 0x92 <__fixunssfsi>
    1f36:	dc 01       	movw	r26, r24
    1f38:	cb 01       	movw	r24, r22
    1f3a:	98 ab       	std	Y+48, r25	; 0x30
    1f3c:	8f a7       	std	Y+47, r24	; 0x2f
    1f3e:	0f c0       	rjmp	.+30     	; 0x1f5e <HSTEPPER_vRotateCCW+0xf6>
    1f40:	88 ec       	ldi	r24, 0xC8	; 200
    1f42:	90 e0       	ldi	r25, 0x00	; 0
    1f44:	9e a7       	std	Y+46, r25	; 0x2e
    1f46:	8d a7       	std	Y+45, r24	; 0x2d
    1f48:	8d a5       	ldd	r24, Y+45	; 0x2d
    1f4a:	9e a5       	ldd	r25, Y+46	; 0x2e
    1f4c:	01 97       	sbiw	r24, 0x01	; 1
    1f4e:	f1 f7       	brne	.-4      	; 0x1f4c <HSTEPPER_vRotateCCW+0xe4>
    1f50:	9e a7       	std	Y+46, r25	; 0x2e
    1f52:	8d a7       	std	Y+45, r24	; 0x2d
		while(__ticks)
		{
			// wait 1/10 ms
			_delay_loop_2(((F_CPU) / 4e3) / 10);
			__ticks --;
    1f54:	8f a5       	ldd	r24, Y+47	; 0x2f
    1f56:	98 a9       	ldd	r25, Y+48	; 0x30
    1f58:	01 97       	sbiw	r24, 0x01	; 1
    1f5a:	98 ab       	std	Y+48, r25	; 0x30
    1f5c:	8f a7       	std	Y+47, r24	; 0x2f
		__ticks = 1;
	else if (__tmp > 65535)
	{
		//	__ticks = requested delay in 1/10 ms
		__ticks = (uint16_t) (__ms * 10.0);
		while(__ticks)
    1f5e:	8f a5       	ldd	r24, Y+47	; 0x2f
    1f60:	98 a9       	ldd	r25, Y+48	; 0x30
    1f62:	00 97       	sbiw	r24, 0x00	; 0
    1f64:	69 f7       	brne	.-38     	; 0x1f40 <HSTEPPER_vRotateCCW+0xd8>
    1f66:	14 c0       	rjmp	.+40     	; 0x1f90 <HSTEPPER_vRotateCCW+0x128>
			__ticks --;
		}
		return;
	}
	else
		__ticks = (uint16_t)__tmp;
    1f68:	69 a9       	ldd	r22, Y+49	; 0x31
    1f6a:	7a a9       	ldd	r23, Y+50	; 0x32
    1f6c:	8b a9       	ldd	r24, Y+51	; 0x33
    1f6e:	9c a9       	ldd	r25, Y+52	; 0x34
    1f70:	0e 94 49 00 	call	0x92	; 0x92 <__fixunssfsi>
    1f74:	dc 01       	movw	r26, r24
    1f76:	cb 01       	movw	r24, r22
    1f78:	98 ab       	std	Y+48, r25	; 0x30
    1f7a:	8f a7       	std	Y+47, r24	; 0x2f
    1f7c:	8f a5       	ldd	r24, Y+47	; 0x2f
    1f7e:	98 a9       	ldd	r25, Y+48	; 0x30
    1f80:	9c a7       	std	Y+44, r25	; 0x2c
    1f82:	8b a7       	std	Y+43, r24	; 0x2b
    1f84:	8b a5       	ldd	r24, Y+43	; 0x2b
    1f86:	9c a5       	ldd	r25, Y+44	; 0x2c
    1f88:	01 97       	sbiw	r24, 0x01	; 1
    1f8a:	f1 f7       	brne	.-4      	; 0x1f88 <HSTEPPER_vRotateCCW+0x120>
    1f8c:	9c a7       	std	Y+44, r25	; 0x2c
    1f8e:	8b a7       	std	Y+43, r24	; 0x2b
	_delay_ms(A_f64StepDelay);
	//STEP2
	MDIO_vSetPinVal(STEPPER_PORT,STEPPER_PINK ,DIO_LOW);
    1f90:	80 e0       	ldi	r24, 0x00	; 0
    1f92:	60 e0       	ldi	r22, 0x00	; 0
    1f94:	40 e0       	ldi	r20, 0x00	; 0
    1f96:	0e 94 c4 09 	call	0x1388	; 0x1388 <MDIO_vSetPinVal>
	MDIO_vSetPinVal(STEPPER_PORT,STEPPER_BLUE ,DIO_LOW);
    1f9a:	80 e0       	ldi	r24, 0x00	; 0
    1f9c:	61 e0       	ldi	r22, 0x01	; 1
    1f9e:	40 e0       	ldi	r20, 0x00	; 0
    1fa0:	0e 94 c4 09 	call	0x1388	; 0x1388 <MDIO_vSetPinVal>
	MDIO_vSetPinVal(STEPPER_PORT,STEPPER_YELLOW ,DIO_HIGH);
    1fa4:	80 e0       	ldi	r24, 0x00	; 0
    1fa6:	62 e0       	ldi	r22, 0x02	; 2
    1fa8:	41 e0       	ldi	r20, 0x01	; 1
    1faa:	0e 94 c4 09 	call	0x1388	; 0x1388 <MDIO_vSetPinVal>
	MDIO_vSetPinVal(STEPPER_PORT,STEPPER_ORANGE ,DIO_LOW);
    1fae:	80 e0       	ldi	r24, 0x00	; 0
    1fb0:	63 e0       	ldi	r22, 0x03	; 3
    1fb2:	40 e0       	ldi	r20, 0x00	; 0
    1fb4:	0e 94 c4 09 	call	0x1388	; 0x1388 <MDIO_vSetPinVal>
    1fb8:	89 ad       	ldd	r24, Y+57	; 0x39
    1fba:	9a ad       	ldd	r25, Y+58	; 0x3a
    1fbc:	ab ad       	ldd	r26, Y+59	; 0x3b
    1fbe:	bc ad       	ldd	r27, Y+60	; 0x3c
    1fc0:	8f a3       	std	Y+39, r24	; 0x27
    1fc2:	98 a7       	std	Y+40, r25	; 0x28
    1fc4:	a9 a7       	std	Y+41, r26	; 0x29
    1fc6:	ba a7       	std	Y+42, r27	; 0x2a
 */
void
_delay_ms(double __ms)
{
	uint16_t __ticks;
	double __tmp = ((F_CPU) / 4e3) * __ms;
    1fc8:	6f a1       	ldd	r22, Y+39	; 0x27
    1fca:	78 a5       	ldd	r23, Y+40	; 0x28
    1fcc:	89 a5       	ldd	r24, Y+41	; 0x29
    1fce:	9a a5       	ldd	r25, Y+42	; 0x2a
    1fd0:	20 e0       	ldi	r18, 0x00	; 0
    1fd2:	30 e0       	ldi	r19, 0x00	; 0
    1fd4:	4a ef       	ldi	r20, 0xFA	; 250
    1fd6:	54 e4       	ldi	r21, 0x44	; 68
    1fd8:	0e 94 1f 02 	call	0x43e	; 0x43e <__mulsf3>
    1fdc:	dc 01       	movw	r26, r24
    1fde:	cb 01       	movw	r24, r22
    1fe0:	8b a3       	std	Y+35, r24	; 0x23
    1fe2:	9c a3       	std	Y+36, r25	; 0x24
    1fe4:	ad a3       	std	Y+37, r26	; 0x25
    1fe6:	be a3       	std	Y+38, r27	; 0x26
	if (__tmp < 1.0)
    1fe8:	6b a1       	ldd	r22, Y+35	; 0x23
    1fea:	7c a1       	ldd	r23, Y+36	; 0x24
    1fec:	8d a1       	ldd	r24, Y+37	; 0x25
    1fee:	9e a1       	ldd	r25, Y+38	; 0x26
    1ff0:	20 e0       	ldi	r18, 0x00	; 0
    1ff2:	30 e0       	ldi	r19, 0x00	; 0
    1ff4:	40 e8       	ldi	r20, 0x80	; 128
    1ff6:	5f e3       	ldi	r21, 0x3F	; 63
    1ff8:	0e 94 79 03 	call	0x6f2	; 0x6f2 <__ltsf2>
    1ffc:	88 23       	and	r24, r24
    1ffe:	2c f4       	brge	.+10     	; 0x200a <HSTEPPER_vRotateCCW+0x1a2>
		__ticks = 1;
    2000:	81 e0       	ldi	r24, 0x01	; 1
    2002:	90 e0       	ldi	r25, 0x00	; 0
    2004:	9a a3       	std	Y+34, r25	; 0x22
    2006:	89 a3       	std	Y+33, r24	; 0x21
    2008:	3f c0       	rjmp	.+126    	; 0x2088 <HSTEPPER_vRotateCCW+0x220>
	else if (__tmp > 65535)
    200a:	6b a1       	ldd	r22, Y+35	; 0x23
    200c:	7c a1       	ldd	r23, Y+36	; 0x24
    200e:	8d a1       	ldd	r24, Y+37	; 0x25
    2010:	9e a1       	ldd	r25, Y+38	; 0x26
    2012:	20 e0       	ldi	r18, 0x00	; 0
    2014:	3f ef       	ldi	r19, 0xFF	; 255
    2016:	4f e7       	ldi	r20, 0x7F	; 127
    2018:	57 e4       	ldi	r21, 0x47	; 71
    201a:	0e 94 19 03 	call	0x632	; 0x632 <__gtsf2>
    201e:	18 16       	cp	r1, r24
    2020:	4c f5       	brge	.+82     	; 0x2074 <HSTEPPER_vRotateCCW+0x20c>
	{
		//	__ticks = requested delay in 1/10 ms
		__ticks = (uint16_t) (__ms * 10.0);
    2022:	6f a1       	ldd	r22, Y+39	; 0x27
    2024:	78 a5       	ldd	r23, Y+40	; 0x28
    2026:	89 a5       	ldd	r24, Y+41	; 0x29
    2028:	9a a5       	ldd	r25, Y+42	; 0x2a
    202a:	20 e0       	ldi	r18, 0x00	; 0
    202c:	30 e0       	ldi	r19, 0x00	; 0
    202e:	40 e2       	ldi	r20, 0x20	; 32
    2030:	51 e4       	ldi	r21, 0x41	; 65
    2032:	0e 94 1f 02 	call	0x43e	; 0x43e <__mulsf3>
    2036:	dc 01       	movw	r26, r24
    2038:	cb 01       	movw	r24, r22
    203a:	bc 01       	movw	r22, r24
    203c:	cd 01       	movw	r24, r26
    203e:	0e 94 49 00 	call	0x92	; 0x92 <__fixunssfsi>
    2042:	dc 01       	movw	r26, r24
    2044:	cb 01       	movw	r24, r22
    2046:	9a a3       	std	Y+34, r25	; 0x22
    2048:	89 a3       	std	Y+33, r24	; 0x21
    204a:	0f c0       	rjmp	.+30     	; 0x206a <HSTEPPER_vRotateCCW+0x202>
    204c:	88 ec       	ldi	r24, 0xC8	; 200
    204e:	90 e0       	ldi	r25, 0x00	; 0
    2050:	98 a3       	std	Y+32, r25	; 0x20
    2052:	8f 8f       	std	Y+31, r24	; 0x1f
    2054:	8f 8d       	ldd	r24, Y+31	; 0x1f
    2056:	98 a1       	ldd	r25, Y+32	; 0x20
    2058:	01 97       	sbiw	r24, 0x01	; 1
    205a:	f1 f7       	brne	.-4      	; 0x2058 <HSTEPPER_vRotateCCW+0x1f0>
    205c:	98 a3       	std	Y+32, r25	; 0x20
    205e:	8f 8f       	std	Y+31, r24	; 0x1f
		while(__ticks)
		{
			// wait 1/10 ms
			_delay_loop_2(((F_CPU) / 4e3) / 10);
			__ticks --;
    2060:	89 a1       	ldd	r24, Y+33	; 0x21
    2062:	9a a1       	ldd	r25, Y+34	; 0x22
    2064:	01 97       	sbiw	r24, 0x01	; 1
    2066:	9a a3       	std	Y+34, r25	; 0x22
    2068:	89 a3       	std	Y+33, r24	; 0x21
		__ticks = 1;
	else if (__tmp > 65535)
	{
		//	__ticks = requested delay in 1/10 ms
		__ticks = (uint16_t) (__ms * 10.0);
		while(__ticks)
    206a:	89 a1       	ldd	r24, Y+33	; 0x21
    206c:	9a a1       	ldd	r25, Y+34	; 0x22
    206e:	00 97       	sbiw	r24, 0x00	; 0
    2070:	69 f7       	brne	.-38     	; 0x204c <HSTEPPER_vRotateCCW+0x1e4>
    2072:	14 c0       	rjmp	.+40     	; 0x209c <HSTEPPER_vRotateCCW+0x234>
			__ticks --;
		}
		return;
	}
	else
		__ticks = (uint16_t)__tmp;
    2074:	6b a1       	ldd	r22, Y+35	; 0x23
    2076:	7c a1       	ldd	r23, Y+36	; 0x24
    2078:	8d a1       	ldd	r24, Y+37	; 0x25
    207a:	9e a1       	ldd	r25, Y+38	; 0x26
    207c:	0e 94 49 00 	call	0x92	; 0x92 <__fixunssfsi>
    2080:	dc 01       	movw	r26, r24
    2082:	cb 01       	movw	r24, r22
    2084:	9a a3       	std	Y+34, r25	; 0x22
    2086:	89 a3       	std	Y+33, r24	; 0x21
    2088:	89 a1       	ldd	r24, Y+33	; 0x21
    208a:	9a a1       	ldd	r25, Y+34	; 0x22
    208c:	9e 8f       	std	Y+30, r25	; 0x1e
    208e:	8d 8f       	std	Y+29, r24	; 0x1d
    2090:	8d 8d       	ldd	r24, Y+29	; 0x1d
    2092:	9e 8d       	ldd	r25, Y+30	; 0x1e
    2094:	01 97       	sbiw	r24, 0x01	; 1
    2096:	f1 f7       	brne	.-4      	; 0x2094 <HSTEPPER_vRotateCCW+0x22c>
    2098:	9e 8f       	std	Y+30, r25	; 0x1e
    209a:	8d 8f       	std	Y+29, r24	; 0x1d
	_delay_ms(A_f64StepDelay);
	//STEP3
	MDIO_vSetPinVal(STEPPER_PORT,STEPPER_PINK ,DIO_LOW);
    209c:	80 e0       	ldi	r24, 0x00	; 0
    209e:	60 e0       	ldi	r22, 0x00	; 0
    20a0:	40 e0       	ldi	r20, 0x00	; 0
    20a2:	0e 94 c4 09 	call	0x1388	; 0x1388 <MDIO_vSetPinVal>
	MDIO_vSetPinVal(STEPPER_PORT,STEPPER_BLUE ,DIO_HIGH);
    20a6:	80 e0       	ldi	r24, 0x00	; 0
    20a8:	61 e0       	ldi	r22, 0x01	; 1
    20aa:	41 e0       	ldi	r20, 0x01	; 1
    20ac:	0e 94 c4 09 	call	0x1388	; 0x1388 <MDIO_vSetPinVal>
	MDIO_vSetPinVal(STEPPER_PORT,STEPPER_YELLOW ,DIO_LOW);
    20b0:	80 e0       	ldi	r24, 0x00	; 0
    20b2:	62 e0       	ldi	r22, 0x02	; 2
    20b4:	40 e0       	ldi	r20, 0x00	; 0
    20b6:	0e 94 c4 09 	call	0x1388	; 0x1388 <MDIO_vSetPinVal>
	MDIO_vSetPinVal(STEPPER_PORT,STEPPER_ORANGE ,DIO_LOW);
    20ba:	80 e0       	ldi	r24, 0x00	; 0
    20bc:	63 e0       	ldi	r22, 0x03	; 3
    20be:	40 e0       	ldi	r20, 0x00	; 0
    20c0:	0e 94 c4 09 	call	0x1388	; 0x1388 <MDIO_vSetPinVal>
    20c4:	89 ad       	ldd	r24, Y+57	; 0x39
    20c6:	9a ad       	ldd	r25, Y+58	; 0x3a
    20c8:	ab ad       	ldd	r26, Y+59	; 0x3b
    20ca:	bc ad       	ldd	r27, Y+60	; 0x3c
    20cc:	89 8f       	std	Y+25, r24	; 0x19
    20ce:	9a 8f       	std	Y+26, r25	; 0x1a
    20d0:	ab 8f       	std	Y+27, r26	; 0x1b
    20d2:	bc 8f       	std	Y+28, r27	; 0x1c
 */
void
_delay_ms(double __ms)
{
	uint16_t __ticks;
	double __tmp = ((F_CPU) / 4e3) * __ms;
    20d4:	69 8d       	ldd	r22, Y+25	; 0x19
    20d6:	7a 8d       	ldd	r23, Y+26	; 0x1a
    20d8:	8b 8d       	ldd	r24, Y+27	; 0x1b
    20da:	9c 8d       	ldd	r25, Y+28	; 0x1c
    20dc:	20 e0       	ldi	r18, 0x00	; 0
    20de:	30 e0       	ldi	r19, 0x00	; 0
    20e0:	4a ef       	ldi	r20, 0xFA	; 250
    20e2:	54 e4       	ldi	r21, 0x44	; 68
    20e4:	0e 94 1f 02 	call	0x43e	; 0x43e <__mulsf3>
    20e8:	dc 01       	movw	r26, r24
    20ea:	cb 01       	movw	r24, r22
    20ec:	8d 8b       	std	Y+21, r24	; 0x15
    20ee:	9e 8b       	std	Y+22, r25	; 0x16
    20f0:	af 8b       	std	Y+23, r26	; 0x17
    20f2:	b8 8f       	std	Y+24, r27	; 0x18
	if (__tmp < 1.0)
    20f4:	6d 89       	ldd	r22, Y+21	; 0x15
    20f6:	7e 89       	ldd	r23, Y+22	; 0x16
    20f8:	8f 89       	ldd	r24, Y+23	; 0x17
    20fa:	98 8d       	ldd	r25, Y+24	; 0x18
    20fc:	20 e0       	ldi	r18, 0x00	; 0
    20fe:	30 e0       	ldi	r19, 0x00	; 0
    2100:	40 e8       	ldi	r20, 0x80	; 128
    2102:	5f e3       	ldi	r21, 0x3F	; 63
    2104:	0e 94 79 03 	call	0x6f2	; 0x6f2 <__ltsf2>
    2108:	88 23       	and	r24, r24
    210a:	2c f4       	brge	.+10     	; 0x2116 <HSTEPPER_vRotateCCW+0x2ae>
		__ticks = 1;
    210c:	81 e0       	ldi	r24, 0x01	; 1
    210e:	90 e0       	ldi	r25, 0x00	; 0
    2110:	9c 8b       	std	Y+20, r25	; 0x14
    2112:	8b 8b       	std	Y+19, r24	; 0x13
    2114:	3f c0       	rjmp	.+126    	; 0x2194 <HSTEPPER_vRotateCCW+0x32c>
	else if (__tmp > 65535)
    2116:	6d 89       	ldd	r22, Y+21	; 0x15
    2118:	7e 89       	ldd	r23, Y+22	; 0x16
    211a:	8f 89       	ldd	r24, Y+23	; 0x17
    211c:	98 8d       	ldd	r25, Y+24	; 0x18
    211e:	20 e0       	ldi	r18, 0x00	; 0
    2120:	3f ef       	ldi	r19, 0xFF	; 255
    2122:	4f e7       	ldi	r20, 0x7F	; 127
    2124:	57 e4       	ldi	r21, 0x47	; 71
    2126:	0e 94 19 03 	call	0x632	; 0x632 <__gtsf2>
    212a:	18 16       	cp	r1, r24
    212c:	4c f5       	brge	.+82     	; 0x2180 <HSTEPPER_vRotateCCW+0x318>
	{
		//	__ticks = requested delay in 1/10 ms
		__ticks = (uint16_t) (__ms * 10.0);
    212e:	69 8d       	ldd	r22, Y+25	; 0x19
    2130:	7a 8d       	ldd	r23, Y+26	; 0x1a
    2132:	8b 8d       	ldd	r24, Y+27	; 0x1b
    2134:	9c 8d       	ldd	r25, Y+28	; 0x1c
    2136:	20 e0       	ldi	r18, 0x00	; 0
    2138:	30 e0       	ldi	r19, 0x00	; 0
    213a:	40 e2       	ldi	r20, 0x20	; 32
    213c:	51 e4       	ldi	r21, 0x41	; 65
    213e:	0e 94 1f 02 	call	0x43e	; 0x43e <__mulsf3>
    2142:	dc 01       	movw	r26, r24
    2144:	cb 01       	movw	r24, r22
    2146:	bc 01       	movw	r22, r24
    2148:	cd 01       	movw	r24, r26
    214a:	0e 94 49 00 	call	0x92	; 0x92 <__fixunssfsi>
    214e:	dc 01       	movw	r26, r24
    2150:	cb 01       	movw	r24, r22
    2152:	9c 8b       	std	Y+20, r25	; 0x14
    2154:	8b 8b       	std	Y+19, r24	; 0x13
    2156:	0f c0       	rjmp	.+30     	; 0x2176 <HSTEPPER_vRotateCCW+0x30e>
    2158:	88 ec       	ldi	r24, 0xC8	; 200
    215a:	90 e0       	ldi	r25, 0x00	; 0
    215c:	9a 8b       	std	Y+18, r25	; 0x12
    215e:	89 8b       	std	Y+17, r24	; 0x11
    2160:	89 89       	ldd	r24, Y+17	; 0x11
    2162:	9a 89       	ldd	r25, Y+18	; 0x12
    2164:	01 97       	sbiw	r24, 0x01	; 1
    2166:	f1 f7       	brne	.-4      	; 0x2164 <HSTEPPER_vRotateCCW+0x2fc>
    2168:	9a 8b       	std	Y+18, r25	; 0x12
    216a:	89 8b       	std	Y+17, r24	; 0x11
		while(__ticks)
		{
			// wait 1/10 ms
			_delay_loop_2(((F_CPU) / 4e3) / 10);
			__ticks --;
    216c:	8b 89       	ldd	r24, Y+19	; 0x13
    216e:	9c 89       	ldd	r25, Y+20	; 0x14
    2170:	01 97       	sbiw	r24, 0x01	; 1
    2172:	9c 8b       	std	Y+20, r25	; 0x14
    2174:	8b 8b       	std	Y+19, r24	; 0x13
		__ticks = 1;
	else if (__tmp > 65535)
	{
		//	__ticks = requested delay in 1/10 ms
		__ticks = (uint16_t) (__ms * 10.0);
		while(__ticks)
    2176:	8b 89       	ldd	r24, Y+19	; 0x13
    2178:	9c 89       	ldd	r25, Y+20	; 0x14
    217a:	00 97       	sbiw	r24, 0x00	; 0
    217c:	69 f7       	brne	.-38     	; 0x2158 <HSTEPPER_vRotateCCW+0x2f0>
    217e:	14 c0       	rjmp	.+40     	; 0x21a8 <HSTEPPER_vRotateCCW+0x340>
			__ticks --;
		}
		return;
	}
	else
		__ticks = (uint16_t)__tmp;
    2180:	6d 89       	ldd	r22, Y+21	; 0x15
    2182:	7e 89       	ldd	r23, Y+22	; 0x16
    2184:	8f 89       	ldd	r24, Y+23	; 0x17
    2186:	98 8d       	ldd	r25, Y+24	; 0x18
    2188:	0e 94 49 00 	call	0x92	; 0x92 <__fixunssfsi>
    218c:	dc 01       	movw	r26, r24
    218e:	cb 01       	movw	r24, r22
    2190:	9c 8b       	std	Y+20, r25	; 0x14
    2192:	8b 8b       	std	Y+19, r24	; 0x13
    2194:	8b 89       	ldd	r24, Y+19	; 0x13
    2196:	9c 89       	ldd	r25, Y+20	; 0x14
    2198:	98 8b       	std	Y+16, r25	; 0x10
    219a:	8f 87       	std	Y+15, r24	; 0x0f
    219c:	8f 85       	ldd	r24, Y+15	; 0x0f
    219e:	98 89       	ldd	r25, Y+16	; 0x10
    21a0:	01 97       	sbiw	r24, 0x01	; 1
    21a2:	f1 f7       	brne	.-4      	; 0x21a0 <HSTEPPER_vRotateCCW+0x338>
    21a4:	98 8b       	std	Y+16, r25	; 0x10
    21a6:	8f 87       	std	Y+15, r24	; 0x0f
	_delay_ms(A_f64StepDelay);
	//STEP4
	MDIO_vSetPinVal(STEPPER_PORT,STEPPER_PINK ,DIO_HIGH);
    21a8:	80 e0       	ldi	r24, 0x00	; 0
    21aa:	60 e0       	ldi	r22, 0x00	; 0
    21ac:	41 e0       	ldi	r20, 0x01	; 1
    21ae:	0e 94 c4 09 	call	0x1388	; 0x1388 <MDIO_vSetPinVal>
	MDIO_vSetPinVal(STEPPER_PORT,STEPPER_BLUE ,DIO_LOW);
    21b2:	80 e0       	ldi	r24, 0x00	; 0
    21b4:	61 e0       	ldi	r22, 0x01	; 1
    21b6:	40 e0       	ldi	r20, 0x00	; 0
    21b8:	0e 94 c4 09 	call	0x1388	; 0x1388 <MDIO_vSetPinVal>
	MDIO_vSetPinVal(STEPPER_PORT,STEPPER_YELLOW ,DIO_LOW);
    21bc:	80 e0       	ldi	r24, 0x00	; 0
    21be:	62 e0       	ldi	r22, 0x02	; 2
    21c0:	40 e0       	ldi	r20, 0x00	; 0
    21c2:	0e 94 c4 09 	call	0x1388	; 0x1388 <MDIO_vSetPinVal>
	MDIO_vSetPinVal(STEPPER_PORT,STEPPER_ORANGE ,DIO_LOW);
    21c6:	80 e0       	ldi	r24, 0x00	; 0
    21c8:	63 e0       	ldi	r22, 0x03	; 3
    21ca:	40 e0       	ldi	r20, 0x00	; 0
    21cc:	0e 94 c4 09 	call	0x1388	; 0x1388 <MDIO_vSetPinVal>
    21d0:	89 ad       	ldd	r24, Y+57	; 0x39
    21d2:	9a ad       	ldd	r25, Y+58	; 0x3a
    21d4:	ab ad       	ldd	r26, Y+59	; 0x3b
    21d6:	bc ad       	ldd	r27, Y+60	; 0x3c
    21d8:	8b 87       	std	Y+11, r24	; 0x0b
    21da:	9c 87       	std	Y+12, r25	; 0x0c
    21dc:	ad 87       	std	Y+13, r26	; 0x0d
    21de:	be 87       	std	Y+14, r27	; 0x0e
 */
void
_delay_ms(double __ms)
{
	uint16_t __ticks;
	double __tmp = ((F_CPU) / 4e3) * __ms;
    21e0:	6b 85       	ldd	r22, Y+11	; 0x0b
    21e2:	7c 85       	ldd	r23, Y+12	; 0x0c
    21e4:	8d 85       	ldd	r24, Y+13	; 0x0d
    21e6:	9e 85       	ldd	r25, Y+14	; 0x0e
    21e8:	20 e0       	ldi	r18, 0x00	; 0
    21ea:	30 e0       	ldi	r19, 0x00	; 0
    21ec:	4a ef       	ldi	r20, 0xFA	; 250
    21ee:	54 e4       	ldi	r21, 0x44	; 68
    21f0:	0e 94 1f 02 	call	0x43e	; 0x43e <__mulsf3>
    21f4:	dc 01       	movw	r26, r24
    21f6:	cb 01       	movw	r24, r22
    21f8:	8f 83       	std	Y+7, r24	; 0x07
    21fa:	98 87       	std	Y+8, r25	; 0x08
    21fc:	a9 87       	std	Y+9, r26	; 0x09
    21fe:	ba 87       	std	Y+10, r27	; 0x0a
	if (__tmp < 1.0)
    2200:	6f 81       	ldd	r22, Y+7	; 0x07
    2202:	78 85       	ldd	r23, Y+8	; 0x08
    2204:	89 85       	ldd	r24, Y+9	; 0x09
    2206:	9a 85       	ldd	r25, Y+10	; 0x0a
    2208:	20 e0       	ldi	r18, 0x00	; 0
    220a:	30 e0       	ldi	r19, 0x00	; 0
    220c:	40 e8       	ldi	r20, 0x80	; 128
    220e:	5f e3       	ldi	r21, 0x3F	; 63
    2210:	0e 94 79 03 	call	0x6f2	; 0x6f2 <__ltsf2>
    2214:	88 23       	and	r24, r24
    2216:	2c f4       	brge	.+10     	; 0x2222 <HSTEPPER_vRotateCCW+0x3ba>
		__ticks = 1;
    2218:	81 e0       	ldi	r24, 0x01	; 1
    221a:	90 e0       	ldi	r25, 0x00	; 0
    221c:	9e 83       	std	Y+6, r25	; 0x06
    221e:	8d 83       	std	Y+5, r24	; 0x05
    2220:	3f c0       	rjmp	.+126    	; 0x22a0 <HSTEPPER_vRotateCCW+0x438>
	else if (__tmp > 65535)
    2222:	6f 81       	ldd	r22, Y+7	; 0x07
    2224:	78 85       	ldd	r23, Y+8	; 0x08
    2226:	89 85       	ldd	r24, Y+9	; 0x09
    2228:	9a 85       	ldd	r25, Y+10	; 0x0a
    222a:	20 e0       	ldi	r18, 0x00	; 0
    222c:	3f ef       	ldi	r19, 0xFF	; 255
    222e:	4f e7       	ldi	r20, 0x7F	; 127
    2230:	57 e4       	ldi	r21, 0x47	; 71
    2232:	0e 94 19 03 	call	0x632	; 0x632 <__gtsf2>
    2236:	18 16       	cp	r1, r24
    2238:	4c f5       	brge	.+82     	; 0x228c <HSTEPPER_vRotateCCW+0x424>
	{
		//	__ticks = requested delay in 1/10 ms
		__ticks = (uint16_t) (__ms * 10.0);
    223a:	6b 85       	ldd	r22, Y+11	; 0x0b
    223c:	7c 85       	ldd	r23, Y+12	; 0x0c
    223e:	8d 85       	ldd	r24, Y+13	; 0x0d
    2240:	9e 85       	ldd	r25, Y+14	; 0x0e
    2242:	20 e0       	ldi	r18, 0x00	; 0
    2244:	30 e0       	ldi	r19, 0x00	; 0
    2246:	40 e2       	ldi	r20, 0x20	; 32
    2248:	51 e4       	ldi	r21, 0x41	; 65
    224a:	0e 94 1f 02 	call	0x43e	; 0x43e <__mulsf3>
    224e:	dc 01       	movw	r26, r24
    2250:	cb 01       	movw	r24, r22
    2252:	bc 01       	movw	r22, r24
    2254:	cd 01       	movw	r24, r26
    2256:	0e 94 49 00 	call	0x92	; 0x92 <__fixunssfsi>
    225a:	dc 01       	movw	r26, r24
    225c:	cb 01       	movw	r24, r22
    225e:	9e 83       	std	Y+6, r25	; 0x06
    2260:	8d 83       	std	Y+5, r24	; 0x05
    2262:	0f c0       	rjmp	.+30     	; 0x2282 <HSTEPPER_vRotateCCW+0x41a>
    2264:	88 ec       	ldi	r24, 0xC8	; 200
    2266:	90 e0       	ldi	r25, 0x00	; 0
    2268:	9c 83       	std	Y+4, r25	; 0x04
    226a:	8b 83       	std	Y+3, r24	; 0x03
    226c:	8b 81       	ldd	r24, Y+3	; 0x03
    226e:	9c 81       	ldd	r25, Y+4	; 0x04
    2270:	01 97       	sbiw	r24, 0x01	; 1
    2272:	f1 f7       	brne	.-4      	; 0x2270 <HSTEPPER_vRotateCCW+0x408>
    2274:	9c 83       	std	Y+4, r25	; 0x04
    2276:	8b 83       	std	Y+3, r24	; 0x03
		while(__ticks)
		{
			// wait 1/10 ms
			_delay_loop_2(((F_CPU) / 4e3) / 10);
			__ticks --;
    2278:	8d 81       	ldd	r24, Y+5	; 0x05
    227a:	9e 81       	ldd	r25, Y+6	; 0x06
    227c:	01 97       	sbiw	r24, 0x01	; 1
    227e:	9e 83       	std	Y+6, r25	; 0x06
    2280:	8d 83       	std	Y+5, r24	; 0x05
		__ticks = 1;
	else if (__tmp > 65535)
	{
		//	__ticks = requested delay in 1/10 ms
		__ticks = (uint16_t) (__ms * 10.0);
		while(__ticks)
    2282:	8d 81       	ldd	r24, Y+5	; 0x05
    2284:	9e 81       	ldd	r25, Y+6	; 0x06
    2286:	00 97       	sbiw	r24, 0x00	; 0
    2288:	69 f7       	brne	.-38     	; 0x2264 <HSTEPPER_vRotateCCW+0x3fc>
    228a:	14 c0       	rjmp	.+40     	; 0x22b4 <HSTEPPER_vRotateCCW+0x44c>
			__ticks --;
		}
		return;
	}
	else
		__ticks = (uint16_t)__tmp;
    228c:	6f 81       	ldd	r22, Y+7	; 0x07
    228e:	78 85       	ldd	r23, Y+8	; 0x08
    2290:	89 85       	ldd	r24, Y+9	; 0x09
    2292:	9a 85       	ldd	r25, Y+10	; 0x0a
    2294:	0e 94 49 00 	call	0x92	; 0x92 <__fixunssfsi>
    2298:	dc 01       	movw	r26, r24
    229a:	cb 01       	movw	r24, r22
    229c:	9e 83       	std	Y+6, r25	; 0x06
    229e:	8d 83       	std	Y+5, r24	; 0x05
    22a0:	8d 81       	ldd	r24, Y+5	; 0x05
    22a2:	9e 81       	ldd	r25, Y+6	; 0x06
    22a4:	9a 83       	std	Y+2, r25	; 0x02
    22a6:	89 83       	std	Y+1, r24	; 0x01
    22a8:	89 81       	ldd	r24, Y+1	; 0x01
    22aa:	9a 81       	ldd	r25, Y+2	; 0x02
    22ac:	01 97       	sbiw	r24, 0x01	; 1
    22ae:	f1 f7       	brne	.-4      	; 0x22ac <HSTEPPER_vRotateCCW+0x444>
    22b0:	9a 83       	std	Y+2, r25	; 0x02
    22b2:	89 83       	std	Y+1, r24	; 0x01
	_delay_ms(A_f64StepDelay);

}
    22b4:	ec 96       	adiw	r28, 0x3c	; 60
    22b6:	0f b6       	in	r0, 0x3f	; 63
    22b8:	f8 94       	cli
    22ba:	de bf       	out	0x3e, r29	; 62
    22bc:	0f be       	out	0x3f, r0	; 63
    22be:	cd bf       	out	0x3d, r28	; 61
    22c0:	cf 91       	pop	r28
    22c2:	df 91       	pop	r29
    22c4:	08 95       	ret

000022c6 <HSTEPPER_vStop>:

void HSTEPPER_vStop()
{
    22c6:	df 93       	push	r29
    22c8:	cf 93       	push	r28
    22ca:	cd b7       	in	r28, 0x3d	; 61
    22cc:	de b7       	in	r29, 0x3e	; 62
	MDIO_vSetPinVal(STEPPER_PORT,STEPPER_PINK ,DIO_LOW);
    22ce:	80 e0       	ldi	r24, 0x00	; 0
    22d0:	60 e0       	ldi	r22, 0x00	; 0
    22d2:	40 e0       	ldi	r20, 0x00	; 0
    22d4:	0e 94 c4 09 	call	0x1388	; 0x1388 <MDIO_vSetPinVal>
	MDIO_vSetPinVal(STEPPER_PORT,STEPPER_BLUE ,DIO_LOW);
    22d8:	80 e0       	ldi	r24, 0x00	; 0
    22da:	61 e0       	ldi	r22, 0x01	; 1
    22dc:	40 e0       	ldi	r20, 0x00	; 0
    22de:	0e 94 c4 09 	call	0x1388	; 0x1388 <MDIO_vSetPinVal>
	MDIO_vSetPinVal(STEPPER_PORT,STEPPER_YELLOW ,DIO_LOW);
    22e2:	80 e0       	ldi	r24, 0x00	; 0
    22e4:	62 e0       	ldi	r22, 0x02	; 2
    22e6:	40 e0       	ldi	r20, 0x00	; 0
    22e8:	0e 94 c4 09 	call	0x1388	; 0x1388 <MDIO_vSetPinVal>
	MDIO_vSetPinVal(STEPPER_PORT,STEPPER_ORANGE ,DIO_LOW);
    22ec:	80 e0       	ldi	r24, 0x00	; 0
    22ee:	63 e0       	ldi	r22, 0x03	; 3
    22f0:	40 e0       	ldi	r20, 0x00	; 0
    22f2:	0e 94 c4 09 	call	0x1388	; 0x1388 <MDIO_vSetPinVal>
}
    22f6:	cf 91       	pop	r28
    22f8:	df 91       	pop	r29
    22fa:	08 95       	ret

000022fc <HKPD_vInit>:
#include "keypad_cfg.h"
#include "keypad_int.h"


void HKPD_vInit(void)
{
    22fc:	df 93       	push	r29
    22fe:	cf 93       	push	r28
    2300:	0f 92       	push	r0
    2302:	cd b7       	in	r28, 0x3d	; 61
    2304:	de b7       	in	r29, 0x3e	; 62
    u8 i;

    /* Configure all column pins as outputs */
    for(i = COL_INIT; i <= COL_END; i++)
    2306:	19 82       	std	Y+1, r1	; 0x01
    2308:	0d c0       	rjmp	.+26     	; 0x2324 <HKPD_vInit+0x28>
    {
        MDIO_vSetPinDir(KPD_COL_PORT, i, DIO_OUTPUT);
    230a:	81 e0       	ldi	r24, 0x01	; 1
    230c:	69 81       	ldd	r22, Y+1	; 0x01
    230e:	41 e0       	ldi	r20, 0x01	; 1
    2310:	0e 94 cd 08 	call	0x119a	; 0x119a <MDIO_vSetPinDir>

        /* Deactivate all columns initially (HIGH) */
        MDIO_vSetPinVal(KPD_COL_PORT, i, DIO_HIGH);
    2314:	81 e0       	ldi	r24, 0x01	; 1
    2316:	69 81       	ldd	r22, Y+1	; 0x01
    2318:	41 e0       	ldi	r20, 0x01	; 1
    231a:	0e 94 c4 09 	call	0x1388	; 0x1388 <MDIO_vSetPinVal>
void HKPD_vInit(void)
{
    u8 i;

    /* Configure all column pins as outputs */
    for(i = COL_INIT; i <= COL_END; i++)
    231e:	89 81       	ldd	r24, Y+1	; 0x01
    2320:	8f 5f       	subi	r24, 0xFF	; 255
    2322:	89 83       	std	Y+1, r24	; 0x01
    2324:	89 81       	ldd	r24, Y+1	; 0x01
    2326:	83 30       	cpi	r24, 0x03	; 3
    2328:	80 f3       	brcs	.-32     	; 0x230a <HKPD_vInit+0xe>
        /* Deactivate all columns initially (HIGH) */
        MDIO_vSetPinVal(KPD_COL_PORT, i, DIO_HIGH);
    }

    /* Configure all row pins as inputs */
    for(i = ROW_INIT; i <= ROW_END; i++)
    232a:	84 e0       	ldi	r24, 0x04	; 4
    232c:	89 83       	std	Y+1, r24	; 0x01
    232e:	0d c0       	rjmp	.+26     	; 0x234a <HKPD_vInit+0x4e>
    {
        MDIO_vSetPinDir(KPD_ROW_PORT, i, DIO_INPUT);
    2330:	81 e0       	ldi	r24, 0x01	; 1
    2332:	69 81       	ldd	r22, Y+1	; 0x01
    2334:	40 e0       	ldi	r20, 0x00	; 0
    2336:	0e 94 cd 08 	call	0x119a	; 0x119a <MDIO_vSetPinDir>

        /* Enable internal pull-up resistors */
        MDIO_vSetPinVal(KPD_ROW_PORT, i, DIO_HIGH);
    233a:	81 e0       	ldi	r24, 0x01	; 1
    233c:	69 81       	ldd	r22, Y+1	; 0x01
    233e:	41 e0       	ldi	r20, 0x01	; 1
    2340:	0e 94 c4 09 	call	0x1388	; 0x1388 <MDIO_vSetPinVal>
        /* Deactivate all columns initially (HIGH) */
        MDIO_vSetPinVal(KPD_COL_PORT, i, DIO_HIGH);
    }

    /* Configure all row pins as inputs */
    for(i = ROW_INIT; i <= ROW_END; i++)
    2344:	89 81       	ldd	r24, Y+1	; 0x01
    2346:	8f 5f       	subi	r24, 0xFF	; 255
    2348:	89 83       	std	Y+1, r24	; 0x01
    234a:	89 81       	ldd	r24, Y+1	; 0x01
    234c:	87 30       	cpi	r24, 0x07	; 7
    234e:	80 f3       	brcs	.-32     	; 0x2330 <HKPD_vInit+0x34>
        MDIO_vSetPinDir(KPD_ROW_PORT, i, DIO_INPUT);

        /* Enable internal pull-up resistors */
        MDIO_vSetPinVal(KPD_ROW_PORT, i, DIO_HIGH);
    }
}
    2350:	0f 90       	pop	r0
    2352:	cf 91       	pop	r28
    2354:	df 91       	pop	r29
    2356:	08 95       	ret

00002358 <HKPD_u8GetPressedKey>:


u8 HKPD_u8GetPressedKey(const u8 KeyMap[KPD_ROWS][KPD_COLS])
{
    2358:	df 93       	push	r29
    235a:	cf 93       	push	r28
    235c:	cd b7       	in	r28, 0x3d	; 61
    235e:	de b7       	in	r29, 0x3e	; 62
    2360:	63 97       	sbiw	r28, 0x13	; 19
    2362:	0f b6       	in	r0, 0x3f	; 63
    2364:	f8 94       	cli
    2366:	de bf       	out	0x3e, r29	; 62
    2368:	0f be       	out	0x3f, r0	; 63
    236a:	cd bf       	out	0x3d, r28	; 61
    236c:	9a 8b       	std	Y+18, r25	; 0x12
    236e:	89 8b       	std	Y+17, r24	; 0x11
    /* Scan every column one by one */
    for(u8 col = COL_INIT; col <= COL_END; col++)
    2370:	18 8a       	std	Y+16, r1	; 0x10
    2372:	b9 c0       	rjmp	.+370    	; 0x24e6 <HKPD_u8GetPressedKey+0x18e>
    {
        /* Activate the current column by making it LOW */
        MDIO_vSetPinVal(KPD_COL_PORT, col, DIO_LOW);
    2374:	81 e0       	ldi	r24, 0x01	; 1
    2376:	68 89       	ldd	r22, Y+16	; 0x10
    2378:	40 e0       	ldi	r20, 0x00	; 0
    237a:	0e 94 c4 09 	call	0x1388	; 0x1388 <MDIO_vSetPinVal>

        /* Check all rows */
        for(u8 row = ROW_INIT; row <= ROW_END; row++)
    237e:	84 e0       	ldi	r24, 0x04	; 4
    2380:	8f 87       	std	Y+15, r24	; 0x0f
    2382:	a5 c0       	rjmp	.+330    	; 0x24ce <HKPD_u8GetPressedKey+0x176>
        {
            /* If row becomes LOW, then a key is pressed */
            if(MDIO_u8GETPinVal(KPD_ROW_PORT, row) == DIO_LOW)
    2384:	81 e0       	ldi	r24, 0x01	; 1
    2386:	6f 85       	ldd	r22, Y+15	; 0x0f
    2388:	0e 94 bb 0a 	call	0x1576	; 0x1576 <MDIO_u8GETPinVal>
    238c:	88 23       	and	r24, r24
    238e:	09 f0       	breq	.+2      	; 0x2392 <HKPD_u8GetPressedKey+0x3a>
    2390:	9b c0       	rjmp	.+310    	; 0x24c8 <HKPD_u8GetPressedKey+0x170>
    2392:	80 e0       	ldi	r24, 0x00	; 0
    2394:	90 e0       	ldi	r25, 0x00	; 0
    2396:	a0 ea       	ldi	r26, 0xA0	; 160
    2398:	b1 e4       	ldi	r27, 0x41	; 65
    239a:	8b 87       	std	Y+11, r24	; 0x0b
    239c:	9c 87       	std	Y+12, r25	; 0x0c
    239e:	ad 87       	std	Y+13, r26	; 0x0d
    23a0:	be 87       	std	Y+14, r27	; 0x0e
 */
void
_delay_ms(double __ms)
{
	uint16_t __ticks;
	double __tmp = ((F_CPU) / 4e3) * __ms;
    23a2:	6b 85       	ldd	r22, Y+11	; 0x0b
    23a4:	7c 85       	ldd	r23, Y+12	; 0x0c
    23a6:	8d 85       	ldd	r24, Y+13	; 0x0d
    23a8:	9e 85       	ldd	r25, Y+14	; 0x0e
    23aa:	20 e0       	ldi	r18, 0x00	; 0
    23ac:	30 e0       	ldi	r19, 0x00	; 0
    23ae:	4a ef       	ldi	r20, 0xFA	; 250
    23b0:	54 e4       	ldi	r21, 0x44	; 68
    23b2:	0e 94 1f 02 	call	0x43e	; 0x43e <__mulsf3>
    23b6:	dc 01       	movw	r26, r24
    23b8:	cb 01       	movw	r24, r22
    23ba:	8f 83       	std	Y+7, r24	; 0x07
    23bc:	98 87       	std	Y+8, r25	; 0x08
    23be:	a9 87       	std	Y+9, r26	; 0x09
    23c0:	ba 87       	std	Y+10, r27	; 0x0a
	if (__tmp < 1.0)
    23c2:	6f 81       	ldd	r22, Y+7	; 0x07
    23c4:	78 85       	ldd	r23, Y+8	; 0x08
    23c6:	89 85       	ldd	r24, Y+9	; 0x09
    23c8:	9a 85       	ldd	r25, Y+10	; 0x0a
    23ca:	20 e0       	ldi	r18, 0x00	; 0
    23cc:	30 e0       	ldi	r19, 0x00	; 0
    23ce:	40 e8       	ldi	r20, 0x80	; 128
    23d0:	5f e3       	ldi	r21, 0x3F	; 63
    23d2:	0e 94 79 03 	call	0x6f2	; 0x6f2 <__ltsf2>
    23d6:	88 23       	and	r24, r24
    23d8:	2c f4       	brge	.+10     	; 0x23e4 <HKPD_u8GetPressedKey+0x8c>
		__ticks = 1;
    23da:	81 e0       	ldi	r24, 0x01	; 1
    23dc:	90 e0       	ldi	r25, 0x00	; 0
    23de:	9e 83       	std	Y+6, r25	; 0x06
    23e0:	8d 83       	std	Y+5, r24	; 0x05
    23e2:	3f c0       	rjmp	.+126    	; 0x2462 <HKPD_u8GetPressedKey+0x10a>
	else if (__tmp > 65535)
    23e4:	6f 81       	ldd	r22, Y+7	; 0x07
    23e6:	78 85       	ldd	r23, Y+8	; 0x08
    23e8:	89 85       	ldd	r24, Y+9	; 0x09
    23ea:	9a 85       	ldd	r25, Y+10	; 0x0a
    23ec:	20 e0       	ldi	r18, 0x00	; 0
    23ee:	3f ef       	ldi	r19, 0xFF	; 255
    23f0:	4f e7       	ldi	r20, 0x7F	; 127
    23f2:	57 e4       	ldi	r21, 0x47	; 71
    23f4:	0e 94 19 03 	call	0x632	; 0x632 <__gtsf2>
    23f8:	18 16       	cp	r1, r24
    23fa:	4c f5       	brge	.+82     	; 0x244e <HKPD_u8GetPressedKey+0xf6>
	{
		//	__ticks = requested delay in 1/10 ms
		__ticks = (uint16_t) (__ms * 10.0);
    23fc:	6b 85       	ldd	r22, Y+11	; 0x0b
    23fe:	7c 85       	ldd	r23, Y+12	; 0x0c
    2400:	8d 85       	ldd	r24, Y+13	; 0x0d
    2402:	9e 85       	ldd	r25, Y+14	; 0x0e
    2404:	20 e0       	ldi	r18, 0x00	; 0
    2406:	30 e0       	ldi	r19, 0x00	; 0
    2408:	40 e2       	ldi	r20, 0x20	; 32
    240a:	51 e4       	ldi	r21, 0x41	; 65
    240c:	0e 94 1f 02 	call	0x43e	; 0x43e <__mulsf3>
    2410:	dc 01       	movw	r26, r24
    2412:	cb 01       	movw	r24, r22
    2414:	bc 01       	movw	r22, r24
    2416:	cd 01       	movw	r24, r26
    2418:	0e 94 49 00 	call	0x92	; 0x92 <__fixunssfsi>
    241c:	dc 01       	movw	r26, r24
    241e:	cb 01       	movw	r24, r22
    2420:	9e 83       	std	Y+6, r25	; 0x06
    2422:	8d 83       	std	Y+5, r24	; 0x05
    2424:	0f c0       	rjmp	.+30     	; 0x2444 <HKPD_u8GetPressedKey+0xec>
    2426:	88 ec       	ldi	r24, 0xC8	; 200
    2428:	90 e0       	ldi	r25, 0x00	; 0
    242a:	9c 83       	std	Y+4, r25	; 0x04
    242c:	8b 83       	std	Y+3, r24	; 0x03
    242e:	8b 81       	ldd	r24, Y+3	; 0x03
    2430:	9c 81       	ldd	r25, Y+4	; 0x04
    2432:	01 97       	sbiw	r24, 0x01	; 1
    2434:	f1 f7       	brne	.-4      	; 0x2432 <HKPD_u8GetPressedKey+0xda>
    2436:	9c 83       	std	Y+4, r25	; 0x04
    2438:	8b 83       	std	Y+3, r24	; 0x03
		while(__ticks)
		{
			// wait 1/10 ms
			_delay_loop_2(((F_CPU) / 4e3) / 10);
			__ticks --;
    243a:	8d 81       	ldd	r24, Y+5	; 0x05
    243c:	9e 81       	ldd	r25, Y+6	; 0x06
    243e:	01 97       	sbiw	r24, 0x01	; 1
    2440:	9e 83       	std	Y+6, r25	; 0x06
    2442:	8d 83       	std	Y+5, r24	; 0x05
		__ticks = 1;
	else if (__tmp > 65535)
	{
		//	__ticks = requested delay in 1/10 ms
		__ticks = (uint16_t) (__ms * 10.0);
		while(__ticks)
    2444:	8d 81       	ldd	r24, Y+5	; 0x05
    2446:	9e 81       	ldd	r25, Y+6	; 0x06
    2448:	00 97       	sbiw	r24, 0x00	; 0
    244a:	69 f7       	brne	.-38     	; 0x2426 <HKPD_u8GetPressedKey+0xce>
    244c:	14 c0       	rjmp	.+40     	; 0x2476 <HKPD_u8GetPressedKey+0x11e>
			__ticks --;
		}
		return;
	}
	else
		__ticks = (uint16_t)__tmp;
    244e:	6f 81       	ldd	r22, Y+7	; 0x07
    2450:	78 85       	ldd	r23, Y+8	; 0x08
    2452:	89 85       	ldd	r24, Y+9	; 0x09
    2454:	9a 85       	ldd	r25, Y+10	; 0x0a
    2456:	0e 94 49 00 	call	0x92	; 0x92 <__fixunssfsi>
    245a:	dc 01       	movw	r26, r24
    245c:	cb 01       	movw	r24, r22
    245e:	9e 83       	std	Y+6, r25	; 0x06
    2460:	8d 83       	std	Y+5, r24	; 0x05
    2462:	8d 81       	ldd	r24, Y+5	; 0x05
    2464:	9e 81       	ldd	r25, Y+6	; 0x06
    2466:	9a 83       	std	Y+2, r25	; 0x02
    2468:	89 83       	std	Y+1, r24	; 0x01
    246a:	89 81       	ldd	r24, Y+1	; 0x01
    246c:	9a 81       	ldd	r25, Y+2	; 0x02
    246e:	01 97       	sbiw	r24, 0x01	; 1
    2470:	f1 f7       	brne	.-4      	; 0x246e <HKPD_u8GetPressedKey+0x116>
    2472:	9a 83       	std	Y+2, r25	; 0x02
    2474:	89 83       	std	Y+1, r24	; 0x01
            {
                /* Debouncing delay */
                _delay_ms(20);

                /* Confirm the key is still pressed */
                if(MDIO_u8GETPinVal(KPD_ROW_PORT, row) == DIO_LOW)
    2476:	81 e0       	ldi	r24, 0x01	; 1
    2478:	6f 85       	ldd	r22, Y+15	; 0x0f
    247a:	0e 94 bb 0a 	call	0x1576	; 0x1576 <MDIO_u8GETPinVal>
    247e:	88 23       	and	r24, r24
    2480:	19 f5       	brne	.+70     	; 0x24c8 <HKPD_u8GetPressedKey+0x170>
                {
                    /* Wait until the user releases the key */
                    while(MDIO_u8GETPinVal(KPD_ROW_PORT, row) == DIO_LOW);
    2482:	81 e0       	ldi	r24, 0x01	; 1
    2484:	6f 85       	ldd	r22, Y+15	; 0x0f
    2486:	0e 94 bb 0a 	call	0x1576	; 0x1576 <MDIO_u8GETPinVal>
    248a:	88 23       	and	r24, r24
    248c:	d1 f3       	breq	.-12     	; 0x2482 <HKPD_u8GetPressedKey+0x12a>

                    /* Restore the current column to HIGH */
                    MDIO_vSetPinVal(KPD_COL_PORT, col, DIO_HIGH);
    248e:	81 e0       	ldi	r24, 0x01	; 1
    2490:	68 89       	ldd	r22, Y+16	; 0x10
    2492:	41 e0       	ldi	r20, 0x01	; 1
    2494:	0e 94 c4 09 	call	0x1388	; 0x1388 <MDIO_vSetPinVal>


                    return KeyMap[row - ROW_INIT][col - COL_INIT];
    2498:	8f 85       	ldd	r24, Y+15	; 0x0f
    249a:	28 2f       	mov	r18, r24
    249c:	30 e0       	ldi	r19, 0x00	; 0
    249e:	c9 01       	movw	r24, r18
    24a0:	88 0f       	add	r24, r24
    24a2:	99 1f       	adc	r25, r25
    24a4:	82 0f       	add	r24, r18
    24a6:	93 1f       	adc	r25, r19
    24a8:	9c 01       	movw	r18, r24
    24aa:	2c 50       	subi	r18, 0x0C	; 12
    24ac:	30 40       	sbci	r19, 0x00	; 0
    24ae:	89 89       	ldd	r24, Y+17	; 0x11
    24b0:	9a 89       	ldd	r25, Y+18	; 0x12
    24b2:	28 0f       	add	r18, r24
    24b4:	39 1f       	adc	r19, r25
    24b6:	88 89       	ldd	r24, Y+16	; 0x10
    24b8:	88 2f       	mov	r24, r24
    24ba:	90 e0       	ldi	r25, 0x00	; 0
    24bc:	f9 01       	movw	r30, r18
    24be:	e8 0f       	add	r30, r24
    24c0:	f9 1f       	adc	r31, r25
    24c2:	80 81       	ld	r24, Z
    24c4:	8b 8b       	std	Y+19, r24	; 0x13
    24c6:	15 c0       	rjmp	.+42     	; 0x24f2 <HKPD_u8GetPressedKey+0x19a>
    {
        /* Activate the current column by making it LOW */
        MDIO_vSetPinVal(KPD_COL_PORT, col, DIO_LOW);

        /* Check all rows */
        for(u8 row = ROW_INIT; row <= ROW_END; row++)
    24c8:	8f 85       	ldd	r24, Y+15	; 0x0f
    24ca:	8f 5f       	subi	r24, 0xFF	; 255
    24cc:	8f 87       	std	Y+15, r24	; 0x0f
    24ce:	8f 85       	ldd	r24, Y+15	; 0x0f
    24d0:	87 30       	cpi	r24, 0x07	; 7
    24d2:	08 f4       	brcc	.+2      	; 0x24d6 <HKPD_u8GetPressedKey+0x17e>
    24d4:	57 cf       	rjmp	.-338    	; 0x2384 <HKPD_u8GetPressedKey+0x2c>
                }
            }
        }

        /* Deactivate the current column before scanning the next one */
        MDIO_vSetPinVal(KPD_COL_PORT, col, DIO_HIGH);
    24d6:	81 e0       	ldi	r24, 0x01	; 1
    24d8:	68 89       	ldd	r22, Y+16	; 0x10
    24da:	41 e0       	ldi	r20, 0x01	; 1
    24dc:	0e 94 c4 09 	call	0x1388	; 0x1388 <MDIO_vSetPinVal>


u8 HKPD_u8GetPressedKey(const u8 KeyMap[KPD_ROWS][KPD_COLS])
{
    /* Scan every column one by one */
    for(u8 col = COL_INIT; col <= COL_END; col++)
    24e0:	88 89       	ldd	r24, Y+16	; 0x10
    24e2:	8f 5f       	subi	r24, 0xFF	; 255
    24e4:	88 8b       	std	Y+16, r24	; 0x10
    24e6:	88 89       	ldd	r24, Y+16	; 0x10
    24e8:	83 30       	cpi	r24, 0x03	; 3
    24ea:	08 f4       	brcc	.+2      	; 0x24ee <HKPD_u8GetPressedKey+0x196>
    24ec:	43 cf       	rjmp	.-378    	; 0x2374 <HKPD_u8GetPressedKey+0x1c>
        /* Deactivate the current column before scanning the next one */
        MDIO_vSetPinVal(KPD_COL_PORT, col, DIO_HIGH);
    }

    /* No key was pressed */
    return NO_KEY;
    24ee:	8f ef       	ldi	r24, 0xFF	; 255
    24f0:	8b 8b       	std	Y+19, r24	; 0x13
    24f2:	8b 89       	ldd	r24, Y+19	; 0x13
}
    24f4:	63 96       	adiw	r28, 0x13	; 19
    24f6:	0f b6       	in	r0, 0x3f	; 63
    24f8:	f8 94       	cli
    24fa:	de bf       	out	0x3e, r29	; 62
    24fc:	0f be       	out	0x3f, r0	; 63
    24fe:	cd bf       	out	0x3d, r28	; 61
    2500:	cf 91       	pop	r28
    2502:	df 91       	pop	r29
    2504:	08 95       	ret

00002506 <HLCD_vInit>:
#include "../../MCAL/DIO/DIO_int.h"
#include "LCD_cfg.h"
#include "LCD_int.h"

void HLCD_vInit(void)
{
    2506:	df 93       	push	r29
    2508:	cf 93       	push	r28
    250a:	cd b7       	in	r28, 0x3d	; 61
    250c:	de b7       	in	r29, 0x3e	; 62
    250e:	e8 97       	sbiw	r28, 0x38	; 56
    2510:	0f b6       	in	r0, 0x3f	; 63
    2512:	f8 94       	cli
    2514:	de bf       	out	0x3e, r29	; 62
    2516:	0f be       	out	0x3f, r0	; 63
    2518:	cd bf       	out	0x3d, r28	; 61
	/* Initialize pins direction */
	MDIO_vSetPinDir(LCD_CTRL_PORT, LCD_RS, DIO_OUTPUT);
    251a:	80 e0       	ldi	r24, 0x00	; 0
    251c:	60 e0       	ldi	r22, 0x00	; 0
    251e:	41 e0       	ldi	r20, 0x01	; 1
    2520:	0e 94 cd 08 	call	0x119a	; 0x119a <MDIO_vSetPinDir>
	MDIO_vSetPinDir(LCD_CTRL_PORT, LCD_RW, DIO_OUTPUT);
    2524:	80 e0       	ldi	r24, 0x00	; 0
    2526:	61 e0       	ldi	r22, 0x01	; 1
    2528:	41 e0       	ldi	r20, 0x01	; 1
    252a:	0e 94 cd 08 	call	0x119a	; 0x119a <MDIO_vSetPinDir>
	MDIO_vSetPinDir(LCD_CTRL_PORT, LCD_E, DIO_OUTPUT);
    252e:	80 e0       	ldi	r24, 0x00	; 0
    2530:	62 e0       	ldi	r22, 0x02	; 2
    2532:	41 e0       	ldi	r20, 0x01	; 1
    2534:	0e 94 cd 08 	call	0x119a	; 0x119a <MDIO_vSetPinDir>
	MDIO_vSetPortDir(LCD_DATA_PORT, DIO_PORT_OUTPUT);
    2538:	83 e0       	ldi	r24, 0x03	; 3
    253a:	6f ef       	ldi	r22, 0xFF	; 255
    253c:	0e 94 35 0b 	call	0x166a	; 0x166a <MDIO_vSetPortDir>
    2540:	80 e0       	ldi	r24, 0x00	; 0
    2542:	90 e0       	ldi	r25, 0x00	; 0
    2544:	a8 e4       	ldi	r26, 0x48	; 72
    2546:	b2 e4       	ldi	r27, 0x42	; 66
    2548:	8d ab       	std	Y+53, r24	; 0x35
    254a:	9e ab       	std	Y+54, r25	; 0x36
    254c:	af ab       	std	Y+55, r26	; 0x37
    254e:	b8 af       	std	Y+56, r27	; 0x38
 */
void
_delay_ms(double __ms)
{
	uint16_t __ticks;
	double __tmp = ((F_CPU) / 4e3) * __ms;
    2550:	6d a9       	ldd	r22, Y+53	; 0x35
    2552:	7e a9       	ldd	r23, Y+54	; 0x36
    2554:	8f a9       	ldd	r24, Y+55	; 0x37
    2556:	98 ad       	ldd	r25, Y+56	; 0x38
    2558:	20 e0       	ldi	r18, 0x00	; 0
    255a:	30 e0       	ldi	r19, 0x00	; 0
    255c:	4a ef       	ldi	r20, 0xFA	; 250
    255e:	54 e4       	ldi	r21, 0x44	; 68
    2560:	0e 94 1f 02 	call	0x43e	; 0x43e <__mulsf3>
    2564:	dc 01       	movw	r26, r24
    2566:	cb 01       	movw	r24, r22
    2568:	89 ab       	std	Y+49, r24	; 0x31
    256a:	9a ab       	std	Y+50, r25	; 0x32
    256c:	ab ab       	std	Y+51, r26	; 0x33
    256e:	bc ab       	std	Y+52, r27	; 0x34
	if (__tmp < 1.0)
    2570:	69 a9       	ldd	r22, Y+49	; 0x31
    2572:	7a a9       	ldd	r23, Y+50	; 0x32
    2574:	8b a9       	ldd	r24, Y+51	; 0x33
    2576:	9c a9       	ldd	r25, Y+52	; 0x34
    2578:	20 e0       	ldi	r18, 0x00	; 0
    257a:	30 e0       	ldi	r19, 0x00	; 0
    257c:	40 e8       	ldi	r20, 0x80	; 128
    257e:	5f e3       	ldi	r21, 0x3F	; 63
    2580:	0e 94 79 03 	call	0x6f2	; 0x6f2 <__ltsf2>
    2584:	88 23       	and	r24, r24
    2586:	2c f4       	brge	.+10     	; 0x2592 <HLCD_vInit+0x8c>
		__ticks = 1;
    2588:	81 e0       	ldi	r24, 0x01	; 1
    258a:	90 e0       	ldi	r25, 0x00	; 0
    258c:	98 ab       	std	Y+48, r25	; 0x30
    258e:	8f a7       	std	Y+47, r24	; 0x2f
    2590:	3f c0       	rjmp	.+126    	; 0x2610 <HLCD_vInit+0x10a>
	else if (__tmp > 65535)
    2592:	69 a9       	ldd	r22, Y+49	; 0x31
    2594:	7a a9       	ldd	r23, Y+50	; 0x32
    2596:	8b a9       	ldd	r24, Y+51	; 0x33
    2598:	9c a9       	ldd	r25, Y+52	; 0x34
    259a:	20 e0       	ldi	r18, 0x00	; 0
    259c:	3f ef       	ldi	r19, 0xFF	; 255
    259e:	4f e7       	ldi	r20, 0x7F	; 127
    25a0:	57 e4       	ldi	r21, 0x47	; 71
    25a2:	0e 94 19 03 	call	0x632	; 0x632 <__gtsf2>
    25a6:	18 16       	cp	r1, r24
    25a8:	4c f5       	brge	.+82     	; 0x25fc <HLCD_vInit+0xf6>
	{
		//	__ticks = requested delay in 1/10 ms
		__ticks = (uint16_t) (__ms * 10.0);
    25aa:	6d a9       	ldd	r22, Y+53	; 0x35
    25ac:	7e a9       	ldd	r23, Y+54	; 0x36
    25ae:	8f a9       	ldd	r24, Y+55	; 0x37
    25b0:	98 ad       	ldd	r25, Y+56	; 0x38
    25b2:	20 e0       	ldi	r18, 0x00	; 0
    25b4:	30 e0       	ldi	r19, 0x00	; 0
    25b6:	40 e2       	ldi	r20, 0x20	; 32
    25b8:	51 e4       	ldi	r21, 0x41	; 65
    25ba:	0e 94 1f 02 	call	0x43e	; 0x43e <__mulsf3>
    25be:	dc 01       	movw	r26, r24
    25c0:	cb 01       	movw	r24, r22
    25c2:	bc 01       	movw	r22, r24
    25c4:	cd 01       	movw	r24, r26
    25c6:	0e 94 49 00 	call	0x92	; 0x92 <__fixunssfsi>
    25ca:	dc 01       	movw	r26, r24
    25cc:	cb 01       	movw	r24, r22
    25ce:	98 ab       	std	Y+48, r25	; 0x30
    25d0:	8f a7       	std	Y+47, r24	; 0x2f
    25d2:	0f c0       	rjmp	.+30     	; 0x25f2 <HLCD_vInit+0xec>
    25d4:	88 ec       	ldi	r24, 0xC8	; 200
    25d6:	90 e0       	ldi	r25, 0x00	; 0
    25d8:	9e a7       	std	Y+46, r25	; 0x2e
    25da:	8d a7       	std	Y+45, r24	; 0x2d
    25dc:	8d a5       	ldd	r24, Y+45	; 0x2d
    25de:	9e a5       	ldd	r25, Y+46	; 0x2e
    25e0:	01 97       	sbiw	r24, 0x01	; 1
    25e2:	f1 f7       	brne	.-4      	; 0x25e0 <HLCD_vInit+0xda>
    25e4:	9e a7       	std	Y+46, r25	; 0x2e
    25e6:	8d a7       	std	Y+45, r24	; 0x2d
		while(__ticks)
		{
			// wait 1/10 ms
			_delay_loop_2(((F_CPU) / 4e3) / 10);
			__ticks --;
    25e8:	8f a5       	ldd	r24, Y+47	; 0x2f
    25ea:	98 a9       	ldd	r25, Y+48	; 0x30
    25ec:	01 97       	sbiw	r24, 0x01	; 1
    25ee:	98 ab       	std	Y+48, r25	; 0x30
    25f0:	8f a7       	std	Y+47, r24	; 0x2f
		__ticks = 1;
	else if (__tmp > 65535)
	{
		//	__ticks = requested delay in 1/10 ms
		__ticks = (uint16_t) (__ms * 10.0);
		while(__ticks)
    25f2:	8f a5       	ldd	r24, Y+47	; 0x2f
    25f4:	98 a9       	ldd	r25, Y+48	; 0x30
    25f6:	00 97       	sbiw	r24, 0x00	; 0
    25f8:	69 f7       	brne	.-38     	; 0x25d4 <HLCD_vInit+0xce>
    25fa:	14 c0       	rjmp	.+40     	; 0x2624 <HLCD_vInit+0x11e>
			__ticks --;
		}
		return;
	}
	else
		__ticks = (uint16_t)__tmp;
    25fc:	69 a9       	ldd	r22, Y+49	; 0x31
    25fe:	7a a9       	ldd	r23, Y+50	; 0x32
    2600:	8b a9       	ldd	r24, Y+51	; 0x33
    2602:	9c a9       	ldd	r25, Y+52	; 0x34
    2604:	0e 94 49 00 	call	0x92	; 0x92 <__fixunssfsi>
    2608:	dc 01       	movw	r26, r24
    260a:	cb 01       	movw	r24, r22
    260c:	98 ab       	std	Y+48, r25	; 0x30
    260e:	8f a7       	std	Y+47, r24	; 0x2f
    2610:	8f a5       	ldd	r24, Y+47	; 0x2f
    2612:	98 a9       	ldd	r25, Y+48	; 0x30
    2614:	9c a7       	std	Y+44, r25	; 0x2c
    2616:	8b a7       	std	Y+43, r24	; 0x2b
    2618:	8b a5       	ldd	r24, Y+43	; 0x2b
    261a:	9c a5       	ldd	r25, Y+44	; 0x2c
    261c:	01 97       	sbiw	r24, 0x01	; 1
    261e:	f1 f7       	brne	.-4      	; 0x261c <HLCD_vInit+0x116>
    2620:	9c a7       	std	Y+44, r25	; 0x2c
    2622:	8b a7       	std	Y+43, r24	; 0x2b

	/* 8-bit initialization sequence*/
	_delay_ms(50);
	HLCD_vSendCmd(0x38);  	// send function set instruction
    2624:	88 e3       	ldi	r24, 0x38	; 56
    2626:	0e 94 7d 14 	call	0x28fa	; 0x28fa <HLCD_vSendCmd>
    262a:	80 e0       	ldi	r24, 0x00	; 0
    262c:	90 e0       	ldi	r25, 0x00	; 0
    262e:	a0 e8       	ldi	r26, 0x80	; 128
    2630:	bf e3       	ldi	r27, 0x3F	; 63
    2632:	8f a3       	std	Y+39, r24	; 0x27
    2634:	98 a7       	std	Y+40, r25	; 0x28
    2636:	a9 a7       	std	Y+41, r26	; 0x29
    2638:	ba a7       	std	Y+42, r27	; 0x2a
 */
void
_delay_ms(double __ms)
{
	uint16_t __ticks;
	double __tmp = ((F_CPU) / 4e3) * __ms;
    263a:	6f a1       	ldd	r22, Y+39	; 0x27
    263c:	78 a5       	ldd	r23, Y+40	; 0x28
    263e:	89 a5       	ldd	r24, Y+41	; 0x29
    2640:	9a a5       	ldd	r25, Y+42	; 0x2a
    2642:	20 e0       	ldi	r18, 0x00	; 0
    2644:	30 e0       	ldi	r19, 0x00	; 0
    2646:	4a ef       	ldi	r20, 0xFA	; 250
    2648:	54 e4       	ldi	r21, 0x44	; 68
    264a:	0e 94 1f 02 	call	0x43e	; 0x43e <__mulsf3>
    264e:	dc 01       	movw	r26, r24
    2650:	cb 01       	movw	r24, r22
    2652:	8b a3       	std	Y+35, r24	; 0x23
    2654:	9c a3       	std	Y+36, r25	; 0x24
    2656:	ad a3       	std	Y+37, r26	; 0x25
    2658:	be a3       	std	Y+38, r27	; 0x26
	if (__tmp < 1.0)
    265a:	6b a1       	ldd	r22, Y+35	; 0x23
    265c:	7c a1       	ldd	r23, Y+36	; 0x24
    265e:	8d a1       	ldd	r24, Y+37	; 0x25
    2660:	9e a1       	ldd	r25, Y+38	; 0x26
    2662:	20 e0       	ldi	r18, 0x00	; 0
    2664:	30 e0       	ldi	r19, 0x00	; 0
    2666:	40 e8       	ldi	r20, 0x80	; 128
    2668:	5f e3       	ldi	r21, 0x3F	; 63
    266a:	0e 94 79 03 	call	0x6f2	; 0x6f2 <__ltsf2>
    266e:	88 23       	and	r24, r24
    2670:	2c f4       	brge	.+10     	; 0x267c <HLCD_vInit+0x176>
		__ticks = 1;
    2672:	81 e0       	ldi	r24, 0x01	; 1
    2674:	90 e0       	ldi	r25, 0x00	; 0
    2676:	9a a3       	std	Y+34, r25	; 0x22
    2678:	89 a3       	std	Y+33, r24	; 0x21
    267a:	3f c0       	rjmp	.+126    	; 0x26fa <HLCD_vInit+0x1f4>
	else if (__tmp > 65535)
    267c:	6b a1       	ldd	r22, Y+35	; 0x23
    267e:	7c a1       	ldd	r23, Y+36	; 0x24
    2680:	8d a1       	ldd	r24, Y+37	; 0x25
    2682:	9e a1       	ldd	r25, Y+38	; 0x26
    2684:	20 e0       	ldi	r18, 0x00	; 0
    2686:	3f ef       	ldi	r19, 0xFF	; 255
    2688:	4f e7       	ldi	r20, 0x7F	; 127
    268a:	57 e4       	ldi	r21, 0x47	; 71
    268c:	0e 94 19 03 	call	0x632	; 0x632 <__gtsf2>
    2690:	18 16       	cp	r1, r24
    2692:	4c f5       	brge	.+82     	; 0x26e6 <HLCD_vInit+0x1e0>
	{
		//	__ticks = requested delay in 1/10 ms
		__ticks = (uint16_t) (__ms * 10.0);
    2694:	6f a1       	ldd	r22, Y+39	; 0x27
    2696:	78 a5       	ldd	r23, Y+40	; 0x28
    2698:	89 a5       	ldd	r24, Y+41	; 0x29
    269a:	9a a5       	ldd	r25, Y+42	; 0x2a
    269c:	20 e0       	ldi	r18, 0x00	; 0
    269e:	30 e0       	ldi	r19, 0x00	; 0
    26a0:	40 e2       	ldi	r20, 0x20	; 32
    26a2:	51 e4       	ldi	r21, 0x41	; 65
    26a4:	0e 94 1f 02 	call	0x43e	; 0x43e <__mulsf3>
    26a8:	dc 01       	movw	r26, r24
    26aa:	cb 01       	movw	r24, r22
    26ac:	bc 01       	movw	r22, r24
    26ae:	cd 01       	movw	r24, r26
    26b0:	0e 94 49 00 	call	0x92	; 0x92 <__fixunssfsi>
    26b4:	dc 01       	movw	r26, r24
    26b6:	cb 01       	movw	r24, r22
    26b8:	9a a3       	std	Y+34, r25	; 0x22
    26ba:	89 a3       	std	Y+33, r24	; 0x21
    26bc:	0f c0       	rjmp	.+30     	; 0x26dc <HLCD_vInit+0x1d6>
    26be:	88 ec       	ldi	r24, 0xC8	; 200
    26c0:	90 e0       	ldi	r25, 0x00	; 0
    26c2:	98 a3       	std	Y+32, r25	; 0x20
    26c4:	8f 8f       	std	Y+31, r24	; 0x1f
    26c6:	8f 8d       	ldd	r24, Y+31	; 0x1f
    26c8:	98 a1       	ldd	r25, Y+32	; 0x20
    26ca:	01 97       	sbiw	r24, 0x01	; 1
    26cc:	f1 f7       	brne	.-4      	; 0x26ca <HLCD_vInit+0x1c4>
    26ce:	98 a3       	std	Y+32, r25	; 0x20
    26d0:	8f 8f       	std	Y+31, r24	; 0x1f
		while(__ticks)
		{
			// wait 1/10 ms
			_delay_loop_2(((F_CPU) / 4e3) / 10);
			__ticks --;
    26d2:	89 a1       	ldd	r24, Y+33	; 0x21
    26d4:	9a a1       	ldd	r25, Y+34	; 0x22
    26d6:	01 97       	sbiw	r24, 0x01	; 1
    26d8:	9a a3       	std	Y+34, r25	; 0x22
    26da:	89 a3       	std	Y+33, r24	; 0x21
		__ticks = 1;
	else if (__tmp > 65535)
	{
		//	__ticks = requested delay in 1/10 ms
		__ticks = (uint16_t) (__ms * 10.0);
		while(__ticks)
    26dc:	89 a1       	ldd	r24, Y+33	; 0x21
    26de:	9a a1       	ldd	r25, Y+34	; 0x22
    26e0:	00 97       	sbiw	r24, 0x00	; 0
    26e2:	69 f7       	brne	.-38     	; 0x26be <HLCD_vInit+0x1b8>
    26e4:	14 c0       	rjmp	.+40     	; 0x270e <HLCD_vInit+0x208>
			__ticks --;
		}
		return;
	}
	else
		__ticks = (uint16_t)__tmp;
    26e6:	6b a1       	ldd	r22, Y+35	; 0x23
    26e8:	7c a1       	ldd	r23, Y+36	; 0x24
    26ea:	8d a1       	ldd	r24, Y+37	; 0x25
    26ec:	9e a1       	ldd	r25, Y+38	; 0x26
    26ee:	0e 94 49 00 	call	0x92	; 0x92 <__fixunssfsi>
    26f2:	dc 01       	movw	r26, r24
    26f4:	cb 01       	movw	r24, r22
    26f6:	9a a3       	std	Y+34, r25	; 0x22
    26f8:	89 a3       	std	Y+33, r24	; 0x21
    26fa:	89 a1       	ldd	r24, Y+33	; 0x21
    26fc:	9a a1       	ldd	r25, Y+34	; 0x22
    26fe:	9e 8f       	std	Y+30, r25	; 0x1e
    2700:	8d 8f       	std	Y+29, r24	; 0x1d
    2702:	8d 8d       	ldd	r24, Y+29	; 0x1d
    2704:	9e 8d       	ldd	r25, Y+30	; 0x1e
    2706:	01 97       	sbiw	r24, 0x01	; 1
    2708:	f1 f7       	brne	.-4      	; 0x2706 <HLCD_vInit+0x200>
    270a:	9e 8f       	std	Y+30, r25	; 0x1e
    270c:	8d 8f       	std	Y+29, r24	; 0x1d
	_delay_ms(1);
	HLCD_vSendCmd(0x0C);	// send display on/off instruction
    270e:	8c e0       	ldi	r24, 0x0C	; 12
    2710:	0e 94 7d 14 	call	0x28fa	; 0x28fa <HLCD_vSendCmd>
    2714:	80 e0       	ldi	r24, 0x00	; 0
    2716:	90 e0       	ldi	r25, 0x00	; 0
    2718:	a0 e8       	ldi	r26, 0x80	; 128
    271a:	bf e3       	ldi	r27, 0x3F	; 63
    271c:	89 8f       	std	Y+25, r24	; 0x19
    271e:	9a 8f       	std	Y+26, r25	; 0x1a
    2720:	ab 8f       	std	Y+27, r26	; 0x1b
    2722:	bc 8f       	std	Y+28, r27	; 0x1c
 */
void
_delay_ms(double __ms)
{
	uint16_t __ticks;
	double __tmp = ((F_CPU) / 4e3) * __ms;
    2724:	69 8d       	ldd	r22, Y+25	; 0x19
    2726:	7a 8d       	ldd	r23, Y+26	; 0x1a
    2728:	8b 8d       	ldd	r24, Y+27	; 0x1b
    272a:	9c 8d       	ldd	r25, Y+28	; 0x1c
    272c:	20 e0       	ldi	r18, 0x00	; 0
    272e:	30 e0       	ldi	r19, 0x00	; 0
    2730:	4a ef       	ldi	r20, 0xFA	; 250
    2732:	54 e4       	ldi	r21, 0x44	; 68
    2734:	0e 94 1f 02 	call	0x43e	; 0x43e <__mulsf3>
    2738:	dc 01       	movw	r26, r24
    273a:	cb 01       	movw	r24, r22
    273c:	8d 8b       	std	Y+21, r24	; 0x15
    273e:	9e 8b       	std	Y+22, r25	; 0x16
    2740:	af 8b       	std	Y+23, r26	; 0x17
    2742:	b8 8f       	std	Y+24, r27	; 0x18
	if (__tmp < 1.0)
    2744:	6d 89       	ldd	r22, Y+21	; 0x15
    2746:	7e 89       	ldd	r23, Y+22	; 0x16
    2748:	8f 89       	ldd	r24, Y+23	; 0x17
    274a:	98 8d       	ldd	r25, Y+24	; 0x18
    274c:	20 e0       	ldi	r18, 0x00	; 0
    274e:	30 e0       	ldi	r19, 0x00	; 0
    2750:	40 e8       	ldi	r20, 0x80	; 128
    2752:	5f e3       	ldi	r21, 0x3F	; 63
    2754:	0e 94 79 03 	call	0x6f2	; 0x6f2 <__ltsf2>
    2758:	88 23       	and	r24, r24
    275a:	2c f4       	brge	.+10     	; 0x2766 <HLCD_vInit+0x260>
		__ticks = 1;
    275c:	81 e0       	ldi	r24, 0x01	; 1
    275e:	90 e0       	ldi	r25, 0x00	; 0
    2760:	9c 8b       	std	Y+20, r25	; 0x14
    2762:	8b 8b       	std	Y+19, r24	; 0x13
    2764:	3f c0       	rjmp	.+126    	; 0x27e4 <HLCD_vInit+0x2de>
	else if (__tmp > 65535)
    2766:	6d 89       	ldd	r22, Y+21	; 0x15
    2768:	7e 89       	ldd	r23, Y+22	; 0x16
    276a:	8f 89       	ldd	r24, Y+23	; 0x17
    276c:	98 8d       	ldd	r25, Y+24	; 0x18
    276e:	20 e0       	ldi	r18, 0x00	; 0
    2770:	3f ef       	ldi	r19, 0xFF	; 255
    2772:	4f e7       	ldi	r20, 0x7F	; 127
    2774:	57 e4       	ldi	r21, 0x47	; 71
    2776:	0e 94 19 03 	call	0x632	; 0x632 <__gtsf2>
    277a:	18 16       	cp	r1, r24
    277c:	4c f5       	brge	.+82     	; 0x27d0 <HLCD_vInit+0x2ca>
	{
		//	__ticks = requested delay in 1/10 ms
		__ticks = (uint16_t) (__ms * 10.0);
    277e:	69 8d       	ldd	r22, Y+25	; 0x19
    2780:	7a 8d       	ldd	r23, Y+26	; 0x1a
    2782:	8b 8d       	ldd	r24, Y+27	; 0x1b
    2784:	9c 8d       	ldd	r25, Y+28	; 0x1c
    2786:	20 e0       	ldi	r18, 0x00	; 0
    2788:	30 e0       	ldi	r19, 0x00	; 0
    278a:	40 e2       	ldi	r20, 0x20	; 32
    278c:	51 e4       	ldi	r21, 0x41	; 65
    278e:	0e 94 1f 02 	call	0x43e	; 0x43e <__mulsf3>
    2792:	dc 01       	movw	r26, r24
    2794:	cb 01       	movw	r24, r22
    2796:	bc 01       	movw	r22, r24
    2798:	cd 01       	movw	r24, r26
    279a:	0e 94 49 00 	call	0x92	; 0x92 <__fixunssfsi>
    279e:	dc 01       	movw	r26, r24
    27a0:	cb 01       	movw	r24, r22
    27a2:	9c 8b       	std	Y+20, r25	; 0x14
    27a4:	8b 8b       	std	Y+19, r24	; 0x13
    27a6:	0f c0       	rjmp	.+30     	; 0x27c6 <HLCD_vInit+0x2c0>
    27a8:	88 ec       	ldi	r24, 0xC8	; 200
    27aa:	90 e0       	ldi	r25, 0x00	; 0
    27ac:	9a 8b       	std	Y+18, r25	; 0x12
    27ae:	89 8b       	std	Y+17, r24	; 0x11
    27b0:	89 89       	ldd	r24, Y+17	; 0x11
    27b2:	9a 89       	ldd	r25, Y+18	; 0x12
    27b4:	01 97       	sbiw	r24, 0x01	; 1
    27b6:	f1 f7       	brne	.-4      	; 0x27b4 <HLCD_vInit+0x2ae>
    27b8:	9a 8b       	std	Y+18, r25	; 0x12
    27ba:	89 8b       	std	Y+17, r24	; 0x11
		while(__ticks)
		{
			// wait 1/10 ms
			_delay_loop_2(((F_CPU) / 4e3) / 10);
			__ticks --;
    27bc:	8b 89       	ldd	r24, Y+19	; 0x13
    27be:	9c 89       	ldd	r25, Y+20	; 0x14
    27c0:	01 97       	sbiw	r24, 0x01	; 1
    27c2:	9c 8b       	std	Y+20, r25	; 0x14
    27c4:	8b 8b       	std	Y+19, r24	; 0x13
		__ticks = 1;
	else if (__tmp > 65535)
	{
		//	__ticks = requested delay in 1/10 ms
		__ticks = (uint16_t) (__ms * 10.0);
		while(__ticks)
    27c6:	8b 89       	ldd	r24, Y+19	; 0x13
    27c8:	9c 89       	ldd	r25, Y+20	; 0x14
    27ca:	00 97       	sbiw	r24, 0x00	; 0
    27cc:	69 f7       	brne	.-38     	; 0x27a8 <HLCD_vInit+0x2a2>
    27ce:	14 c0       	rjmp	.+40     	; 0x27f8 <HLCD_vInit+0x2f2>
			__ticks --;
		}
		return;
	}
	else
		__ticks = (uint16_t)__tmp;
    27d0:	6d 89       	ldd	r22, Y+21	; 0x15
    27d2:	7e 89       	ldd	r23, Y+22	; 0x16
    27d4:	8f 89       	ldd	r24, Y+23	; 0x17
    27d6:	98 8d       	ldd	r25, Y+24	; 0x18
    27d8:	0e 94 49 00 	call	0x92	; 0x92 <__fixunssfsi>
    27dc:	dc 01       	movw	r26, r24
    27de:	cb 01       	movw	r24, r22
    27e0:	9c 8b       	std	Y+20, r25	; 0x14
    27e2:	8b 8b       	std	Y+19, r24	; 0x13
    27e4:	8b 89       	ldd	r24, Y+19	; 0x13
    27e6:	9c 89       	ldd	r25, Y+20	; 0x14
    27e8:	98 8b       	std	Y+16, r25	; 0x10
    27ea:	8f 87       	std	Y+15, r24	; 0x0f
    27ec:	8f 85       	ldd	r24, Y+15	; 0x0f
    27ee:	98 89       	ldd	r25, Y+16	; 0x10
    27f0:	01 97       	sbiw	r24, 0x01	; 1
    27f2:	f1 f7       	brne	.-4      	; 0x27f0 <HLCD_vInit+0x2ea>
    27f4:	98 8b       	std	Y+16, r25	; 0x10
    27f6:	8f 87       	std	Y+15, r24	; 0x0f
	_delay_ms(1);
	HLCD_vSendCmd(0x01);	// send clear instruction
    27f8:	81 e0       	ldi	r24, 0x01	; 1
    27fa:	0e 94 7d 14 	call	0x28fa	; 0x28fa <HLCD_vSendCmd>
    27fe:	80 e0       	ldi	r24, 0x00	; 0
    2800:	90 e0       	ldi	r25, 0x00	; 0
    2802:	a0 e0       	ldi	r26, 0x00	; 0
    2804:	b0 e4       	ldi	r27, 0x40	; 64
    2806:	8b 87       	std	Y+11, r24	; 0x0b
    2808:	9c 87       	std	Y+12, r25	; 0x0c
    280a:	ad 87       	std	Y+13, r26	; 0x0d
    280c:	be 87       	std	Y+14, r27	; 0x0e
 */
void
_delay_ms(double __ms)
{
	uint16_t __ticks;
	double __tmp = ((F_CPU) / 4e3) * __ms;
    280e:	6b 85       	ldd	r22, Y+11	; 0x0b
    2810:	7c 85       	ldd	r23, Y+12	; 0x0c
    2812:	8d 85       	ldd	r24, Y+13	; 0x0d
    2814:	9e 85       	ldd	r25, Y+14	; 0x0e
    2816:	20 e0       	ldi	r18, 0x00	; 0
    2818:	30 e0       	ldi	r19, 0x00	; 0
    281a:	4a ef       	ldi	r20, 0xFA	; 250
    281c:	54 e4       	ldi	r21, 0x44	; 68
    281e:	0e 94 1f 02 	call	0x43e	; 0x43e <__mulsf3>
    2822:	dc 01       	movw	r26, r24
    2824:	cb 01       	movw	r24, r22
    2826:	8f 83       	std	Y+7, r24	; 0x07
    2828:	98 87       	std	Y+8, r25	; 0x08
    282a:	a9 87       	std	Y+9, r26	; 0x09
    282c:	ba 87       	std	Y+10, r27	; 0x0a
	if (__tmp < 1.0)
    282e:	6f 81       	ldd	r22, Y+7	; 0x07
    2830:	78 85       	ldd	r23, Y+8	; 0x08
    2832:	89 85       	ldd	r24, Y+9	; 0x09
    2834:	9a 85       	ldd	r25, Y+10	; 0x0a
    2836:	20 e0       	ldi	r18, 0x00	; 0
    2838:	30 e0       	ldi	r19, 0x00	; 0
    283a:	40 e8       	ldi	r20, 0x80	; 128
    283c:	5f e3       	ldi	r21, 0x3F	; 63
    283e:	0e 94 79 03 	call	0x6f2	; 0x6f2 <__ltsf2>
    2842:	88 23       	and	r24, r24
    2844:	2c f4       	brge	.+10     	; 0x2850 <HLCD_vInit+0x34a>
		__ticks = 1;
    2846:	81 e0       	ldi	r24, 0x01	; 1
    2848:	90 e0       	ldi	r25, 0x00	; 0
    284a:	9e 83       	std	Y+6, r25	; 0x06
    284c:	8d 83       	std	Y+5, r24	; 0x05
    284e:	3f c0       	rjmp	.+126    	; 0x28ce <HLCD_vInit+0x3c8>
	else if (__tmp > 65535)
    2850:	6f 81       	ldd	r22, Y+7	; 0x07
    2852:	78 85       	ldd	r23, Y+8	; 0x08
    2854:	89 85       	ldd	r24, Y+9	; 0x09
    2856:	9a 85       	ldd	r25, Y+10	; 0x0a
    2858:	20 e0       	ldi	r18, 0x00	; 0
    285a:	3f ef       	ldi	r19, 0xFF	; 255
    285c:	4f e7       	ldi	r20, 0x7F	; 127
    285e:	57 e4       	ldi	r21, 0x47	; 71
    2860:	0e 94 19 03 	call	0x632	; 0x632 <__gtsf2>
    2864:	18 16       	cp	r1, r24
    2866:	4c f5       	brge	.+82     	; 0x28ba <HLCD_vInit+0x3b4>
	{
		//	__ticks = requested delay in 1/10 ms
		__ticks = (uint16_t) (__ms * 10.0);
    2868:	6b 85       	ldd	r22, Y+11	; 0x0b
    286a:	7c 85       	ldd	r23, Y+12	; 0x0c
    286c:	8d 85       	ldd	r24, Y+13	; 0x0d
    286e:	9e 85       	ldd	r25, Y+14	; 0x0e
    2870:	20 e0       	ldi	r18, 0x00	; 0
    2872:	30 e0       	ldi	r19, 0x00	; 0
    2874:	40 e2       	ldi	r20, 0x20	; 32
    2876:	51 e4       	ldi	r21, 0x41	; 65
    2878:	0e 94 1f 02 	call	0x43e	; 0x43e <__mulsf3>
    287c:	dc 01       	movw	r26, r24
    287e:	cb 01       	movw	r24, r22
    2880:	bc 01       	movw	r22, r24
    2882:	cd 01       	movw	r24, r26
    2884:	0e 94 49 00 	call	0x92	; 0x92 <__fixunssfsi>
    2888:	dc 01       	movw	r26, r24
    288a:	cb 01       	movw	r24, r22
    288c:	9e 83       	std	Y+6, r25	; 0x06
    288e:	8d 83       	std	Y+5, r24	; 0x05
    2890:	0f c0       	rjmp	.+30     	; 0x28b0 <HLCD_vInit+0x3aa>
    2892:	88 ec       	ldi	r24, 0xC8	; 200
    2894:	90 e0       	ldi	r25, 0x00	; 0
    2896:	9c 83       	std	Y+4, r25	; 0x04
    2898:	8b 83       	std	Y+3, r24	; 0x03
    289a:	8b 81       	ldd	r24, Y+3	; 0x03
    289c:	9c 81       	ldd	r25, Y+4	; 0x04
    289e:	01 97       	sbiw	r24, 0x01	; 1
    28a0:	f1 f7       	brne	.-4      	; 0x289e <HLCD_vInit+0x398>
    28a2:	9c 83       	std	Y+4, r25	; 0x04
    28a4:	8b 83       	std	Y+3, r24	; 0x03
		while(__ticks)
		{
			// wait 1/10 ms
			_delay_loop_2(((F_CPU) / 4e3) / 10);
			__ticks --;
    28a6:	8d 81       	ldd	r24, Y+5	; 0x05
    28a8:	9e 81       	ldd	r25, Y+6	; 0x06
    28aa:	01 97       	sbiw	r24, 0x01	; 1
    28ac:	9e 83       	std	Y+6, r25	; 0x06
    28ae:	8d 83       	std	Y+5, r24	; 0x05
		__ticks = 1;
	else if (__tmp > 65535)
	{
		//	__ticks = requested delay in 1/10 ms
		__ticks = (uint16_t) (__ms * 10.0);
		while(__ticks)
    28b0:	8d 81       	ldd	r24, Y+5	; 0x05
    28b2:	9e 81       	ldd	r25, Y+6	; 0x06
    28b4:	00 97       	sbiw	r24, 0x00	; 0
    28b6:	69 f7       	brne	.-38     	; 0x2892 <HLCD_vInit+0x38c>
    28b8:	14 c0       	rjmp	.+40     	; 0x28e2 <HLCD_vInit+0x3dc>
			__ticks --;
		}
		return;
	}
	else
		__ticks = (uint16_t)__tmp;
    28ba:	6f 81       	ldd	r22, Y+7	; 0x07
    28bc:	78 85       	ldd	r23, Y+8	; 0x08
    28be:	89 85       	ldd	r24, Y+9	; 0x09
    28c0:	9a 85       	ldd	r25, Y+10	; 0x0a
    28c2:	0e 94 49 00 	call	0x92	; 0x92 <__fixunssfsi>
    28c6:	dc 01       	movw	r26, r24
    28c8:	cb 01       	movw	r24, r22
    28ca:	9e 83       	std	Y+6, r25	; 0x06
    28cc:	8d 83       	std	Y+5, r24	; 0x05
    28ce:	8d 81       	ldd	r24, Y+5	; 0x05
    28d0:	9e 81       	ldd	r25, Y+6	; 0x06
    28d2:	9a 83       	std	Y+2, r25	; 0x02
    28d4:	89 83       	std	Y+1, r24	; 0x01
    28d6:	89 81       	ldd	r24, Y+1	; 0x01
    28d8:	9a 81       	ldd	r25, Y+2	; 0x02
    28da:	01 97       	sbiw	r24, 0x01	; 1
    28dc:	f1 f7       	brne	.-4      	; 0x28da <HLCD_vInit+0x3d4>
    28de:	9a 83       	std	Y+2, r25	; 0x02
    28e0:	89 83       	std	Y+1, r24	; 0x01
	_delay_ms(2);
	HLCD_vSendCmd(0x06);	// send entry mode set instruction
    28e2:	86 e0       	ldi	r24, 0x06	; 6
    28e4:	0e 94 7d 14 	call	0x28fa	; 0x28fa <HLCD_vSendCmd>

}
    28e8:	e8 96       	adiw	r28, 0x38	; 56
    28ea:	0f b6       	in	r0, 0x3f	; 63
    28ec:	f8 94       	cli
    28ee:	de bf       	out	0x3e, r29	; 62
    28f0:	0f be       	out	0x3f, r0	; 63
    28f2:	cd bf       	out	0x3d, r28	; 61
    28f4:	cf 91       	pop	r28
    28f6:	df 91       	pop	r29
    28f8:	08 95       	ret

000028fa <HLCD_vSendCmd>:
void HLCD_vSendCmd(u8 A_u8cmd)
{
    28fa:	df 93       	push	r29
    28fc:	cf 93       	push	r28
    28fe:	cd b7       	in	r28, 0x3d	; 61
    2900:	de b7       	in	r29, 0x3e	; 62
    2902:	6d 97       	sbiw	r28, 0x1d	; 29
    2904:	0f b6       	in	r0, 0x3f	; 63
    2906:	f8 94       	cli
    2908:	de bf       	out	0x3e, r29	; 62
    290a:	0f be       	out	0x3f, r0	; 63
    290c:	cd bf       	out	0x3d, r28	; 61
    290e:	8d 8f       	std	Y+29, r24	; 0x1d
	/* Control RS to Send Command */
	MDIO_vSetPinVal(LCD_CTRL_PORT, LCD_RS, DIO_LOW);
    2910:	80 e0       	ldi	r24, 0x00	; 0
    2912:	60 e0       	ldi	r22, 0x00	; 0
    2914:	40 e0       	ldi	r20, 0x00	; 0
    2916:	0e 94 c4 09 	call	0x1388	; 0x1388 <MDIO_vSetPinVal>

	/* Reset RW to Enable Writing */
	MDIO_vSetPinVal(LCD_CTRL_PORT, LCD_RW, DIO_LOW);
    291a:	80 e0       	ldi	r24, 0x00	; 0
    291c:	61 e0       	ldi	r22, 0x01	; 1
    291e:	40 e0       	ldi	r20, 0x00	; 0
    2920:	0e 94 c4 09 	call	0x1388	; 0x1388 <MDIO_vSetPinVal>

	/* Write instruction */
	MDIO_vSetPortVal(LCD_DATA_PORT, A_u8cmd);
    2924:	83 e0       	ldi	r24, 0x03	; 3
    2926:	6d 8d       	ldd	r22, Y+29	; 0x1d
    2928:	0e 94 76 0b 	call	0x16ec	; 0x16ec <MDIO_vSetPortVal>

	/* Pulse on Enable */
	MDIO_vSetPinVal(LCD_CTRL_PORT, LCD_E, DIO_HIGH);
    292c:	80 e0       	ldi	r24, 0x00	; 0
    292e:	62 e0       	ldi	r22, 0x02	; 2
    2930:	41 e0       	ldi	r20, 0x01	; 1
    2932:	0e 94 c4 09 	call	0x1388	; 0x1388 <MDIO_vSetPinVal>
    2936:	80 e0       	ldi	r24, 0x00	; 0
    2938:	90 e0       	ldi	r25, 0x00	; 0
    293a:	a0 e8       	ldi	r26, 0x80	; 128
    293c:	bf e3       	ldi	r27, 0x3F	; 63
    293e:	89 8f       	std	Y+25, r24	; 0x19
    2940:	9a 8f       	std	Y+26, r25	; 0x1a
    2942:	ab 8f       	std	Y+27, r26	; 0x1b
    2944:	bc 8f       	std	Y+28, r27	; 0x1c
 */
void
_delay_ms(double __ms)
{
	uint16_t __ticks;
	double __tmp = ((F_CPU) / 4e3) * __ms;
    2946:	69 8d       	ldd	r22, Y+25	; 0x19
    2948:	7a 8d       	ldd	r23, Y+26	; 0x1a
    294a:	8b 8d       	ldd	r24, Y+27	; 0x1b
    294c:	9c 8d       	ldd	r25, Y+28	; 0x1c
    294e:	20 e0       	ldi	r18, 0x00	; 0
    2950:	30 e0       	ldi	r19, 0x00	; 0
    2952:	4a ef       	ldi	r20, 0xFA	; 250
    2954:	54 e4       	ldi	r21, 0x44	; 68
    2956:	0e 94 1f 02 	call	0x43e	; 0x43e <__mulsf3>
    295a:	dc 01       	movw	r26, r24
    295c:	cb 01       	movw	r24, r22
    295e:	8d 8b       	std	Y+21, r24	; 0x15
    2960:	9e 8b       	std	Y+22, r25	; 0x16
    2962:	af 8b       	std	Y+23, r26	; 0x17
    2964:	b8 8f       	std	Y+24, r27	; 0x18
	if (__tmp < 1.0)
    2966:	6d 89       	ldd	r22, Y+21	; 0x15
    2968:	7e 89       	ldd	r23, Y+22	; 0x16
    296a:	8f 89       	ldd	r24, Y+23	; 0x17
    296c:	98 8d       	ldd	r25, Y+24	; 0x18
    296e:	20 e0       	ldi	r18, 0x00	; 0
    2970:	30 e0       	ldi	r19, 0x00	; 0
    2972:	40 e8       	ldi	r20, 0x80	; 128
    2974:	5f e3       	ldi	r21, 0x3F	; 63
    2976:	0e 94 79 03 	call	0x6f2	; 0x6f2 <__ltsf2>
    297a:	88 23       	and	r24, r24
    297c:	2c f4       	brge	.+10     	; 0x2988 <HLCD_vSendCmd+0x8e>
		__ticks = 1;
    297e:	81 e0       	ldi	r24, 0x01	; 1
    2980:	90 e0       	ldi	r25, 0x00	; 0
    2982:	9c 8b       	std	Y+20, r25	; 0x14
    2984:	8b 8b       	std	Y+19, r24	; 0x13
    2986:	3f c0       	rjmp	.+126    	; 0x2a06 <HLCD_vSendCmd+0x10c>
	else if (__tmp > 65535)
    2988:	6d 89       	ldd	r22, Y+21	; 0x15
    298a:	7e 89       	ldd	r23, Y+22	; 0x16
    298c:	8f 89       	ldd	r24, Y+23	; 0x17
    298e:	98 8d       	ldd	r25, Y+24	; 0x18
    2990:	20 e0       	ldi	r18, 0x00	; 0
    2992:	3f ef       	ldi	r19, 0xFF	; 255
    2994:	4f e7       	ldi	r20, 0x7F	; 127
    2996:	57 e4       	ldi	r21, 0x47	; 71
    2998:	0e 94 19 03 	call	0x632	; 0x632 <__gtsf2>
    299c:	18 16       	cp	r1, r24
    299e:	4c f5       	brge	.+82     	; 0x29f2 <HLCD_vSendCmd+0xf8>
	{
		//	__ticks = requested delay in 1/10 ms
		__ticks = (uint16_t) (__ms * 10.0);
    29a0:	69 8d       	ldd	r22, Y+25	; 0x19
    29a2:	7a 8d       	ldd	r23, Y+26	; 0x1a
    29a4:	8b 8d       	ldd	r24, Y+27	; 0x1b
    29a6:	9c 8d       	ldd	r25, Y+28	; 0x1c
    29a8:	20 e0       	ldi	r18, 0x00	; 0
    29aa:	30 e0       	ldi	r19, 0x00	; 0
    29ac:	40 e2       	ldi	r20, 0x20	; 32
    29ae:	51 e4       	ldi	r21, 0x41	; 65
    29b0:	0e 94 1f 02 	call	0x43e	; 0x43e <__mulsf3>
    29b4:	dc 01       	movw	r26, r24
    29b6:	cb 01       	movw	r24, r22
    29b8:	bc 01       	movw	r22, r24
    29ba:	cd 01       	movw	r24, r26
    29bc:	0e 94 49 00 	call	0x92	; 0x92 <__fixunssfsi>
    29c0:	dc 01       	movw	r26, r24
    29c2:	cb 01       	movw	r24, r22
    29c4:	9c 8b       	std	Y+20, r25	; 0x14
    29c6:	8b 8b       	std	Y+19, r24	; 0x13
    29c8:	0f c0       	rjmp	.+30     	; 0x29e8 <HLCD_vSendCmd+0xee>
    29ca:	88 ec       	ldi	r24, 0xC8	; 200
    29cc:	90 e0       	ldi	r25, 0x00	; 0
    29ce:	9a 8b       	std	Y+18, r25	; 0x12
    29d0:	89 8b       	std	Y+17, r24	; 0x11
    29d2:	89 89       	ldd	r24, Y+17	; 0x11
    29d4:	9a 89       	ldd	r25, Y+18	; 0x12
    29d6:	01 97       	sbiw	r24, 0x01	; 1
    29d8:	f1 f7       	brne	.-4      	; 0x29d6 <HLCD_vSendCmd+0xdc>
    29da:	9a 8b       	std	Y+18, r25	; 0x12
    29dc:	89 8b       	std	Y+17, r24	; 0x11
		while(__ticks)
		{
			// wait 1/10 ms
			_delay_loop_2(((F_CPU) / 4e3) / 10);
			__ticks --;
    29de:	8b 89       	ldd	r24, Y+19	; 0x13
    29e0:	9c 89       	ldd	r25, Y+20	; 0x14
    29e2:	01 97       	sbiw	r24, 0x01	; 1
    29e4:	9c 8b       	std	Y+20, r25	; 0x14
    29e6:	8b 8b       	std	Y+19, r24	; 0x13
		__ticks = 1;
	else if (__tmp > 65535)
	{
		//	__ticks = requested delay in 1/10 ms
		__ticks = (uint16_t) (__ms * 10.0);
		while(__ticks)
    29e8:	8b 89       	ldd	r24, Y+19	; 0x13
    29ea:	9c 89       	ldd	r25, Y+20	; 0x14
    29ec:	00 97       	sbiw	r24, 0x00	; 0
    29ee:	69 f7       	brne	.-38     	; 0x29ca <HLCD_vSendCmd+0xd0>
    29f0:	14 c0       	rjmp	.+40     	; 0x2a1a <HLCD_vSendCmd+0x120>
			__ticks --;
		}
		return;
	}
	else
		__ticks = (uint16_t)__tmp;
    29f2:	6d 89       	ldd	r22, Y+21	; 0x15
    29f4:	7e 89       	ldd	r23, Y+22	; 0x16
    29f6:	8f 89       	ldd	r24, Y+23	; 0x17
    29f8:	98 8d       	ldd	r25, Y+24	; 0x18
    29fa:	0e 94 49 00 	call	0x92	; 0x92 <__fixunssfsi>
    29fe:	dc 01       	movw	r26, r24
    2a00:	cb 01       	movw	r24, r22
    2a02:	9c 8b       	std	Y+20, r25	; 0x14
    2a04:	8b 8b       	std	Y+19, r24	; 0x13
    2a06:	8b 89       	ldd	r24, Y+19	; 0x13
    2a08:	9c 89       	ldd	r25, Y+20	; 0x14
    2a0a:	98 8b       	std	Y+16, r25	; 0x10
    2a0c:	8f 87       	std	Y+15, r24	; 0x0f
    2a0e:	8f 85       	ldd	r24, Y+15	; 0x0f
    2a10:	98 89       	ldd	r25, Y+16	; 0x10
    2a12:	01 97       	sbiw	r24, 0x01	; 1
    2a14:	f1 f7       	brne	.-4      	; 0x2a12 <HLCD_vSendCmd+0x118>
    2a16:	98 8b       	std	Y+16, r25	; 0x10
    2a18:	8f 87       	std	Y+15, r24	; 0x0f
	_delay_ms(1);
	MDIO_vSetPinVal(LCD_CTRL_PORT, LCD_E, DIO_LOW);
    2a1a:	80 e0       	ldi	r24, 0x00	; 0
    2a1c:	62 e0       	ldi	r22, 0x02	; 2
    2a1e:	40 e0       	ldi	r20, 0x00	; 0
    2a20:	0e 94 c4 09 	call	0x1388	; 0x1388 <MDIO_vSetPinVal>
    2a24:	80 e0       	ldi	r24, 0x00	; 0
    2a26:	90 e0       	ldi	r25, 0x00	; 0
    2a28:	a0 e8       	ldi	r26, 0x80	; 128
    2a2a:	bf e3       	ldi	r27, 0x3F	; 63
    2a2c:	8b 87       	std	Y+11, r24	; 0x0b
    2a2e:	9c 87       	std	Y+12, r25	; 0x0c
    2a30:	ad 87       	std	Y+13, r26	; 0x0d
    2a32:	be 87       	std	Y+14, r27	; 0x0e
 */
void
_delay_ms(double __ms)
{
	uint16_t __ticks;
	double __tmp = ((F_CPU) / 4e3) * __ms;
    2a34:	6b 85       	ldd	r22, Y+11	; 0x0b
    2a36:	7c 85       	ldd	r23, Y+12	; 0x0c
    2a38:	8d 85       	ldd	r24, Y+13	; 0x0d
    2a3a:	9e 85       	ldd	r25, Y+14	; 0x0e
    2a3c:	20 e0       	ldi	r18, 0x00	; 0
    2a3e:	30 e0       	ldi	r19, 0x00	; 0
    2a40:	4a ef       	ldi	r20, 0xFA	; 250
    2a42:	54 e4       	ldi	r21, 0x44	; 68
    2a44:	0e 94 1f 02 	call	0x43e	; 0x43e <__mulsf3>
    2a48:	dc 01       	movw	r26, r24
    2a4a:	cb 01       	movw	r24, r22
    2a4c:	8f 83       	std	Y+7, r24	; 0x07
    2a4e:	98 87       	std	Y+8, r25	; 0x08
    2a50:	a9 87       	std	Y+9, r26	; 0x09
    2a52:	ba 87       	std	Y+10, r27	; 0x0a
	if (__tmp < 1.0)
    2a54:	6f 81       	ldd	r22, Y+7	; 0x07
    2a56:	78 85       	ldd	r23, Y+8	; 0x08
    2a58:	89 85       	ldd	r24, Y+9	; 0x09
    2a5a:	9a 85       	ldd	r25, Y+10	; 0x0a
    2a5c:	20 e0       	ldi	r18, 0x00	; 0
    2a5e:	30 e0       	ldi	r19, 0x00	; 0
    2a60:	40 e8       	ldi	r20, 0x80	; 128
    2a62:	5f e3       	ldi	r21, 0x3F	; 63
    2a64:	0e 94 79 03 	call	0x6f2	; 0x6f2 <__ltsf2>
    2a68:	88 23       	and	r24, r24
    2a6a:	2c f4       	brge	.+10     	; 0x2a76 <HLCD_vSendCmd+0x17c>
		__ticks = 1;
    2a6c:	81 e0       	ldi	r24, 0x01	; 1
    2a6e:	90 e0       	ldi	r25, 0x00	; 0
    2a70:	9e 83       	std	Y+6, r25	; 0x06
    2a72:	8d 83       	std	Y+5, r24	; 0x05
    2a74:	3f c0       	rjmp	.+126    	; 0x2af4 <HLCD_vSendCmd+0x1fa>
	else if (__tmp > 65535)
    2a76:	6f 81       	ldd	r22, Y+7	; 0x07
    2a78:	78 85       	ldd	r23, Y+8	; 0x08
    2a7a:	89 85       	ldd	r24, Y+9	; 0x09
    2a7c:	9a 85       	ldd	r25, Y+10	; 0x0a
    2a7e:	20 e0       	ldi	r18, 0x00	; 0
    2a80:	3f ef       	ldi	r19, 0xFF	; 255
    2a82:	4f e7       	ldi	r20, 0x7F	; 127
    2a84:	57 e4       	ldi	r21, 0x47	; 71
    2a86:	0e 94 19 03 	call	0x632	; 0x632 <__gtsf2>
    2a8a:	18 16       	cp	r1, r24
    2a8c:	4c f5       	brge	.+82     	; 0x2ae0 <HLCD_vSendCmd+0x1e6>
	{
		//	__ticks = requested delay in 1/10 ms
		__ticks = (uint16_t) (__ms * 10.0);
    2a8e:	6b 85       	ldd	r22, Y+11	; 0x0b
    2a90:	7c 85       	ldd	r23, Y+12	; 0x0c
    2a92:	8d 85       	ldd	r24, Y+13	; 0x0d
    2a94:	9e 85       	ldd	r25, Y+14	; 0x0e
    2a96:	20 e0       	ldi	r18, 0x00	; 0
    2a98:	30 e0       	ldi	r19, 0x00	; 0
    2a9a:	40 e2       	ldi	r20, 0x20	; 32
    2a9c:	51 e4       	ldi	r21, 0x41	; 65
    2a9e:	0e 94 1f 02 	call	0x43e	; 0x43e <__mulsf3>
    2aa2:	dc 01       	movw	r26, r24
    2aa4:	cb 01       	movw	r24, r22
    2aa6:	bc 01       	movw	r22, r24
    2aa8:	cd 01       	movw	r24, r26
    2aaa:	0e 94 49 00 	call	0x92	; 0x92 <__fixunssfsi>
    2aae:	dc 01       	movw	r26, r24
    2ab0:	cb 01       	movw	r24, r22
    2ab2:	9e 83       	std	Y+6, r25	; 0x06
    2ab4:	8d 83       	std	Y+5, r24	; 0x05
    2ab6:	0f c0       	rjmp	.+30     	; 0x2ad6 <HLCD_vSendCmd+0x1dc>
    2ab8:	88 ec       	ldi	r24, 0xC8	; 200
    2aba:	90 e0       	ldi	r25, 0x00	; 0
    2abc:	9c 83       	std	Y+4, r25	; 0x04
    2abe:	8b 83       	std	Y+3, r24	; 0x03
    2ac0:	8b 81       	ldd	r24, Y+3	; 0x03
    2ac2:	9c 81       	ldd	r25, Y+4	; 0x04
    2ac4:	01 97       	sbiw	r24, 0x01	; 1
    2ac6:	f1 f7       	brne	.-4      	; 0x2ac4 <HLCD_vSendCmd+0x1ca>
    2ac8:	9c 83       	std	Y+4, r25	; 0x04
    2aca:	8b 83       	std	Y+3, r24	; 0x03
		while(__ticks)
		{
			// wait 1/10 ms
			_delay_loop_2(((F_CPU) / 4e3) / 10);
			__ticks --;
    2acc:	8d 81       	ldd	r24, Y+5	; 0x05
    2ace:	9e 81       	ldd	r25, Y+6	; 0x06
    2ad0:	01 97       	sbiw	r24, 0x01	; 1
    2ad2:	9e 83       	std	Y+6, r25	; 0x06
    2ad4:	8d 83       	std	Y+5, r24	; 0x05
		__ticks = 1;
	else if (__tmp > 65535)
	{
		//	__ticks = requested delay in 1/10 ms
		__ticks = (uint16_t) (__ms * 10.0);
		while(__ticks)
    2ad6:	8d 81       	ldd	r24, Y+5	; 0x05
    2ad8:	9e 81       	ldd	r25, Y+6	; 0x06
    2ada:	00 97       	sbiw	r24, 0x00	; 0
    2adc:	69 f7       	brne	.-38     	; 0x2ab8 <HLCD_vSendCmd+0x1be>
    2ade:	14 c0       	rjmp	.+40     	; 0x2b08 <HLCD_vSendCmd+0x20e>
			__ticks --;
		}
		return;
	}
	else
		__ticks = (uint16_t)__tmp;
    2ae0:	6f 81       	ldd	r22, Y+7	; 0x07
    2ae2:	78 85       	ldd	r23, Y+8	; 0x08
    2ae4:	89 85       	ldd	r24, Y+9	; 0x09
    2ae6:	9a 85       	ldd	r25, Y+10	; 0x0a
    2ae8:	0e 94 49 00 	call	0x92	; 0x92 <__fixunssfsi>
    2aec:	dc 01       	movw	r26, r24
    2aee:	cb 01       	movw	r24, r22
    2af0:	9e 83       	std	Y+6, r25	; 0x06
    2af2:	8d 83       	std	Y+5, r24	; 0x05
    2af4:	8d 81       	ldd	r24, Y+5	; 0x05
    2af6:	9e 81       	ldd	r25, Y+6	; 0x06
    2af8:	9a 83       	std	Y+2, r25	; 0x02
    2afa:	89 83       	std	Y+1, r24	; 0x01
    2afc:	89 81       	ldd	r24, Y+1	; 0x01
    2afe:	9a 81       	ldd	r25, Y+2	; 0x02
    2b00:	01 97       	sbiw	r24, 0x01	; 1
    2b02:	f1 f7       	brne	.-4      	; 0x2b00 <HLCD_vSendCmd+0x206>
    2b04:	9a 83       	std	Y+2, r25	; 0x02
    2b06:	89 83       	std	Y+1, r24	; 0x01
	_delay_ms(1);

}
    2b08:	6d 96       	adiw	r28, 0x1d	; 29
    2b0a:	0f b6       	in	r0, 0x3f	; 63
    2b0c:	f8 94       	cli
    2b0e:	de bf       	out	0x3e, r29	; 62
    2b10:	0f be       	out	0x3f, r0	; 63
    2b12:	cd bf       	out	0x3d, r28	; 61
    2b14:	cf 91       	pop	r28
    2b16:	df 91       	pop	r29
    2b18:	08 95       	ret

00002b1a <HLCD_vSendChar>:
void HLCD_vSendChar(u8 A_u8Char)
{
    2b1a:	df 93       	push	r29
    2b1c:	cf 93       	push	r28
    2b1e:	cd b7       	in	r28, 0x3d	; 61
    2b20:	de b7       	in	r29, 0x3e	; 62
    2b22:	6d 97       	sbiw	r28, 0x1d	; 29
    2b24:	0f b6       	in	r0, 0x3f	; 63
    2b26:	f8 94       	cli
    2b28:	de bf       	out	0x3e, r29	; 62
    2b2a:	0f be       	out	0x3f, r0	; 63
    2b2c:	cd bf       	out	0x3d, r28	; 61
    2b2e:	8d 8f       	std	Y+29, r24	; 0x1d
	/* Control RS to Send Data */
	MDIO_vSetPinVal(LCD_CTRL_PORT, LCD_RS, DIO_HIGH);
    2b30:	80 e0       	ldi	r24, 0x00	; 0
    2b32:	60 e0       	ldi	r22, 0x00	; 0
    2b34:	41 e0       	ldi	r20, 0x01	; 1
    2b36:	0e 94 c4 09 	call	0x1388	; 0x1388 <MDIO_vSetPinVal>

	/* Reset RW to Enable Writing */
	MDIO_vSetPinVal(LCD_CTRL_PORT, LCD_RW, DIO_LOW);
    2b3a:	80 e0       	ldi	r24, 0x00	; 0
    2b3c:	61 e0       	ldi	r22, 0x01	; 1
    2b3e:	40 e0       	ldi	r20, 0x00	; 0
    2b40:	0e 94 c4 09 	call	0x1388	; 0x1388 <MDIO_vSetPinVal>

	/* Write instruction */
	MDIO_vSetPortVal(LCD_DATA_PORT, A_u8Char);
    2b44:	83 e0       	ldi	r24, 0x03	; 3
    2b46:	6d 8d       	ldd	r22, Y+29	; 0x1d
    2b48:	0e 94 76 0b 	call	0x16ec	; 0x16ec <MDIO_vSetPortVal>

	/* Pulse on Enable */
	MDIO_vSetPinVal(LCD_CTRL_PORT, LCD_E, DIO_HIGH);
    2b4c:	80 e0       	ldi	r24, 0x00	; 0
    2b4e:	62 e0       	ldi	r22, 0x02	; 2
    2b50:	41 e0       	ldi	r20, 0x01	; 1
    2b52:	0e 94 c4 09 	call	0x1388	; 0x1388 <MDIO_vSetPinVal>
    2b56:	80 e0       	ldi	r24, 0x00	; 0
    2b58:	90 e0       	ldi	r25, 0x00	; 0
    2b5a:	a0 e8       	ldi	r26, 0x80	; 128
    2b5c:	bf e3       	ldi	r27, 0x3F	; 63
    2b5e:	89 8f       	std	Y+25, r24	; 0x19
    2b60:	9a 8f       	std	Y+26, r25	; 0x1a
    2b62:	ab 8f       	std	Y+27, r26	; 0x1b
    2b64:	bc 8f       	std	Y+28, r27	; 0x1c
 */
void
_delay_ms(double __ms)
{
	uint16_t __ticks;
	double __tmp = ((F_CPU) / 4e3) * __ms;
    2b66:	69 8d       	ldd	r22, Y+25	; 0x19
    2b68:	7a 8d       	ldd	r23, Y+26	; 0x1a
    2b6a:	8b 8d       	ldd	r24, Y+27	; 0x1b
    2b6c:	9c 8d       	ldd	r25, Y+28	; 0x1c
    2b6e:	20 e0       	ldi	r18, 0x00	; 0
    2b70:	30 e0       	ldi	r19, 0x00	; 0
    2b72:	4a ef       	ldi	r20, 0xFA	; 250
    2b74:	54 e4       	ldi	r21, 0x44	; 68
    2b76:	0e 94 1f 02 	call	0x43e	; 0x43e <__mulsf3>
    2b7a:	dc 01       	movw	r26, r24
    2b7c:	cb 01       	movw	r24, r22
    2b7e:	8d 8b       	std	Y+21, r24	; 0x15
    2b80:	9e 8b       	std	Y+22, r25	; 0x16
    2b82:	af 8b       	std	Y+23, r26	; 0x17
    2b84:	b8 8f       	std	Y+24, r27	; 0x18
	if (__tmp < 1.0)
    2b86:	6d 89       	ldd	r22, Y+21	; 0x15
    2b88:	7e 89       	ldd	r23, Y+22	; 0x16
    2b8a:	8f 89       	ldd	r24, Y+23	; 0x17
    2b8c:	98 8d       	ldd	r25, Y+24	; 0x18
    2b8e:	20 e0       	ldi	r18, 0x00	; 0
    2b90:	30 e0       	ldi	r19, 0x00	; 0
    2b92:	40 e8       	ldi	r20, 0x80	; 128
    2b94:	5f e3       	ldi	r21, 0x3F	; 63
    2b96:	0e 94 79 03 	call	0x6f2	; 0x6f2 <__ltsf2>
    2b9a:	88 23       	and	r24, r24
    2b9c:	2c f4       	brge	.+10     	; 0x2ba8 <HLCD_vSendChar+0x8e>
		__ticks = 1;
    2b9e:	81 e0       	ldi	r24, 0x01	; 1
    2ba0:	90 e0       	ldi	r25, 0x00	; 0
    2ba2:	9c 8b       	std	Y+20, r25	; 0x14
    2ba4:	8b 8b       	std	Y+19, r24	; 0x13
    2ba6:	3f c0       	rjmp	.+126    	; 0x2c26 <HLCD_vSendChar+0x10c>
	else if (__tmp > 65535)
    2ba8:	6d 89       	ldd	r22, Y+21	; 0x15
    2baa:	7e 89       	ldd	r23, Y+22	; 0x16
    2bac:	8f 89       	ldd	r24, Y+23	; 0x17
    2bae:	98 8d       	ldd	r25, Y+24	; 0x18
    2bb0:	20 e0       	ldi	r18, 0x00	; 0
    2bb2:	3f ef       	ldi	r19, 0xFF	; 255
    2bb4:	4f e7       	ldi	r20, 0x7F	; 127
    2bb6:	57 e4       	ldi	r21, 0x47	; 71
    2bb8:	0e 94 19 03 	call	0x632	; 0x632 <__gtsf2>
    2bbc:	18 16       	cp	r1, r24
    2bbe:	4c f5       	brge	.+82     	; 0x2c12 <HLCD_vSendChar+0xf8>
	{
		//	__ticks = requested delay in 1/10 ms
		__ticks = (uint16_t) (__ms * 10.0);
    2bc0:	69 8d       	ldd	r22, Y+25	; 0x19
    2bc2:	7a 8d       	ldd	r23, Y+26	; 0x1a
    2bc4:	8b 8d       	ldd	r24, Y+27	; 0x1b
    2bc6:	9c 8d       	ldd	r25, Y+28	; 0x1c
    2bc8:	20 e0       	ldi	r18, 0x00	; 0
    2bca:	30 e0       	ldi	r19, 0x00	; 0
    2bcc:	40 e2       	ldi	r20, 0x20	; 32
    2bce:	51 e4       	ldi	r21, 0x41	; 65
    2bd0:	0e 94 1f 02 	call	0x43e	; 0x43e <__mulsf3>
    2bd4:	dc 01       	movw	r26, r24
    2bd6:	cb 01       	movw	r24, r22
    2bd8:	bc 01       	movw	r22, r24
    2bda:	cd 01       	movw	r24, r26
    2bdc:	0e 94 49 00 	call	0x92	; 0x92 <__fixunssfsi>
    2be0:	dc 01       	movw	r26, r24
    2be2:	cb 01       	movw	r24, r22
    2be4:	9c 8b       	std	Y+20, r25	; 0x14
    2be6:	8b 8b       	std	Y+19, r24	; 0x13
    2be8:	0f c0       	rjmp	.+30     	; 0x2c08 <HLCD_vSendChar+0xee>
    2bea:	88 ec       	ldi	r24, 0xC8	; 200
    2bec:	90 e0       	ldi	r25, 0x00	; 0
    2bee:	9a 8b       	std	Y+18, r25	; 0x12
    2bf0:	89 8b       	std	Y+17, r24	; 0x11
    2bf2:	89 89       	ldd	r24, Y+17	; 0x11
    2bf4:	9a 89       	ldd	r25, Y+18	; 0x12
    2bf6:	01 97       	sbiw	r24, 0x01	; 1
    2bf8:	f1 f7       	brne	.-4      	; 0x2bf6 <HLCD_vSendChar+0xdc>
    2bfa:	9a 8b       	std	Y+18, r25	; 0x12
    2bfc:	89 8b       	std	Y+17, r24	; 0x11
		while(__ticks)
		{
			// wait 1/10 ms
			_delay_loop_2(((F_CPU) / 4e3) / 10);
			__ticks --;
    2bfe:	8b 89       	ldd	r24, Y+19	; 0x13
    2c00:	9c 89       	ldd	r25, Y+20	; 0x14
    2c02:	01 97       	sbiw	r24, 0x01	; 1
    2c04:	9c 8b       	std	Y+20, r25	; 0x14
    2c06:	8b 8b       	std	Y+19, r24	; 0x13
		__ticks = 1;
	else if (__tmp > 65535)
	{
		//	__ticks = requested delay in 1/10 ms
		__ticks = (uint16_t) (__ms * 10.0);
		while(__ticks)
    2c08:	8b 89       	ldd	r24, Y+19	; 0x13
    2c0a:	9c 89       	ldd	r25, Y+20	; 0x14
    2c0c:	00 97       	sbiw	r24, 0x00	; 0
    2c0e:	69 f7       	brne	.-38     	; 0x2bea <HLCD_vSendChar+0xd0>
    2c10:	14 c0       	rjmp	.+40     	; 0x2c3a <HLCD_vSendChar+0x120>
			__ticks --;
		}
		return;
	}
	else
		__ticks = (uint16_t)__tmp;
    2c12:	6d 89       	ldd	r22, Y+21	; 0x15
    2c14:	7e 89       	ldd	r23, Y+22	; 0x16
    2c16:	8f 89       	ldd	r24, Y+23	; 0x17
    2c18:	98 8d       	ldd	r25, Y+24	; 0x18
    2c1a:	0e 94 49 00 	call	0x92	; 0x92 <__fixunssfsi>
    2c1e:	dc 01       	movw	r26, r24
    2c20:	cb 01       	movw	r24, r22
    2c22:	9c 8b       	std	Y+20, r25	; 0x14
    2c24:	8b 8b       	std	Y+19, r24	; 0x13
    2c26:	8b 89       	ldd	r24, Y+19	; 0x13
    2c28:	9c 89       	ldd	r25, Y+20	; 0x14
    2c2a:	98 8b       	std	Y+16, r25	; 0x10
    2c2c:	8f 87       	std	Y+15, r24	; 0x0f
    2c2e:	8f 85       	ldd	r24, Y+15	; 0x0f
    2c30:	98 89       	ldd	r25, Y+16	; 0x10
    2c32:	01 97       	sbiw	r24, 0x01	; 1
    2c34:	f1 f7       	brne	.-4      	; 0x2c32 <HLCD_vSendChar+0x118>
    2c36:	98 8b       	std	Y+16, r25	; 0x10
    2c38:	8f 87       	std	Y+15, r24	; 0x0f
	_delay_ms(1);
	MDIO_vSetPinVal(LCD_CTRL_PORT, LCD_E, DIO_LOW);
    2c3a:	80 e0       	ldi	r24, 0x00	; 0
    2c3c:	62 e0       	ldi	r22, 0x02	; 2
    2c3e:	40 e0       	ldi	r20, 0x00	; 0
    2c40:	0e 94 c4 09 	call	0x1388	; 0x1388 <MDIO_vSetPinVal>
    2c44:	80 e0       	ldi	r24, 0x00	; 0
    2c46:	90 e0       	ldi	r25, 0x00	; 0
    2c48:	a0 e8       	ldi	r26, 0x80	; 128
    2c4a:	bf e3       	ldi	r27, 0x3F	; 63
    2c4c:	8b 87       	std	Y+11, r24	; 0x0b
    2c4e:	9c 87       	std	Y+12, r25	; 0x0c
    2c50:	ad 87       	std	Y+13, r26	; 0x0d
    2c52:	be 87       	std	Y+14, r27	; 0x0e
 */
void
_delay_ms(double __ms)
{
	uint16_t __ticks;
	double __tmp = ((F_CPU) / 4e3) * __ms;
    2c54:	6b 85       	ldd	r22, Y+11	; 0x0b
    2c56:	7c 85       	ldd	r23, Y+12	; 0x0c
    2c58:	8d 85       	ldd	r24, Y+13	; 0x0d
    2c5a:	9e 85       	ldd	r25, Y+14	; 0x0e
    2c5c:	20 e0       	ldi	r18, 0x00	; 0
    2c5e:	30 e0       	ldi	r19, 0x00	; 0
    2c60:	4a ef       	ldi	r20, 0xFA	; 250
    2c62:	54 e4       	ldi	r21, 0x44	; 68
    2c64:	0e 94 1f 02 	call	0x43e	; 0x43e <__mulsf3>
    2c68:	dc 01       	movw	r26, r24
    2c6a:	cb 01       	movw	r24, r22
    2c6c:	8f 83       	std	Y+7, r24	; 0x07
    2c6e:	98 87       	std	Y+8, r25	; 0x08
    2c70:	a9 87       	std	Y+9, r26	; 0x09
    2c72:	ba 87       	std	Y+10, r27	; 0x0a
	if (__tmp < 1.0)
    2c74:	6f 81       	ldd	r22, Y+7	; 0x07
    2c76:	78 85       	ldd	r23, Y+8	; 0x08
    2c78:	89 85       	ldd	r24, Y+9	; 0x09
    2c7a:	9a 85       	ldd	r25, Y+10	; 0x0a
    2c7c:	20 e0       	ldi	r18, 0x00	; 0
    2c7e:	30 e0       	ldi	r19, 0x00	; 0
    2c80:	40 e8       	ldi	r20, 0x80	; 128
    2c82:	5f e3       	ldi	r21, 0x3F	; 63
    2c84:	0e 94 79 03 	call	0x6f2	; 0x6f2 <__ltsf2>
    2c88:	88 23       	and	r24, r24
    2c8a:	2c f4       	brge	.+10     	; 0x2c96 <HLCD_vSendChar+0x17c>
		__ticks = 1;
    2c8c:	81 e0       	ldi	r24, 0x01	; 1
    2c8e:	90 e0       	ldi	r25, 0x00	; 0
    2c90:	9e 83       	std	Y+6, r25	; 0x06
    2c92:	8d 83       	std	Y+5, r24	; 0x05
    2c94:	3f c0       	rjmp	.+126    	; 0x2d14 <HLCD_vSendChar+0x1fa>
	else if (__tmp > 65535)
    2c96:	6f 81       	ldd	r22, Y+7	; 0x07
    2c98:	78 85       	ldd	r23, Y+8	; 0x08
    2c9a:	89 85       	ldd	r24, Y+9	; 0x09
    2c9c:	9a 85       	ldd	r25, Y+10	; 0x0a
    2c9e:	20 e0       	ldi	r18, 0x00	; 0
    2ca0:	3f ef       	ldi	r19, 0xFF	; 255
    2ca2:	4f e7       	ldi	r20, 0x7F	; 127
    2ca4:	57 e4       	ldi	r21, 0x47	; 71
    2ca6:	0e 94 19 03 	call	0x632	; 0x632 <__gtsf2>
    2caa:	18 16       	cp	r1, r24
    2cac:	4c f5       	brge	.+82     	; 0x2d00 <HLCD_vSendChar+0x1e6>
	{
		//	__ticks = requested delay in 1/10 ms
		__ticks = (uint16_t) (__ms * 10.0);
    2cae:	6b 85       	ldd	r22, Y+11	; 0x0b
    2cb0:	7c 85       	ldd	r23, Y+12	; 0x0c
    2cb2:	8d 85       	ldd	r24, Y+13	; 0x0d
    2cb4:	9e 85       	ldd	r25, Y+14	; 0x0e
    2cb6:	20 e0       	ldi	r18, 0x00	; 0
    2cb8:	30 e0       	ldi	r19, 0x00	; 0
    2cba:	40 e2       	ldi	r20, 0x20	; 32
    2cbc:	51 e4       	ldi	r21, 0x41	; 65
    2cbe:	0e 94 1f 02 	call	0x43e	; 0x43e <__mulsf3>
    2cc2:	dc 01       	movw	r26, r24
    2cc4:	cb 01       	movw	r24, r22
    2cc6:	bc 01       	movw	r22, r24
    2cc8:	cd 01       	movw	r24, r26
    2cca:	0e 94 49 00 	call	0x92	; 0x92 <__fixunssfsi>
    2cce:	dc 01       	movw	r26, r24
    2cd0:	cb 01       	movw	r24, r22
    2cd2:	9e 83       	std	Y+6, r25	; 0x06
    2cd4:	8d 83       	std	Y+5, r24	; 0x05
    2cd6:	0f c0       	rjmp	.+30     	; 0x2cf6 <HLCD_vSendChar+0x1dc>
    2cd8:	88 ec       	ldi	r24, 0xC8	; 200
    2cda:	90 e0       	ldi	r25, 0x00	; 0
    2cdc:	9c 83       	std	Y+4, r25	; 0x04
    2cde:	8b 83       	std	Y+3, r24	; 0x03
    2ce0:	8b 81       	ldd	r24, Y+3	; 0x03
    2ce2:	9c 81       	ldd	r25, Y+4	; 0x04
    2ce4:	01 97       	sbiw	r24, 0x01	; 1
    2ce6:	f1 f7       	brne	.-4      	; 0x2ce4 <HLCD_vSendChar+0x1ca>
    2ce8:	9c 83       	std	Y+4, r25	; 0x04
    2cea:	8b 83       	std	Y+3, r24	; 0x03
		while(__ticks)
		{
			// wait 1/10 ms
			_delay_loop_2(((F_CPU) / 4e3) / 10);
			__ticks --;
    2cec:	8d 81       	ldd	r24, Y+5	; 0x05
    2cee:	9e 81       	ldd	r25, Y+6	; 0x06
    2cf0:	01 97       	sbiw	r24, 0x01	; 1
    2cf2:	9e 83       	std	Y+6, r25	; 0x06
    2cf4:	8d 83       	std	Y+5, r24	; 0x05
		__ticks = 1;
	else if (__tmp > 65535)
	{
		//	__ticks = requested delay in 1/10 ms
		__ticks = (uint16_t) (__ms * 10.0);
		while(__ticks)
    2cf6:	8d 81       	ldd	r24, Y+5	; 0x05
    2cf8:	9e 81       	ldd	r25, Y+6	; 0x06
    2cfa:	00 97       	sbiw	r24, 0x00	; 0
    2cfc:	69 f7       	brne	.-38     	; 0x2cd8 <HLCD_vSendChar+0x1be>
    2cfe:	14 c0       	rjmp	.+40     	; 0x2d28 <HLCD_vSendChar+0x20e>
			__ticks --;
		}
		return;
	}
	else
		__ticks = (uint16_t)__tmp;
    2d00:	6f 81       	ldd	r22, Y+7	; 0x07
    2d02:	78 85       	ldd	r23, Y+8	; 0x08
    2d04:	89 85       	ldd	r24, Y+9	; 0x09
    2d06:	9a 85       	ldd	r25, Y+10	; 0x0a
    2d08:	0e 94 49 00 	call	0x92	; 0x92 <__fixunssfsi>
    2d0c:	dc 01       	movw	r26, r24
    2d0e:	cb 01       	movw	r24, r22
    2d10:	9e 83       	std	Y+6, r25	; 0x06
    2d12:	8d 83       	std	Y+5, r24	; 0x05
    2d14:	8d 81       	ldd	r24, Y+5	; 0x05
    2d16:	9e 81       	ldd	r25, Y+6	; 0x06
    2d18:	9a 83       	std	Y+2, r25	; 0x02
    2d1a:	89 83       	std	Y+1, r24	; 0x01
    2d1c:	89 81       	ldd	r24, Y+1	; 0x01
    2d1e:	9a 81       	ldd	r25, Y+2	; 0x02
    2d20:	01 97       	sbiw	r24, 0x01	; 1
    2d22:	f1 f7       	brne	.-4      	; 0x2d20 <HLCD_vSendChar+0x206>
    2d24:	9a 83       	std	Y+2, r25	; 0x02
    2d26:	89 83       	std	Y+1, r24	; 0x01
	_delay_ms(1);
}
    2d28:	6d 96       	adiw	r28, 0x1d	; 29
    2d2a:	0f b6       	in	r0, 0x3f	; 63
    2d2c:	f8 94       	cli
    2d2e:	de bf       	out	0x3e, r29	; 62
    2d30:	0f be       	out	0x3f, r0	; 63
    2d32:	cd bf       	out	0x3d, r28	; 61
    2d34:	cf 91       	pop	r28
    2d36:	df 91       	pop	r29
    2d38:	08 95       	ret

00002d3a <HLCD_vDisplayString>:

void HLCD_vDisplayString(const u8 A_s8Str[])
{
    2d3a:	df 93       	push	r29
    2d3c:	cf 93       	push	r28
    2d3e:	00 d0       	rcall	.+0      	; 0x2d40 <HLCD_vDisplayString+0x6>
    2d40:	0f 92       	push	r0
    2d42:	cd b7       	in	r28, 0x3d	; 61
    2d44:	de b7       	in	r29, 0x3e	; 62
    2d46:	9b 83       	std	Y+3, r25	; 0x03
    2d48:	8a 83       	std	Y+2, r24	; 0x02
	for(u8 L_u8index=0 ;A_s8Str[L_u8index] != '\0'; L_u8index++)
    2d4a:	19 82       	std	Y+1, r1	; 0x01
    2d4c:	0e c0       	rjmp	.+28     	; 0x2d6a <HLCD_vDisplayString+0x30>
	{
		HLCD_vSendChar(A_s8Str[L_u8index]);
    2d4e:	89 81       	ldd	r24, Y+1	; 0x01
    2d50:	28 2f       	mov	r18, r24
    2d52:	30 e0       	ldi	r19, 0x00	; 0
    2d54:	8a 81       	ldd	r24, Y+2	; 0x02
    2d56:	9b 81       	ldd	r25, Y+3	; 0x03
    2d58:	fc 01       	movw	r30, r24
    2d5a:	e2 0f       	add	r30, r18
    2d5c:	f3 1f       	adc	r31, r19
    2d5e:	80 81       	ld	r24, Z
    2d60:	0e 94 8d 15 	call	0x2b1a	; 0x2b1a <HLCD_vSendChar>
	_delay_ms(1);
}

void HLCD_vDisplayString(const u8 A_s8Str[])
{
	for(u8 L_u8index=0 ;A_s8Str[L_u8index] != '\0'; L_u8index++)
    2d64:	89 81       	ldd	r24, Y+1	; 0x01
    2d66:	8f 5f       	subi	r24, 0xFF	; 255
    2d68:	89 83       	std	Y+1, r24	; 0x01
    2d6a:	89 81       	ldd	r24, Y+1	; 0x01
    2d6c:	28 2f       	mov	r18, r24
    2d6e:	30 e0       	ldi	r19, 0x00	; 0
    2d70:	8a 81       	ldd	r24, Y+2	; 0x02
    2d72:	9b 81       	ldd	r25, Y+3	; 0x03
    2d74:	fc 01       	movw	r30, r24
    2d76:	e2 0f       	add	r30, r18
    2d78:	f3 1f       	adc	r31, r19
    2d7a:	80 81       	ld	r24, Z
    2d7c:	88 23       	and	r24, r24
    2d7e:	39 f7       	brne	.-50     	; 0x2d4e <HLCD_vDisplayString+0x14>
	{
		HLCD_vSendChar(A_s8Str[L_u8index]);
	}
}
    2d80:	0f 90       	pop	r0
    2d82:	0f 90       	pop	r0
    2d84:	0f 90       	pop	r0
    2d86:	cf 91       	pop	r28
    2d88:	df 91       	pop	r29
    2d8a:	08 95       	ret

00002d8c <HLCD_vPrintNumber>:
void HLCD_vPrintNumber(u32 A_u32Number)
{
    2d8c:	0f 93       	push	r16
    2d8e:	1f 93       	push	r17
    2d90:	df 93       	push	r29
    2d92:	cf 93       	push	r28
    2d94:	cd b7       	in	r28, 0x3d	; 61
    2d96:	de b7       	in	r29, 0x3e	; 62
    2d98:	60 97       	sbiw	r28, 0x10	; 16
    2d9a:	0f b6       	in	r0, 0x3f	; 63
    2d9c:	f8 94       	cli
    2d9e:	de bf       	out	0x3e, r29	; 62
    2da0:	0f be       	out	0x3f, r0	; 63
    2da2:	cd bf       	out	0x3d, r28	; 61
    2da4:	6d 87       	std	Y+13, r22	; 0x0d
    2da6:	7e 87       	std	Y+14, r23	; 0x0e
    2da8:	8f 87       	std	Y+15, r24	; 0x0f
    2daa:	98 8b       	std	Y+16, r25	; 0x10
	u8 L_u8index = 0;
    2dac:	1a 82       	std	Y+2, r1	; 0x02
	u8 L_u8digits[10] = {0};
    2dae:	8a e0       	ldi	r24, 0x0A	; 10
    2db0:	fe 01       	movw	r30, r28
    2db2:	33 96       	adiw	r30, 0x03	; 3
    2db4:	df 01       	movw	r26, r30
    2db6:	98 2f       	mov	r25, r24
    2db8:	1d 92       	st	X+, r1
    2dba:	9a 95       	dec	r25
    2dbc:	e9 f7       	brne	.-6      	; 0x2db8 <HLCD_vPrintNumber+0x2c>
    2dbe:	2e c0       	rjmp	.+92     	; 0x2e1c <HLCD_vPrintNumber+0x90>

	/* Extract digits */
	while(A_u32Number > 0)
	{
		L_u8digits[L_u8index] = A_u32Number%10 + '0';
    2dc0:	8a 81       	ldd	r24, Y+2	; 0x02
    2dc2:	08 2f       	mov	r16, r24
    2dc4:	10 e0       	ldi	r17, 0x00	; 0
    2dc6:	8d 85       	ldd	r24, Y+13	; 0x0d
    2dc8:	9e 85       	ldd	r25, Y+14	; 0x0e
    2dca:	af 85       	ldd	r26, Y+15	; 0x0f
    2dcc:	b8 89       	ldd	r27, Y+16	; 0x10
    2dce:	2a e0       	ldi	r18, 0x0A	; 10
    2dd0:	30 e0       	ldi	r19, 0x00	; 0
    2dd2:	40 e0       	ldi	r20, 0x00	; 0
    2dd4:	50 e0       	ldi	r21, 0x00	; 0
    2dd6:	bc 01       	movw	r22, r24
    2dd8:	cd 01       	movw	r24, r26
    2dda:	0e 94 3d 18 	call	0x307a	; 0x307a <__udivmodsi4>
    2dde:	dc 01       	movw	r26, r24
    2de0:	cb 01       	movw	r24, r22
    2de2:	28 2f       	mov	r18, r24
    2de4:	20 5d       	subi	r18, 0xD0	; 208
    2de6:	ce 01       	movw	r24, r28
    2de8:	03 96       	adiw	r24, 0x03	; 3
    2dea:	fc 01       	movw	r30, r24
    2dec:	e0 0f       	add	r30, r16
    2dee:	f1 1f       	adc	r31, r17
    2df0:	20 83       	st	Z, r18
		A_u32Number/=10;
    2df2:	8d 85       	ldd	r24, Y+13	; 0x0d
    2df4:	9e 85       	ldd	r25, Y+14	; 0x0e
    2df6:	af 85       	ldd	r26, Y+15	; 0x0f
    2df8:	b8 89       	ldd	r27, Y+16	; 0x10
    2dfa:	2a e0       	ldi	r18, 0x0A	; 10
    2dfc:	30 e0       	ldi	r19, 0x00	; 0
    2dfe:	40 e0       	ldi	r20, 0x00	; 0
    2e00:	50 e0       	ldi	r21, 0x00	; 0
    2e02:	bc 01       	movw	r22, r24
    2e04:	cd 01       	movw	r24, r26
    2e06:	0e 94 3d 18 	call	0x307a	; 0x307a <__udivmodsi4>
    2e0a:	da 01       	movw	r26, r20
    2e0c:	c9 01       	movw	r24, r18
    2e0e:	8d 87       	std	Y+13, r24	; 0x0d
    2e10:	9e 87       	std	Y+14, r25	; 0x0e
    2e12:	af 87       	std	Y+15, r26	; 0x0f
    2e14:	b8 8b       	std	Y+16, r27	; 0x10
		L_u8index++;
    2e16:	8a 81       	ldd	r24, Y+2	; 0x02
    2e18:	8f 5f       	subi	r24, 0xFF	; 255
    2e1a:	8a 83       	std	Y+2, r24	; 0x02
{
	u8 L_u8index = 0;
	u8 L_u8digits[10] = {0};

	/* Extract digits */
	while(A_u32Number > 0)
    2e1c:	8d 85       	ldd	r24, Y+13	; 0x0d
    2e1e:	9e 85       	ldd	r25, Y+14	; 0x0e
    2e20:	af 85       	ldd	r26, Y+15	; 0x0f
    2e22:	b8 89       	ldd	r27, Y+16	; 0x10
    2e24:	00 97       	sbiw	r24, 0x00	; 0
    2e26:	a1 05       	cpc	r26, r1
    2e28:	b1 05       	cpc	r27, r1
    2e2a:	51 f6       	brne	.-108    	; 0x2dc0 <HLCD_vPrintNumber+0x34>
	{
		L_u8digits[L_u8index] = A_u32Number%10 + '0';
		A_u32Number/=10;
		L_u8index++;
	}
	for(s8 L_u8index = 9; L_u8index >= 0; L_u8index--)
    2e2c:	89 e0       	ldi	r24, 0x09	; 9
    2e2e:	89 83       	std	Y+1, r24	; 0x01
    2e30:	1d c0       	rjmp	.+58     	; 0x2e6c <HLCD_vPrintNumber+0xe0>
	{
		if(L_u8digits[L_u8index] == 0) continue;
    2e32:	89 81       	ldd	r24, Y+1	; 0x01
    2e34:	28 2f       	mov	r18, r24
    2e36:	33 27       	eor	r19, r19
    2e38:	27 fd       	sbrc	r18, 7
    2e3a:	30 95       	com	r19
    2e3c:	ce 01       	movw	r24, r28
    2e3e:	03 96       	adiw	r24, 0x03	; 3
    2e40:	fc 01       	movw	r30, r24
    2e42:	e2 0f       	add	r30, r18
    2e44:	f3 1f       	adc	r31, r19
    2e46:	80 81       	ld	r24, Z
    2e48:	88 23       	and	r24, r24
    2e4a:	69 f0       	breq	.+26     	; 0x2e66 <HLCD_vPrintNumber+0xda>
		HLCD_vSendChar(L_u8digits[L_u8index]);
    2e4c:	89 81       	ldd	r24, Y+1	; 0x01
    2e4e:	28 2f       	mov	r18, r24
    2e50:	33 27       	eor	r19, r19
    2e52:	27 fd       	sbrc	r18, 7
    2e54:	30 95       	com	r19
    2e56:	ce 01       	movw	r24, r28
    2e58:	03 96       	adiw	r24, 0x03	; 3
    2e5a:	fc 01       	movw	r30, r24
    2e5c:	e2 0f       	add	r30, r18
    2e5e:	f3 1f       	adc	r31, r19
    2e60:	80 81       	ld	r24, Z
    2e62:	0e 94 8d 15 	call	0x2b1a	; 0x2b1a <HLCD_vSendChar>
	{
		L_u8digits[L_u8index] = A_u32Number%10 + '0';
		A_u32Number/=10;
		L_u8index++;
	}
	for(s8 L_u8index = 9; L_u8index >= 0; L_u8index--)
    2e66:	89 81       	ldd	r24, Y+1	; 0x01
    2e68:	81 50       	subi	r24, 0x01	; 1
    2e6a:	89 83       	std	Y+1, r24	; 0x01
    2e6c:	89 81       	ldd	r24, Y+1	; 0x01
    2e6e:	88 23       	and	r24, r24
    2e70:	04 f7       	brge	.-64     	; 0x2e32 <HLCD_vPrintNumber+0xa6>
	{
		if(L_u8digits[L_u8index] == 0) continue;
		HLCD_vSendChar(L_u8digits[L_u8index]);
	}

}
    2e72:	60 96       	adiw	r28, 0x10	; 16
    2e74:	0f b6       	in	r0, 0x3f	; 63
    2e76:	f8 94       	cli
    2e78:	de bf       	out	0x3e, r29	; 62
    2e7a:	0f be       	out	0x3f, r0	; 63
    2e7c:	cd bf       	out	0x3d, r28	; 61
    2e7e:	cf 91       	pop	r28
    2e80:	df 91       	pop	r29
    2e82:	1f 91       	pop	r17
    2e84:	0f 91       	pop	r16
    2e86:	08 95       	ret

00002e88 <HLCD_vSetCursorPosition>:
void HLCD_vSetCursorPosition(u8 A_u8Row, u8 A_u8Col)
{
    2e88:	df 93       	push	r29
    2e8a:	cf 93       	push	r28
    2e8c:	00 d0       	rcall	.+0      	; 0x2e8e <HLCD_vSetCursorPosition+0x6>
    2e8e:	00 d0       	rcall	.+0      	; 0x2e90 <HLCD_vSetCursorPosition+0x8>
    2e90:	cd b7       	in	r28, 0x3d	; 61
    2e92:	de b7       	in	r29, 0x3e	; 62
    2e94:	89 83       	std	Y+1, r24	; 0x01
    2e96:	6a 83       	std	Y+2, r22	; 0x02

    if (A_u8Row > 1 || A_u8Col > 15)
    2e98:	89 81       	ldd	r24, Y+1	; 0x01
    2e9a:	82 30       	cpi	r24, 0x02	; 2
    2e9c:	d8 f4       	brcc	.+54     	; 0x2ed4 <HLCD_vSetCursorPosition+0x4c>
    2e9e:	8a 81       	ldd	r24, Y+2	; 0x02
    2ea0:	80 31       	cpi	r24, 0x10	; 16
    2ea2:	c0 f4       	brcc	.+48     	; 0x2ed4 <HLCD_vSetCursorPosition+0x4c>
    {
        return;
    }

	switch(A_u8Row){
    2ea4:	89 81       	ldd	r24, Y+1	; 0x01
    2ea6:	28 2f       	mov	r18, r24
    2ea8:	30 e0       	ldi	r19, 0x00	; 0
    2eaa:	3c 83       	std	Y+4, r19	; 0x04
    2eac:	2b 83       	std	Y+3, r18	; 0x03
    2eae:	8b 81       	ldd	r24, Y+3	; 0x03
    2eb0:	9c 81       	ldd	r25, Y+4	; 0x04
    2eb2:	00 97       	sbiw	r24, 0x00	; 0
    2eb4:	31 f0       	breq	.+12     	; 0x2ec2 <HLCD_vSetCursorPosition+0x3a>
    2eb6:	2b 81       	ldd	r18, Y+3	; 0x03
    2eb8:	3c 81       	ldd	r19, Y+4	; 0x04
    2eba:	21 30       	cpi	r18, 0x01	; 1
    2ebc:	31 05       	cpc	r19, r1
    2ebe:	31 f0       	breq	.+12     	; 0x2ecc <HLCD_vSetCursorPosition+0x44>
    2ec0:	09 c0       	rjmp	.+18     	; 0x2ed4 <HLCD_vSetCursorPosition+0x4c>
	case 0:
		// DDRAM base address + col number
		HLCD_vSendCmd(DDRAM_BASE_ADDR_R0 + A_u8Col);
    2ec2:	8a 81       	ldd	r24, Y+2	; 0x02
    2ec4:	80 58       	subi	r24, 0x80	; 128
    2ec6:	0e 94 7d 14 	call	0x28fa	; 0x28fa <HLCD_vSendCmd>
    2eca:	04 c0       	rjmp	.+8      	; 0x2ed4 <HLCD_vSetCursorPosition+0x4c>
		break;
	case 1:
		HLCD_vSendCmd(DDRAM_BASE_ADDR_R1 + A_u8Col);
    2ecc:	8a 81       	ldd	r24, Y+2	; 0x02
    2ece:	80 54       	subi	r24, 0x40	; 64
    2ed0:	0e 94 7d 14 	call	0x28fa	; 0x28fa <HLCD_vSendCmd>
		break;
	}
}
    2ed4:	0f 90       	pop	r0
    2ed6:	0f 90       	pop	r0
    2ed8:	0f 90       	pop	r0
    2eda:	0f 90       	pop	r0
    2edc:	cf 91       	pop	r28
    2ede:	df 91       	pop	r29
    2ee0:	08 95       	ret

00002ee2 <HLCD_vClearScreen>:

void HLCD_vClearScreen(void) {
    2ee2:	df 93       	push	r29
    2ee4:	cf 93       	push	r28
    2ee6:	cd b7       	in	r28, 0x3d	; 61
    2ee8:	de b7       	in	r29, 0x3e	; 62
	HLCD_vSendCmd(0x01);
    2eea:	81 e0       	ldi	r24, 0x01	; 1
    2eec:	0e 94 7d 14 	call	0x28fa	; 0x28fa <HLCD_vSendCmd>
}
    2ef0:	cf 91       	pop	r28
    2ef2:	df 91       	pop	r29
    2ef4:	08 95       	ret

00002ef6 <HLCD_vWriteCGRAM>:



void HLCD_vWriteCGRAM(u8 A_u8PatternIdx, u8* A_u8PatternValue)
{
    2ef6:	df 93       	push	r29
    2ef8:	cf 93       	push	r28
    2efa:	00 d0       	rcall	.+0      	; 0x2efc <HLCD_vWriteCGRAM+0x6>
    2efc:	00 d0       	rcall	.+0      	; 0x2efe <HLCD_vWriteCGRAM+0x8>
    2efe:	00 d0       	rcall	.+0      	; 0x2f00 <HLCD_vWriteCGRAM+0xa>
    2f00:	cd b7       	in	r28, 0x3d	; 61
    2f02:	de b7       	in	r29, 0x3e	; 62
    2f04:	8a 83       	std	Y+2, r24	; 0x02
    2f06:	7c 83       	std	Y+4, r23	; 0x04
    2f08:	6b 83       	std	Y+3, r22	; 0x03
	u8 L_u8Iterator;

	switch(A_u8PatternIdx)
    2f0a:	8a 81       	ldd	r24, Y+2	; 0x02
    2f0c:	28 2f       	mov	r18, r24
    2f0e:	30 e0       	ldi	r19, 0x00	; 0
    2f10:	3e 83       	std	Y+6, r19	; 0x06
    2f12:	2d 83       	std	Y+5, r18	; 0x05
    2f14:	8d 81       	ldd	r24, Y+5	; 0x05
    2f16:	9e 81       	ldd	r25, Y+6	; 0x06
    2f18:	83 30       	cpi	r24, 0x03	; 3
    2f1a:	91 05       	cpc	r25, r1
    2f1c:	a9 f1       	breq	.+106    	; 0x2f88 <HLCD_vWriteCGRAM+0x92>
    2f1e:	2d 81       	ldd	r18, Y+5	; 0x05
    2f20:	3e 81       	ldd	r19, Y+6	; 0x06
    2f22:	24 30       	cpi	r18, 0x04	; 4
    2f24:	31 05       	cpc	r19, r1
    2f26:	7c f4       	brge	.+30     	; 0x2f46 <HLCD_vWriteCGRAM+0x50>
    2f28:	8d 81       	ldd	r24, Y+5	; 0x05
    2f2a:	9e 81       	ldd	r25, Y+6	; 0x06
    2f2c:	81 30       	cpi	r24, 0x01	; 1
    2f2e:	91 05       	cpc	r25, r1
    2f30:	19 f1       	breq	.+70     	; 0x2f78 <HLCD_vWriteCGRAM+0x82>
    2f32:	2d 81       	ldd	r18, Y+5	; 0x05
    2f34:	3e 81       	ldd	r19, Y+6	; 0x06
    2f36:	22 30       	cpi	r18, 0x02	; 2
    2f38:	31 05       	cpc	r19, r1
    2f3a:	14 f5       	brge	.+68     	; 0x2f80 <HLCD_vWriteCGRAM+0x8a>
    2f3c:	8d 81       	ldd	r24, Y+5	; 0x05
    2f3e:	9e 81       	ldd	r25, Y+6	; 0x06
    2f40:	00 97       	sbiw	r24, 0x00	; 0
    2f42:	b1 f0       	breq	.+44     	; 0x2f70 <HLCD_vWriteCGRAM+0x7a>
    2f44:	47 c0       	rjmp	.+142    	; 0x2fd4 <HLCD_vWriteCGRAM+0xde>
    2f46:	2d 81       	ldd	r18, Y+5	; 0x05
    2f48:	3e 81       	ldd	r19, Y+6	; 0x06
    2f4a:	25 30       	cpi	r18, 0x05	; 5
    2f4c:	31 05       	cpc	r19, r1
    2f4e:	21 f1       	breq	.+72     	; 0x2f98 <HLCD_vWriteCGRAM+0xa2>
    2f50:	8d 81       	ldd	r24, Y+5	; 0x05
    2f52:	9e 81       	ldd	r25, Y+6	; 0x06
    2f54:	85 30       	cpi	r24, 0x05	; 5
    2f56:	91 05       	cpc	r25, r1
    2f58:	dc f0       	brlt	.+54     	; 0x2f90 <HLCD_vWriteCGRAM+0x9a>
    2f5a:	2d 81       	ldd	r18, Y+5	; 0x05
    2f5c:	3e 81       	ldd	r19, Y+6	; 0x06
    2f5e:	26 30       	cpi	r18, 0x06	; 6
    2f60:	31 05       	cpc	r19, r1
    2f62:	f1 f0       	breq	.+60     	; 0x2fa0 <HLCD_vWriteCGRAM+0xaa>
    2f64:	8d 81       	ldd	r24, Y+5	; 0x05
    2f66:	9e 81       	ldd	r25, Y+6	; 0x06
    2f68:	87 30       	cpi	r24, 0x07	; 7
    2f6a:	91 05       	cpc	r25, r1
    2f6c:	e9 f0       	breq	.+58     	; 0x2fa8 <HLCD_vWriteCGRAM+0xb2>
    2f6e:	32 c0       	rjmp	.+100    	; 0x2fd4 <HLCD_vWriteCGRAM+0xde>
	{
    case 0: HLCD_vSendCmd(0x40); break;
    2f70:	80 e4       	ldi	r24, 0x40	; 64
    2f72:	0e 94 7d 14 	call	0x28fa	; 0x28fa <HLCD_vSendCmd>
    2f76:	1b c0       	rjmp	.+54     	; 0x2fae <HLCD_vWriteCGRAM+0xb8>
    case 1: HLCD_vSendCmd(0x48); break;
    2f78:	88 e4       	ldi	r24, 0x48	; 72
    2f7a:	0e 94 7d 14 	call	0x28fa	; 0x28fa <HLCD_vSendCmd>
    2f7e:	17 c0       	rjmp	.+46     	; 0x2fae <HLCD_vWriteCGRAM+0xb8>
    case 2: HLCD_vSendCmd(0x50); break;
    2f80:	80 e5       	ldi	r24, 0x50	; 80
    2f82:	0e 94 7d 14 	call	0x28fa	; 0x28fa <HLCD_vSendCmd>
    2f86:	13 c0       	rjmp	.+38     	; 0x2fae <HLCD_vWriteCGRAM+0xb8>
    case 3: HLCD_vSendCmd(0x58); break;
    2f88:	88 e5       	ldi	r24, 0x58	; 88
    2f8a:	0e 94 7d 14 	call	0x28fa	; 0x28fa <HLCD_vSendCmd>
    2f8e:	0f c0       	rjmp	.+30     	; 0x2fae <HLCD_vWriteCGRAM+0xb8>
    case 4: HLCD_vSendCmd(0x60); break;
    2f90:	80 e6       	ldi	r24, 0x60	; 96
    2f92:	0e 94 7d 14 	call	0x28fa	; 0x28fa <HLCD_vSendCmd>
    2f96:	0b c0       	rjmp	.+22     	; 0x2fae <HLCD_vWriteCGRAM+0xb8>
    case 5: HLCD_vSendCmd(0x68); break;
    2f98:	88 e6       	ldi	r24, 0x68	; 104
    2f9a:	0e 94 7d 14 	call	0x28fa	; 0x28fa <HLCD_vSendCmd>
    2f9e:	07 c0       	rjmp	.+14     	; 0x2fae <HLCD_vWriteCGRAM+0xb8>
    case 6: HLCD_vSendCmd(0x70); break;
    2fa0:	80 e7       	ldi	r24, 0x70	; 112
    2fa2:	0e 94 7d 14 	call	0x28fa	; 0x28fa <HLCD_vSendCmd>
    2fa6:	03 c0       	rjmp	.+6      	; 0x2fae <HLCD_vWriteCGRAM+0xb8>
    case 7: HLCD_vSendCmd(0x78); break;
    2fa8:	88 e7       	ldi	r24, 0x78	; 120
    2faa:	0e 94 7d 14 	call	0x28fa	; 0x28fa <HLCD_vSendCmd>
    	return;
	}

	//Write Patterns

	for(L_u8Iterator= 0; L_u8Iterator<8;L_u8Iterator++)
    2fae:	19 82       	std	Y+1, r1	; 0x01
    2fb0:	0e c0       	rjmp	.+28     	; 0x2fce <HLCD_vWriteCGRAM+0xd8>
	{
		HLCD_vSendChar(A_u8PatternValue[L_u8Iterator]);
    2fb2:	89 81       	ldd	r24, Y+1	; 0x01
    2fb4:	28 2f       	mov	r18, r24
    2fb6:	30 e0       	ldi	r19, 0x00	; 0
    2fb8:	8b 81       	ldd	r24, Y+3	; 0x03
    2fba:	9c 81       	ldd	r25, Y+4	; 0x04
    2fbc:	fc 01       	movw	r30, r24
    2fbe:	e2 0f       	add	r30, r18
    2fc0:	f3 1f       	adc	r31, r19
    2fc2:	80 81       	ld	r24, Z
    2fc4:	0e 94 8d 15 	call	0x2b1a	; 0x2b1a <HLCD_vSendChar>
    	return;
	}

	//Write Patterns

	for(L_u8Iterator= 0; L_u8Iterator<8;L_u8Iterator++)
    2fc8:	89 81       	ldd	r24, Y+1	; 0x01
    2fca:	8f 5f       	subi	r24, 0xFF	; 255
    2fcc:	89 83       	std	Y+1, r24	; 0x01
    2fce:	89 81       	ldd	r24, Y+1	; 0x01
    2fd0:	88 30       	cpi	r24, 0x08	; 8
    2fd2:	78 f3       	brcs	.-34     	; 0x2fb2 <HLCD_vWriteCGRAM+0xbc>
	{
		HLCD_vSendChar(A_u8PatternValue[L_u8Iterator]);
	}
}
    2fd4:	26 96       	adiw	r28, 0x06	; 6
    2fd6:	0f b6       	in	r0, 0x3f	; 63
    2fd8:	f8 94       	cli
    2fda:	de bf       	out	0x3e, r29	; 62
    2fdc:	0f be       	out	0x3f, r0	; 63
    2fde:	cd bf       	out	0x3d, r28	; 61
    2fe0:	cf 91       	pop	r28
    2fe2:	df 91       	pop	r29
    2fe4:	08 95       	ret

00002fe6 <HLCD_vDisplayCGRAM>:


void HLCD_vDisplayCGRAM(u8 A_u8PatternIdx, u8 A_u8Row, u8 A_u8Col)
{
    2fe6:	df 93       	push	r29
    2fe8:	cf 93       	push	r28
    2fea:	00 d0       	rcall	.+0      	; 0x2fec <HLCD_vDisplayCGRAM+0x6>
    2fec:	0f 92       	push	r0
    2fee:	cd b7       	in	r28, 0x3d	; 61
    2ff0:	de b7       	in	r29, 0x3e	; 62
    2ff2:	89 83       	std	Y+1, r24	; 0x01
    2ff4:	6a 83       	std	Y+2, r22	; 0x02
    2ff6:	4b 83       	std	Y+3, r20	; 0x03
    if((A_u8PatternIdx > 7) || (A_u8Row > 1) || (A_u8Col > 15))
    2ff8:	89 81       	ldd	r24, Y+1	; 0x01
    2ffa:	88 30       	cpi	r24, 0x08	; 8
    2ffc:	68 f4       	brcc	.+26     	; 0x3018 <HLCD_vDisplayCGRAM+0x32>
    2ffe:	8a 81       	ldd	r24, Y+2	; 0x02
    3000:	82 30       	cpi	r24, 0x02	; 2
    3002:	50 f4       	brcc	.+20     	; 0x3018 <HLCD_vDisplayCGRAM+0x32>
    3004:	8b 81       	ldd	r24, Y+3	; 0x03
    3006:	80 31       	cpi	r24, 0x10	; 16
    3008:	38 f4       	brcc	.+14     	; 0x3018 <HLCD_vDisplayCGRAM+0x32>
    {
        return;
    }

    HLCD_vSetCursorPosition(A_u8Row, A_u8Col);
    300a:	8a 81       	ldd	r24, Y+2	; 0x02
    300c:	6b 81       	ldd	r22, Y+3	; 0x03
    300e:	0e 94 44 17 	call	0x2e88	; 0x2e88 <HLCD_vSetCursorPosition>
    HLCD_vSendChar(A_u8PatternIdx);
    3012:	89 81       	ldd	r24, Y+1	; 0x01
    3014:	0e 94 8d 15 	call	0x2b1a	; 0x2b1a <HLCD_vSendChar>
}
    3018:	0f 90       	pop	r0
    301a:	0f 90       	pop	r0
    301c:	0f 90       	pop	r0
    301e:	cf 91       	pop	r28
    3020:	df 91       	pop	r29
    3022:	08 95       	ret

00003024 <toggleLED>:
#include "../MCAL/DIO/DIO_int.h"
#include "../MCAL/GIE/GIE_int.h"


void toggleLED(void)
{
    3024:	df 93       	push	r29
    3026:	cf 93       	push	r28
    3028:	cd b7       	in	r28, 0x3d	; 61
    302a:	de b7       	in	r29, 0x3e	; 62
	MDIO_vTogPinVal(DIO_PORTA, DIO_PIN0);
    302c:	80 e0       	ldi	r24, 0x00	; 0
    302e:	60 e0       	ldi	r22, 0x00	; 0
    3030:	0e 94 f9 0b 	call	0x17f2	; 0x17f2 <MDIO_vTogPinVal>
}
    3034:	cf 91       	pop	r28
    3036:	df 91       	pop	r29
    3038:	08 95       	ret

0000303a <main>:
int main()
{
    303a:	df 93       	push	r29
    303c:	cf 93       	push	r28
    303e:	cd b7       	in	r28, 0x3d	; 61
    3040:	de b7       	in	r29, 0x3e	; 62
	MDIO_vInit();
    3042:	0e 94 ae 08 	call	0x115c	; 0x115c <MDIO_vInit>

	MDIO_vSetPinDir(DIO_PORTA,DIO_PIN0,DIO_OUTPUT);
    3046:	80 e0       	ldi	r24, 0x00	; 0
    3048:	60 e0       	ldi	r22, 0x00	; 0
    304a:	41 e0       	ldi	r20, 0x01	; 1
    304c:	0e 94 cd 08 	call	0x119a	; 0x119a <MDIO_vSetPinDir>

	MGIE_vEnableGlobalInterrupt();
    3050:	0e 94 ad 07 	call	0xf5a	; 0xf5a <MGIE_vEnableGlobalInterrupt>

	MTIMERS_vInit();
    3054:	0e 94 a3 05 	call	0xb46	; 0xb46 <MTIMERS_vInit>
	MTIMERS_vSetPreloadValue(TIM_0,192);
    3058:	80 e0       	ldi	r24, 0x00	; 0
    305a:	60 ec       	ldi	r22, 0xC0	; 192
    305c:	70 e0       	ldi	r23, 0x00	; 0
    305e:	0e 94 fa 05 	call	0xbf4	; 0xbf4 <MTIMERS_vSetPreloadValue>

	MTIMERS_vSetInterval_OVF(toggleLED, 3907);
    3062:	82 e1       	ldi	r24, 0x12	; 18
    3064:	98 e1       	ldi	r25, 0x18	; 24
    3066:	43 e4       	ldi	r20, 0x43	; 67
    3068:	5f e0       	ldi	r21, 0x0F	; 15
    306a:	60 e0       	ldi	r22, 0x00	; 0
    306c:	70 e0       	ldi	r23, 0x00	; 0
    306e:	0e 94 8d 06 	call	0xd1a	; 0xd1a <MTIMERS_vSetInterval_OVF>

	MTIMERS_vStartTimer(TIM_0);
    3072:	80 e0       	ldi	r24, 0x00	; 0
    3074:	0e 94 d1 05 	call	0xba2	; 0xba2 <MTIMERS_vStartTimer>
    3078:	ff cf       	rjmp	.-2      	; 0x3078 <main+0x3e>

0000307a <__udivmodsi4>:
    307a:	a1 e2       	ldi	r26, 0x21	; 33
    307c:	1a 2e       	mov	r1, r26
    307e:	aa 1b       	sub	r26, r26
    3080:	bb 1b       	sub	r27, r27
    3082:	fd 01       	movw	r30, r26
    3084:	0d c0       	rjmp	.+26     	; 0x30a0 <__udivmodsi4_ep>

00003086 <__udivmodsi4_loop>:
    3086:	aa 1f       	adc	r26, r26
    3088:	bb 1f       	adc	r27, r27
    308a:	ee 1f       	adc	r30, r30
    308c:	ff 1f       	adc	r31, r31
    308e:	a2 17       	cp	r26, r18
    3090:	b3 07       	cpc	r27, r19
    3092:	e4 07       	cpc	r30, r20
    3094:	f5 07       	cpc	r31, r21
    3096:	20 f0       	brcs	.+8      	; 0x30a0 <__udivmodsi4_ep>
    3098:	a2 1b       	sub	r26, r18
    309a:	b3 0b       	sbc	r27, r19
    309c:	e4 0b       	sbc	r30, r20
    309e:	f5 0b       	sbc	r31, r21

000030a0 <__udivmodsi4_ep>:
    30a0:	66 1f       	adc	r22, r22
    30a2:	77 1f       	adc	r23, r23
    30a4:	88 1f       	adc	r24, r24
    30a6:	99 1f       	adc	r25, r25
    30a8:	1a 94       	dec	r1
    30aa:	69 f7       	brne	.-38     	; 0x3086 <__udivmodsi4_loop>
    30ac:	60 95       	com	r22
    30ae:	70 95       	com	r23
    30b0:	80 95       	com	r24
    30b2:	90 95       	com	r25
    30b4:	9b 01       	movw	r18, r22
    30b6:	ac 01       	movw	r20, r24
    30b8:	bd 01       	movw	r22, r26
    30ba:	cf 01       	movw	r24, r30
    30bc:	08 95       	ret

000030be <__prologue_saves__>:
    30be:	2f 92       	push	r2
    30c0:	3f 92       	push	r3
    30c2:	4f 92       	push	r4
    30c4:	5f 92       	push	r5
    30c6:	6f 92       	push	r6
    30c8:	7f 92       	push	r7
    30ca:	8f 92       	push	r8
    30cc:	9f 92       	push	r9
    30ce:	af 92       	push	r10
    30d0:	bf 92       	push	r11
    30d2:	cf 92       	push	r12
    30d4:	df 92       	push	r13
    30d6:	ef 92       	push	r14
    30d8:	ff 92       	push	r15
    30da:	0f 93       	push	r16
    30dc:	1f 93       	push	r17
    30de:	cf 93       	push	r28
    30e0:	df 93       	push	r29
    30e2:	cd b7       	in	r28, 0x3d	; 61
    30e4:	de b7       	in	r29, 0x3e	; 62
    30e6:	ca 1b       	sub	r28, r26
    30e8:	db 0b       	sbc	r29, r27
    30ea:	0f b6       	in	r0, 0x3f	; 63
    30ec:	f8 94       	cli
    30ee:	de bf       	out	0x3e, r29	; 62
    30f0:	0f be       	out	0x3f, r0	; 63
    30f2:	cd bf       	out	0x3d, r28	; 61
    30f4:	09 94       	ijmp

000030f6 <__epilogue_restores__>:
    30f6:	2a 88       	ldd	r2, Y+18	; 0x12
    30f8:	39 88       	ldd	r3, Y+17	; 0x11
    30fa:	48 88       	ldd	r4, Y+16	; 0x10
    30fc:	5f 84       	ldd	r5, Y+15	; 0x0f
    30fe:	6e 84       	ldd	r6, Y+14	; 0x0e
    3100:	7d 84       	ldd	r7, Y+13	; 0x0d
    3102:	8c 84       	ldd	r8, Y+12	; 0x0c
    3104:	9b 84       	ldd	r9, Y+11	; 0x0b
    3106:	aa 84       	ldd	r10, Y+10	; 0x0a
    3108:	b9 84       	ldd	r11, Y+9	; 0x09
    310a:	c8 84       	ldd	r12, Y+8	; 0x08
    310c:	df 80       	ldd	r13, Y+7	; 0x07
    310e:	ee 80       	ldd	r14, Y+6	; 0x06
    3110:	fd 80       	ldd	r15, Y+5	; 0x05
    3112:	0c 81       	ldd	r16, Y+4	; 0x04
    3114:	1b 81       	ldd	r17, Y+3	; 0x03
    3116:	aa 81       	ldd	r26, Y+2	; 0x02
    3118:	b9 81       	ldd	r27, Y+1	; 0x01
    311a:	ce 0f       	add	r28, r30
    311c:	d1 1d       	adc	r29, r1
    311e:	0f b6       	in	r0, 0x3f	; 63
    3120:	f8 94       	cli
    3122:	de bf       	out	0x3e, r29	; 62
    3124:	0f be       	out	0x3f, r0	; 63
    3126:	cd bf       	out	0x3d, r28	; 61
    3128:	ed 01       	movw	r28, r26
    312a:	08 95       	ret

0000312c <_exit>:
    312c:	f8 94       	cli

0000312e <__stop_program>:
    312e:	ff cf       	rjmp	.-2      	; 0x312e <__stop_program>
